date,rank_return,rank_alpha,algo_id,algo_type,name,ytd_pct,spy_pct,alpha_pct,equity,beat_spy,days_running
2026-04-12,1,1,baileymol,normal,Algo Baileymol (Chaos Monger),4.02,-1.99,6.01,104019.92,True,66
2026-04-12,2,2,faber,normal,Faber Momentum Rotation,3.85,-1.99,5.84,103846.61,True,66
2026-04-12,3,3,dmsr,normal,Antonacci Dual Momentum Sector Rotation,1.85,-1.99,3.85,101854.19,True,66
2026-04-12,4,4,airport-shopping-spree,crazy,Airport Shopping Spree,0.0,-1.99,1.99,100000.0,True,67
2026-04-12,5,5,calls311,crazy,311 Call Rotation,0.0,-1.99,1.99,100000.0,True,67
2026-04-12,6,6,cardboard,crazy,Cardboard Box Index,0.0,-1.99,1.99,100000.0,True,67
2026-04-12,7,7,cloud-storage-demand-surge,crazy,Cloud Storage Demand Surge,0.0,-1.99,1.99,100000.0,True,66
2026-04-12,8,8,congress,crazy,Congress Trading Fade,0.0,-1.99,1.99,100000.0,True,67
2026-04-12,9,9,craigslist,crazy,Craigslist Desperation Index,0.0,-1.99,1.99,100000.0,True,67
2026-04-12,10,10,crypto-derivative-arbitrage,crazy,Crypto Derivative Arbitrage,0.0,-1.99,1.99,100000.0,True,66
2026-04-12,11,11,earthquake-energy-demand,crazy,Earthquake Energy Demand Indicator,0.0,-1.99,1.99,100000.0,True,66
2026-04-12,12,12,electric-vehicle-charge-station-density,crazy,Electric Vehicle Charge Station Density,0.0,-1.99,1.99,100000.0,True,66
2026-04-12,13,13,glassdoor,crazy,Glassdoor Misery Gradient,0.0,-1.99,1.99,100000.0,True,67
2026-04-12,14,14,insider-trading-signals,crazy,Insider Trading Signals,0.0,-1.99,1.99,100000.0,True,66
2026-04-12,15,15,linkedin,crazy,LinkedIn Layoff Propagation,0.0,-1.99,1.99,100000.0,True,67
2026-04-12,16,16,liquor,crazy,Liquor Store Leading Indicator,0.0,-1.99,1.99,100000.0,True,67
2026-04-12,17,17,online-ad-impression-volatility,crazy,Online Ad Impression Volatility Trader,0.0,-1.99,1.99,100000.0,True,66
2026-04-12,18,18,pet-food-supply-chain,crazy,Pet Food Supply Chain Disruption,0.0,-1.99,1.99,100000.0,True,66
2026-04-12,19,19,reddit-emoji-sentiment-spike,crazy,Reddit Emoji Sentiment Spike,0.0,-1.99,1.99,100000.0,True,66
2026-04-12,20,20,reddit-gaming-thread-spike,crazy,Reddit Gaming Thread Spike,0.0,-1.99,1.99,100000.0,True,67
2026-04-12,21,21,reddit-mentions-volatility-spike,crazy,Reddit Mentions Volatility Spike,0.0,-1.99,1.99,100000.0,True,66
2026-04-12,22,22,reddit-sentiment-spike-trend,crazy,Reddit Sentiment Spike Trend,0.0,-1.99,1.99,100000.0,True,66
2026-04-12,23,23,reddit-sentiment-spike,crazy,Reddit Sentiment Spike,0.0,-1.99,1.99,100000.0,True,66
2026-04-12,24,24,reddit-sentiment-volatility-spike,crazy,Reddit Sentiment Volatility Spike,0.0,-1.99,1.99,100000.0,True,66
2026-04-12,25,25,reddit-subreddit-mention-spike,crazy,Reddit Subreddit Mention Spike,0.0,-1.99,1.99,100000.0,True,66
2026-04-12,26,26,reddit-subreddit-sentiment-spike,crazy,Reddit Subreddit Sentiment Spike,0.0,-1.99,1.99,100000.0,True,66
2026-04-12,27,27,reddit-subreddit-surge-momentum,crazy,Reddit Subreddit Surge Momentum,0.0,-1.99,1.99,100000.0,True,66
2026-04-12,28,28,reddit-volatility-spike,crazy,Reddit Volatility Spike,0.0,-1.99,1.99,100000.0,True,66
2026-04-12,29,29,social-media-sentiment-spike,crazy,Social Media Sentiment Spike,0.0,-1.99,1.99,100000.0,True,66
2026-04-12,30,30,superbowl-futures-trade,crazy,Superbowl Futures Trade,0.0,-1.99,1.99,100000.0,True,66
2026-04-12,31,31,tsa,crazy,TSA Body Count,0.0,-1.99,1.99,100000.0,True,67
2026-04-12,32,32,twitter-sentiment-spike,crazy,Twitter Sentiment Spike,0.0,-1.99,1.99,100000.0,True,66
2026-04-12,33,33,volatility-spike-follow-through,crazy,Volatility Spike Follow-Through,0.0,-1.99,1.99,100000.0,True,66
2026-04-12,34,34,weather-volatility-spike,crazy,Weather Volatility Spike,0.0,-1.99,1.99,100000.0,True,66
2026-04-12,35,35,simple_monthly,normal,Quantified Simple Monthly Rotation,0.0,-1.99,1.99,100000.0,True,66
2026-04-12,36,36,biscotti,normal,Algo Biscotti (Unconditional Loyalty),-1.58,-1.99,0.41,98417.61,True,66
2026-04-13,1,1,faber,normal,Faber Momentum Rotation,3.85,0.0,3.85,103846.61,True,67
2026-04-13,2,2,baileymol,normal,Algo Baileymol (Chaos Monger),3.68,0.0,3.68,103676.23,True,67
2026-04-13,3,3,dmsr,normal,Antonacci Dual Momentum Sector Rotation,2.68,0.0,2.68,102675.52,True,67
2026-04-13,4,4,airport-shopping-spree,crazy,Airport Shopping Spree,0.0,0.0,0.0,100000.0,False,70
2026-04-13,5,5,bankruptcy-filing-rate,crazy,Bankruptcy Filing Rate,0.0,0.0,0.0,100000.0,False,66
2026-04-13,6,6,calls311,crazy,311 Call Rotation,0.0,0.0,0.0,100000.0,False,70
2026-04-13,7,7,cardboard,crazy,Cardboard Box Index,0.0,0.0,0.0,100000.0,False,70
2026-04-13,8,8,cloud-storage-demand-surge,crazy,Cloud Storage Demand Surge,0.0,0.0,0.0,100000.0,False,69
2026-04-13,9,9,congress,crazy,Congress Trading Fade,0.0,0.0,0.0,100000.0,False,70
2026-04-13,10,10,consumer-sentiment,crazy,Consumer Sentiment,0.0,0.0,0.0,100000.0,False,66
2026-04-13,11,11,craigslist,crazy,Craigslist Desperation Index,0.0,0.0,0.0,100000.0,False,70
2026-04-13,12,12,credit-card-delinquency,crazy,Credit Card Delinquency,0.0,0.0,0.0,100000.0,False,66
2026-04-13,13,13,crypto-derivative-arbitrage,crazy,Crypto Derivative Arbitrage,0.0,0.0,0.0,100000.0,False,69
2026-04-13,14,14,earthquake-energy-demand,crazy,Earthquake Energy Demand Indicator,0.0,0.0,0.0,100000.0,False,69
2026-04-13,15,15,electric-vehicle-charge-station-density,crazy,Electric Vehicle Charge Station Density,0.0,0.0,0.0,100000.0,False,69
2026-04-13,16,16,glassdoor,crazy,Glassdoor Misery Gradient,0.0,0.0,0.0,100000.0,False,70
2026-04-13,17,17,insider-trading-signals,crazy,Insider Trading Signals,0.0,0.0,0.0,100000.0,False,69
2026-04-13,18,18,job-posting-acceleration,crazy,Job Posting Acceleration,0.0,0.0,0.0,100000.0,False,66
2026-04-13,19,19,linkedin,crazy,LinkedIn Layoff Propagation,0.0,0.0,0.0,100000.0,False,70
2026-04-13,20,20,liquor,crazy,Liquor Store Leading Indicator,0.0,0.0,0.0,100000.0,False,70
2026-04-13,21,21,misery-rotation,crazy,Misery Rotation,0.0,0.0,0.0,100000.0,False,67
2026-04-13,22,22,online-ad-impression-volatility,crazy,Online Ad Impression Volatility Trader,0.0,0.0,0.0,100000.0,False,69
2026-04-13,23,23,pet-food-supply-chain,crazy,Pet Food Supply Chain Disruption,0.0,0.0,0.0,100000.0,False,69
2026-04-13,24,24,reddit-emoji-sentiment-spike,crazy,Reddit Emoji Sentiment Spike,0.0,0.0,0.0,100000.0,False,69
2026-04-13,25,25,reddit-gaming-thread-spike,crazy,Reddit Gaming Thread Spike,0.0,0.0,0.0,100000.0,False,70
2026-04-13,26,26,reddit-mentions-volatility-spike,crazy,Reddit Mentions Volatility Spike,0.0,0.0,0.0,100000.0,False,69
2026-04-13,27,27,reddit-sentiment-spike-trend,crazy,Reddit Sentiment Spike Trend,0.0,0.0,0.0,100000.0,False,69
2026-04-13,28,28,reddit-sentiment-spike,crazy,Reddit Sentiment Spike,0.0,0.0,0.0,100000.0,False,69
2026-04-13,29,29,reddit-sentiment-volatility-spike,crazy,Reddit Sentiment Volatility Spike,0.0,0.0,0.0,100000.0,False,69
2026-04-13,30,30,reddit-subreddit-mention-spike,crazy,Reddit Subreddit Mention Spike,0.0,0.0,0.0,100000.0,False,69
2026-04-13,31,31,reddit-subreddit-sentiment-spike,crazy,Reddit Subreddit Sentiment Spike,0.0,0.0,0.0,100000.0,False,69
2026-04-13,32,32,reddit-subreddit-surge-momentum,crazy,Reddit Subreddit Surge Momentum,0.0,0.0,0.0,100000.0,False,69
2026-04-13,33,33,reddit-volatility-spike,crazy,Reddit Volatility Spike,0.0,0.0,0.0,100000.0,False,69
2026-04-13,34,34,retail-sales-momentum,crazy,Retail Sales Momentum,0.0,0.0,0.0,100000.0,False,66
2026-04-13,35,35,small-business-formation,crazy,Small Business Formation,0.0,0.0,0.0,100000.0,False,66
2026-04-13,36,36,social-media-sentiment-spike,crazy,Social Media Sentiment Spike,0.0,0.0,0.0,100000.0,False,69
2026-04-13,37,37,superbowl-futures-trade,crazy,Superbowl Futures Trade,0.0,0.0,0.0,100000.0,False,69
2026-04-13,38,38,truck-tonnage,crazy,Truck Tonnage Index,0.0,0.0,0.0,100000.0,False,67
2026-04-13,39,39,tsa,crazy,TSA Body Count,0.0,0.0,0.0,100000.0,False,71
2026-04-13,40,40,twitter-sentiment-spike,crazy,Twitter Sentiment Spike,0.0,0.0,0.0,100000.0,False,69
2026-04-13,41,41,uber-mobility,crazy,Uber Mobility Index,0.0,0.0,0.0,100000.0,False,67
2026-04-13,42,42,volatility-spike-follow-through,crazy,Volatility Spike Follow-Through,0.0,0.0,0.0,100000.0,False,69
2026-04-13,43,43,weather-volatility-spike,crazy,Weather Volatility Spike,0.0,0.0,0.0,100000.0,False,69
2026-04-13,44,44,simple_monthly,normal,Quantified Simple Monthly Rotation,0.0,0.0,0.0,100000.0,False,67
2026-04-13,45,45,biscotti,normal,Algo Biscotti (Unconditional Loyalty),-0.89,0.0,-0.89,99111.9,False,67
2026-04-15,1,1,baileymol,normal,Algo Baileymol (Chaos Monger),6.08,2.73,3.35,106082.12,True,72
2026-04-15,2,2,faber,normal,Faber Momentum Rotation,3.85,2.73,1.11,103846.61,True,72
2026-04-15,3,3,dmsr,normal,Antonacci Dual Momentum Sector Rotation,2.77,2.73,0.03,102767.51,True,72
2026-04-15,4,4,consumer-sentiment,crazy,Consumer Sentiment,1.14,2.73,-1.6,101136.17,False,70
2026-04-15,5,5,airport-shopping-spree,crazy,Airport Shopping Spree,0.0,2.73,-2.73,100000.0,False,70
2026-04-15,6,6,bankruptcy-filing-rate,crazy,Bankruptcy Filing Rate,0.0,2.73,-2.73,100000.0,False,70
2026-04-15,7,7,calls311,crazy,311 Call Rotation,0.0,2.73,-2.73,100000.0,False,70
2026-04-15,8,8,cardboard,crazy,Cardboard Box Index,0.0,2.73,-2.73,100000.0,False,70
2026-04-15,9,9,cloud-storage-demand-surge,crazy,Cloud Storage Demand Surge,0.0,2.73,-2.73,100000.0,False,70
2026-04-15,10,10,congress,crazy,Congress Trading Fade,0.0,2.73,-2.73,100000.0,False,70
2026-04-15,11,11,craigslist,crazy,Craigslist Desperation Index,0.0,2.73,-2.73,100000.0,False,70
2026-04-15,12,12,credit-card-delinquency,crazy,Credit Card Delinquency,0.0,2.73,-2.73,100000.0,False,70
2026-04-15,13,13,crypto-derivative-arbitrage,crazy,Crypto Derivative Arbitrage,0.0,2.73,-2.73,100000.0,False,70
2026-04-15,14,14,earthquake-energy-demand,crazy,Earthquake Energy Demand Indicator,0.0,2.73,-2.73,100000.0,False,70
2026-04-15,15,15,electric-vehicle-charge-station-density,crazy,Electric Vehicle Charge Station Density,0.0,2.73,-2.73,100000.0,False,70
2026-04-15,16,16,glassdoor,crazy,Glassdoor Misery Gradient,0.0,2.73,-2.73,100000.0,False,70
2026-04-15,17,17,insider-trading-signals,crazy,Insider Trading Signals,0.0,2.73,-2.73,100000.0,False,70
2026-04-15,18,18,job-posting-acceleration,crazy,Job Posting Acceleration,0.0,2.73,-2.73,100000.0,False,70
2026-04-15,19,19,linkedin,crazy,LinkedIn Layoff Propagation,0.0,2.73,-2.73,100000.0,False,70
2026-04-15,20,20,misery-rotation,crazy,Misery Rotation,0.0,2.73,-2.73,100000.0,False,70
2026-04-15,21,21,online-ad-impression-volatility,crazy,Online Ad Impression Volatility Trader,0.0,2.73,-2.73,100000.0,False,70
2026-04-15,22,22,pet-food-supply-chain,crazy,Pet Food Supply Chain Disruption,0.0,2.73,-2.73,100000.0,False,70
2026-04-15,23,23,reddit-emoji-sentiment-spike,crazy,Reddit Emoji Sentiment Spike,0.0,2.73,-2.73,100000.0,False,70
2026-04-15,24,24,reddit-gaming-thread-spike,crazy,Reddit Gaming Thread Spike,0.0,2.73,-2.73,100000.0,False,70
2026-04-15,25,25,reddit-mentions-volatility-spike,crazy,Reddit Mentions Volatility Spike,0.0,2.73,-2.73,100000.0,False,70
2026-04-15,26,26,reddit-sentiment-spike-trend,crazy,Reddit Sentiment Spike Trend,0.0,2.73,-2.73,100000.0,False,70
2026-04-15,27,27,reddit-sentiment-spike,crazy,Reddit Sentiment Spike,0.0,2.73,-2.73,100000.0,False,70
2026-04-15,28,28,reddit-sentiment-volatility-spike,crazy,Reddit Sentiment Volatility Spike,0.0,2.73,-2.73,100000.0,False,70
2026-04-15,29,29,reddit-subreddit-mention-spike,crazy,Reddit Subreddit Mention Spike,0.0,2.73,-2.73,100000.0,False,70
2026-04-15,30,30,reddit-subreddit-sentiment-spike,crazy,Reddit Subreddit Sentiment Spike,0.0,2.73,-2.73,100000.0,False,70
2026-04-15,31,31,reddit-subreddit-surge-momentum,crazy,Reddit Subreddit Surge Momentum,0.0,2.73,-2.73,100000.0,False,70
2026-04-15,32,32,reddit-volatility-spike,crazy,Reddit Volatility Spike,0.0,2.73,-2.73,100000.0,False,70
2026-04-15,33,33,retail-sales-momentum,crazy,Retail Sales Momentum,0.0,2.73,-2.73,100000.0,False,70
2026-04-15,34,34,small-business-formation,crazy,Small Business Formation,0.0,2.73,-2.73,100000.0,False,70
2026-04-15,35,35,social-media-sentiment-spike,crazy,Social Media Sentiment Spike,0.0,2.73,-2.73,100000.0,False,70
2026-04-15,36,36,superbowl-futures-trade,crazy,Superbowl Futures Trade,0.0,2.73,-2.73,100000.0,False,70
2026-04-15,37,37,truck-tonnage,crazy,Truck Tonnage Index,0.0,2.73,-2.73,100000.0,False,70
2026-04-15,38,38,tsa,crazy,TSA Body Count,0.0,2.73,-2.73,100000.0,False,70
2026-04-15,39,39,twitter-sentiment-spike,crazy,Twitter Sentiment Spike,0.0,2.73,-2.73,100000.0,False,70
2026-04-15,40,40,uber-mobility,crazy,Uber Mobility Index,0.0,2.73,-2.73,100000.0,False,70
2026-04-15,41,41,volatility-spike-follow-through,crazy,Volatility Spike Follow-Through,0.0,2.73,-2.73,100000.0,False,70
2026-04-15,42,42,weather-volatility-spike,crazy,Weather Volatility Spike,0.0,2.73,-2.73,100000.0,False,70
2026-04-15,43,43,simple_monthly,normal,Quantified Simple Monthly Rotation,0.0,2.73,-2.73,100000.0,False,72
2026-04-15,44,44,liquor,crazy,Liquor Store Leading Indicator,-0.56,2.73,-3.3,99437.96,False,70
2026-04-15,45,45,biscotti,normal,Algo Biscotti (Unconditional Loyalty),-1.78,2.73,-4.51,98222.51,False,72
2026-04-15,46,46,biscotti,crazy,Algo Biscotti (Unconditional Loyalty),-5.05,2.73,-7.78,94952.24,False,70
2026-04-15,47,47,baileymol,crazy,Algo Baileymol (Chaos Monger),-5.81,2.73,-8.54,94194.72,False,70
2026-04-16,1,1,baileymol,normal,Algo Baileymol (Chaos Monger),6.32,2.99,3.34,106323.54,True,73
2026-04-16,2,2,faber,normal,Faber Momentum Rotation,3.85,2.99,0.86,103846.61,True,73
2026-04-16,3,3,dmsr,normal,Antonacci Dual Momentum Sector Rotation,3.3,2.99,0.31,103295.89,True,73
2026-04-16,4,4,consumer-sentiment,crazy,Consumer Sentiment,1.35,2.99,-1.63,101354.15,False,71
2026-04-16,5,5,airport-shopping-spree,crazy,Airport Shopping Spree,0.0,2.99,-2.99,100000.0,False,71
2026-04-16,6,6,bankruptcy-filing-rate,crazy,Bankruptcy Filing Rate,0.0,2.99,-2.99,100000.0,False,71
2026-04-16,7,7,calls311,crazy,311 Call Rotation,0.0,2.99,-2.99,100000.0,False,71
2026-04-16,8,8,cardboard,crazy,Cardboard Box Index,0.0,2.99,-2.99,100000.0,False,71
2026-04-16,9,9,cloud-storage-demand-surge,crazy,Cloud Storage Demand Surge,0.0,2.99,-2.99,100000.0,False,71
2026-04-16,10,10,congress,crazy,Congress Trading Fade,0.0,2.99,-2.99,100000.0,False,71
2026-04-16,11,11,craigslist,crazy,Craigslist Desperation Index,0.0,2.99,-2.99,100000.0,False,71
2026-04-16,12,12,credit-card-delinquency,crazy,Credit Card Delinquency,0.0,2.99,-2.99,100000.0,False,71
2026-04-16,13,13,crypto-derivative-arbitrage,crazy,Crypto Derivative Arbitrage,0.0,2.99,-2.99,100000.0,False,71
2026-04-16,14,14,earthquake-energy-demand,crazy,Earthquake Energy Demand Indicator,0.0,2.99,-2.99,100000.0,False,71
2026-04-16,15,15,electric-vehicle-charge-station-density,crazy,Electric Vehicle Charge Station Density,0.0,2.99,-2.99,100000.0,False,71
2026-04-16,16,16,glassdoor,crazy,Glassdoor Misery Gradient,0.0,2.99,-2.99,100000.0,False,71
2026-04-16,17,17,insider-trading-signals,crazy,Insider Trading Signals,0.0,2.99,-2.99,100000.0,False,71
2026-04-16,18,18,job-posting-acceleration,crazy,Job Posting Acceleration,0.0,2.99,-2.99,100000.0,False,71
2026-04-16,19,19,linkedin,crazy,LinkedIn Layoff Propagation,0.0,2.99,-2.99,100000.0,False,71
2026-04-16,20,20,misery-rotation,crazy,Misery Rotation,0.0,2.99,-2.99,100000.0,False,71
2026-04-16,21,21,online-ad-impression-volatility,crazy,Online Ad Impression Volatility Trader,0.0,2.99,-2.99,100000.0,False,71
2026-04-16,22,22,pet-food-supply-chain,crazy,Pet Food Supply Chain Disruption,0.0,2.99,-2.99,100000.0,False,71
2026-04-16,23,23,reddit-emoji-sentiment-spike,crazy,Reddit Emoji Sentiment Spike,0.0,2.99,-2.99,100000.0,False,71
2026-04-16,24,24,reddit-gaming-thread-spike,crazy,Reddit Gaming Thread Spike,0.0,2.99,-2.99,100000.0,False,71
2026-04-16,25,25,reddit-mentions-volatility-spike,crazy,Reddit Mentions Volatility Spike,0.0,2.99,-2.99,100000.0,False,71
2026-04-16,26,26,reddit-sentiment-spike-trend,crazy,Reddit Sentiment Spike Trend,0.0,2.99,-2.99,100000.0,False,71
2026-04-16,27,27,reddit-sentiment-spike,crazy,Reddit Sentiment Spike,0.0,2.99,-2.99,100000.0,False,71
2026-04-16,28,28,reddit-sentiment-volatility-spike,crazy,Reddit Sentiment Volatility Spike,0.0,2.99,-2.99,100000.0,False,71
2026-04-16,29,29,reddit-subreddit-mention-spike,crazy,Reddit Subreddit Mention Spike,0.0,2.99,-2.99,100000.0,False,71
2026-04-16,30,30,reddit-subreddit-sentiment-spike,crazy,Reddit Subreddit Sentiment Spike,0.0,2.99,-2.99,100000.0,False,71
2026-04-16,31,31,reddit-subreddit-surge-momentum,crazy,Reddit Subreddit Surge Momentum,0.0,2.99,-2.99,100000.0,False,71
2026-04-16,32,32,reddit-volatility-spike,crazy,Reddit Volatility Spike,0.0,2.99,-2.99,100000.0,False,71
2026-04-16,33,33,retail-sales-momentum,crazy,Retail Sales Momentum,0.0,2.99,-2.99,100000.0,False,71
2026-04-16,34,34,small-business-formation,crazy,Small Business Formation,0.0,2.99,-2.99,100000.0,False,71
2026-04-16,35,35,social-media-sentiment-spike,crazy,Social Media Sentiment Spike,0.0,2.99,-2.99,100000.0,False,71
2026-04-16,36,36,superbowl-futures-trade,crazy,Superbowl Futures Trade,0.0,2.99,-2.99,100000.0,False,71
2026-04-16,37,37,truck-tonnage,crazy,Truck Tonnage Index,0.0,2.99,-2.99,100000.0,False,71
2026-04-16,38,38,tsa,crazy,TSA Body Count,0.0,2.99,-2.99,100000.0,False,71
2026-04-16,39,39,twitter-sentiment-spike,crazy,Twitter Sentiment Spike,0.0,2.99,-2.99,100000.0,False,71
2026-04-16,40,40,uber-mobility,crazy,Uber Mobility Index,0.0,2.99,-2.99,100000.0,False,71
2026-04-16,41,41,volatility-spike-follow-through,crazy,Volatility Spike Follow-Through,0.0,2.99,-2.99,100000.0,False,71
2026-04-16,42,42,weather-volatility-spike,crazy,Weather Volatility Spike,0.0,2.99,-2.99,100000.0,False,71
2026-04-16,43,43,simple_monthly,normal,Quantified Simple Monthly Rotation,0.0,2.99,-2.99,100000.0,False,73
2026-04-16,44,44,liquor,crazy,Liquor Store Leading Indicator,-0.12,2.99,-3.11,99878.08,False,71
2026-04-16,45,45,biscotti,normal,Algo Biscotti (Unconditional Loyalty),-2.27,2.99,-5.25,97734.79,False,73
2026-04-16,46,46,biscotti,crazy,Algo Biscotti (Unconditional Loyalty),-4.61,2.99,-7.6,95385.66,False,71
2026-04-16,47,47,baileymol,crazy,Algo Baileymol (Chaos Monger),-5.59,2.99,-8.58,94409.09,False,71
2026-04-17,1,1,baileymol,normal,Algo Baileymol (Chaos Monger),7.72,4.23,3.49,107720.15,True,74
2026-04-17,2,2,faber,normal,Faber Momentum Rotation,3.85,4.23,-0.39,103846.61,False,74
2026-04-17,3,3,dmsr,normal,Antonacci Dual Momentum Sector Rotation,3.59,4.23,-0.64,103590.0,False,74
2026-04-17,4,4,airline-load-factor,crazy,Airline Load Factor Proxy,0.0,4.23,-4.23,100000.0,False,67
2026-04-17,5,5,airport-shopping-spree,crazy,Airport Shopping Spree,0.0,4.23,-4.23,100000.0,False,67
2026-04-17,6,6,bankruptcy-filing-rate,crazy,Bankruptcy Filing Rate,0.0,4.23,-4.23,100000.0,False,67
2026-04-17,7,7,calls311,crazy,311 Call Rotation,0.0,4.23,-4.23,100000.0,False,67
2026-04-17,8,8,cardboard,crazy,Cardboard Box Index,0.0,4.23,-4.23,100000.0,False,67
2026-04-17,9,9,cloud-storage-demand-surge,crazy,Cloud Storage Demand Surge,0.0,4.23,-4.23,100000.0,False,67
2026-04-17,10,10,congress,crazy,Congress Trading Fade,0.0,4.23,-4.23,100000.0,False,67
2026-04-17,11,11,consumer-sentiment,crazy,Consumer Sentiment,0.0,4.23,-4.23,100000.0,False,67
2026-04-17,12,12,craigslist,crazy,Craigslist Desperation Index,0.0,4.23,-4.23,100000.0,False,67
2026-04-17,13,13,credit-card-delinquency,crazy,Credit Card Delinquency,0.0,4.23,-4.23,100000.0,False,67
2026-04-17,14,14,crypto-derivative-arbitrage,crazy,Crypto Derivative Arbitrage,0.0,4.23,-4.23,100000.0,False,67
2026-04-17,15,15,earthquake-energy-demand,crazy,Earthquake Energy Demand Indicator,0.0,4.23,-4.23,100000.0,False,67
2026-04-17,16,16,electric-vehicle-charge-station-density,crazy,Electric Vehicle Charge Station Density,0.0,4.23,-4.23,100000.0,False,67
2026-04-17,17,17,electricity-consumption,crazy,Electricity Consumption,0.0,4.23,-4.23,100000.0,False,67
2026-04-17,18,18,freight-rail-carloads,crazy,Freight Rail Carloads,0.0,4.23,-4.23,100000.0,False,67
2026-04-17,19,19,glassdoor,crazy,Glassdoor Misery Gradient,0.0,4.23,-4.23,100000.0,False,67
2026-04-17,20,20,high-yield-spread-regime,crazy,High Yield Spread Regime,0.0,4.23,-4.23,100000.0,False,67
2026-04-17,21,21,housing-permit-velocity,crazy,Housing Permit Velocity,0.0,4.23,-4.23,100000.0,False,67
2026-04-17,22,22,insider-trading-signals,crazy,Insider Trading Signals,0.0,4.23,-4.23,100000.0,False,67
2026-04-17,23,23,job-posting-acceleration,crazy,Job Posting Acceleration,0.0,4.23,-4.23,100000.0,False,67
2026-04-17,24,24,linkedin,crazy,LinkedIn Layoff Propagation,0.0,4.23,-4.23,100000.0,False,67
2026-04-17,25,25,liquor,crazy,Liquor Store Leading Indicator,0.0,4.23,-4.23,100000.0,False,67
2026-04-17,26,26,misery-rotation,crazy,Misery Rotation,0.0,4.23,-4.23,100000.0,False,67
2026-04-17,27,27,online-ad-impression-volatility,crazy,Online Ad Impression Volatility Trader,0.0,4.23,-4.23,100000.0,False,67
2026-04-17,28,28,pet-food-supply-chain,crazy,Pet Food Supply Chain Disruption,0.0,4.23,-4.23,100000.0,False,67
2026-04-17,29,29,port-container-volume,crazy,Port Container Volume,0.0,4.23,-4.23,100000.0,False,67
2026-04-17,30,30,reddit-emoji-sentiment-spike,crazy,Reddit Emoji Sentiment Spike,0.0,4.23,-4.23,100000.0,False,67
2026-04-17,31,31,reddit-gaming-thread-spike,crazy,Reddit Gaming Thread Spike,0.0,4.23,-4.23,100000.0,False,67
2026-04-17,32,32,reddit-mentions-volatility-spike,crazy,Reddit Mentions Volatility Spike,0.0,4.23,-4.23,100000.0,False,67
2026-04-17,33,33,reddit-sentiment-spike-trend,crazy,Reddit Sentiment Spike Trend,0.0,4.23,-4.23,100000.0,False,67
2026-04-17,34,34,reddit-sentiment-spike,crazy,Reddit Sentiment Spike,0.0,4.23,-4.23,100000.0,False,67
2026-04-17,35,35,reddit-sentiment-volatility-spike,crazy,Reddit Sentiment Volatility Spike,0.0,4.23,-4.23,100000.0,False,67
2026-04-17,36,36,reddit-subreddit-mention-spike,crazy,Reddit Subreddit Mention Spike,0.0,4.23,-4.23,100000.0,False,67
2026-04-17,37,37,reddit-subreddit-sentiment-spike,crazy,Reddit Subreddit Sentiment Spike,0.0,4.23,-4.23,100000.0,False,67
2026-04-17,38,38,reddit-subreddit-surge-momentum,crazy,Reddit Subreddit Surge Momentum,0.0,4.23,-4.23,100000.0,False,67
2026-04-17,39,39,reddit-volatility-spike,crazy,Reddit Volatility Spike,0.0,4.23,-4.23,100000.0,False,67
2026-04-17,40,40,retail-sales-momentum,crazy,Retail Sales Momentum,0.0,4.23,-4.23,100000.0,False,67
2026-04-17,41,41,small-business-formation,crazy,Small Business Formation,0.0,4.23,-4.23,100000.0,False,67
2026-04-17,42,42,social-media-sentiment-spike,crazy,Social Media Sentiment Spike,0.0,4.23,-4.23,100000.0,False,67
2026-04-17,43,43,superbowl-futures-trade,crazy,Superbowl Futures Trade,0.0,4.23,-4.23,100000.0,False,67
2026-04-17,44,44,truck-tonnage,crazy,Truck Tonnage Index,0.0,4.23,-4.23,100000.0,False,67
2026-04-17,45,45,tsa,crazy,TSA Body Count,0.0,4.23,-4.23,100000.0,False,67
2026-04-17,46,46,twitter-sentiment-spike,crazy,Twitter Sentiment Spike,0.0,4.23,-4.23,100000.0,False,67
2026-04-17,47,47,volatility-spike-follow-through,crazy,Volatility Spike Follow-Through,0.0,4.23,-4.23,100000.0,False,67
2026-04-17,48,48,weather-volatility-spike,crazy,Weather Volatility Spike,0.0,4.23,-4.23,100000.0,False,67
2026-04-17,49,49,yield-curve-regime,crazy,Yield Curve Regime,0.0,4.23,-4.23,100000.0,False,67
2026-04-17,50,50,simple_monthly,normal,Quantified Simple Monthly Rotation,0.0,4.23,-4.23,100000.0,False,74
2026-04-17,51,51,copper-momentum,crazy,Copper Momentum,-0.02,4.23,-4.25,99980.1,False,67
2026-04-17,52,52,lumber-momentum,crazy,Lumber Momentum,-0.02,4.23,-4.25,99980.1,False,67
2026-04-17,53,53,mortgage-rate-housing-proxy,crazy,Mortgage Rate Housing Proxy,-0.02,4.23,-4.25,99980.1,False,67
2026-04-17,54,54,uber-mobility,crazy,Uber Mobility Index,-0.02,4.23,-4.25,99980.1,False,67
2026-04-17,55,55,biscotti,normal,Algo Biscotti (Unconditional Loyalty),-0.44,4.23,-4.67,99559.46,False,74
2026-04-17,56,56,biscotti,crazy,Algo Biscotti (Unconditional Loyalty),-3.41,4.23,-7.64,96592.18,False,67
2026-04-17,57,57,baileymol,crazy,Chaos Rotation Lab,-5.61,4.23,-9.84,94394.24,False,67
2026-04-20,1,1,baileymol,normal,Algo Baileymol (Chaos Monger),6.12,4.02,2.09,106117.24,True,75
2026-04-20,2,2,faber,normal,Faber Momentum Rotation,3.85,4.02,-0.18,103846.61,False,75
2026-04-20,3,3,dmsr,normal,Antonacci Dual Momentum Sector Rotation,3.71,4.02,-0.31,103710.55,False,75
2026-04-20,4,4,lumber-momentum,crazy,Lumber Momentum,0.41,4.02,-3.61,100409.58,False,74
2026-04-20,5,5,copper-momentum,crazy,Copper Momentum,0.36,4.02,-3.66,100362.35,False,74
2026-04-20,6,6,electricity-consumption,crazy,Electricity Consumption,0.23,4.02,-3.79,100228.91,False,74
2026-04-20,7,7,earthquake-aftershock-amplifier,crazy,Earthquake Aftershock Amplifier,0.05,4.02,-3.98,100047.52,False,68
2026-04-20,8,8,semiconductor-moonshot-warning,crazy,Semiconductor Moonshot Warning,0.05,4.02,-3.98,100045.62,False,68
2026-04-20,9,9,materials-sector-weekly-positive-correlation-breakdown-with-,crazy,Materials Sector Weekly Positive Correlation Breakdown With Xlb,0.03,4.02,-4.0,100025.87,False,68
2026-04-20,10,10,staples-sector-drawdown-rapid-recovery,crazy,Staples Sector Drawdown Rapid Recovery,0.02,4.02,-4.0,100024.7,False,68
2026-04-20,11,11,airline-load-factor,crazy,Airline Load Factor Proxy,0.0,4.02,-4.02,100000.0,False,74
2026-04-20,12,12,airport-security-surge,crazy,Airport Security Surge,0.0,4.02,-4.02,100000.0,False,72
2026-04-20,13,13,airport-shopping-spree,crazy,Airport Shopping Spree,0.0,4.02,-4.02,100000.0,False,74
2026-04-20,14,14,bankruptcy-filing-rate,crazy,Bankruptcy Filing Rate,0.0,4.02,-4.02,100000.0,False,74
2026-04-20,15,15,calls311,crazy,311 Call Rotation,0.0,4.02,-4.02,100000.0,False,74
2026-04-20,16,16,cardboard,crazy,Cardboard Box Index,0.0,4.02,-4.02,100000.0,False,74
2026-04-20,17,17,cloud-storage-demand-surge,crazy,Cloud Storage Demand Surge,0.0,4.02,-4.02,100000.0,False,74
2026-04-20,18,18,congress,crazy,Congress Trading Fade,0.0,4.02,-4.02,100000.0,False,74
2026-04-20,19,19,consumer-sentiment,crazy,Consumer Sentiment,0.0,4.02,-4.02,100000.0,False,74
2026-04-20,20,20,craigslist,crazy,Craigslist Desperation Index,0.0,4.02,-4.02,100000.0,False,74
2026-04-20,21,21,credit-card-delinquency,crazy,Credit Card Delinquency,0.0,4.02,-4.02,100000.0,False,74
2026-04-20,22,22,crypto-capitulation-countdown,crazy,Crypto Capitulation Countdown,0.0,4.02,-4.02,100000.0,False,68
2026-04-20,23,23,crypto-derivative-arbitrage,crazy,Crypto Derivative Arbitrage,0.0,4.02,-4.02,100000.0,False,74
2026-04-20,24,24,earthquake-energy-demand,crazy,Earthquake Energy Demand Indicator,0.0,4.02,-4.02,100000.0,False,74
2026-04-20,25,25,electric-vehicle-charge-station-density,crazy,Electric Vehicle Charge Station Density,0.0,4.02,-4.02,100000.0,False,74
2026-04-20,26,26,energy-sector-weekly-drawdown-exhaustion,crazy,Energy Sector Weekly Drawdown Exhaustion,0.0,4.02,-4.02,100000.0,False,68
2026-04-20,27,27,ev-charging-boom,crazy,Ev Charging Boom,0.0,4.02,-4.02,100000.0,False,72
2026-04-20,28,28,ev-charging-station-stampede,crazy,Ev Charging Station Stampede,0.0,4.02,-4.02,100000.0,False,68
2026-04-20,29,29,ev-euphoria,crazy,Ev Euphoria,0.0,4.02,-4.02,100000.0,False,70
2026-04-20,30,30,financial-sector-momentum-divergence-with-spy,crazy,Financial Sector Momentum Divergence With Spy,0.0,4.02,-4.02,100000.0,False,68
2026-04-20,31,31,fintech-disruption-wave,crazy,Fintech Disruption Wave,0.0,4.02,-4.02,100000.0,False,72
2026-04-20,32,32,freight-rail-carloads,crazy,Freight Rail Carloads,0.0,4.02,-4.02,100000.0,False,74
2026-04-20,33,33,glassdoor,crazy,Glassdoor Misery Gradient,0.0,4.02,-4.02,100000.0,False,74
2026-04-20,34,34,global-tech-earnings-momentum,crazy,Global Tech Earnings Momentum,0.0,4.02,-4.02,100000.0,False,72
2026-04-20,35,35,high-yield-spread-regime,crazy,High Yield Spread Regime,0.0,4.02,-4.02,100000.0,False,74
2026-04-20,36,36,housing-permit-velocity,crazy,Housing Permit Velocity,0.0,4.02,-4.02,100000.0,False,74
2026-04-20,37,37,insider-trading-signals,crazy,Insider Trading Signals,0.0,4.02,-4.02,100000.0,False,74
2026-04-20,38,38,job-posting-acceleration,crazy,Job Posting Acceleration,0.0,4.02,-4.02,100000.0,False,74
2026-04-20,39,39,linkedin,crazy,LinkedIn Layoff Propagation,0.0,4.02,-4.02,100000.0,False,74
2026-04-20,40,40,liquor,crazy,Liquor Store Leading Indicator,0.0,4.02,-4.02,100000.0,False,74
2026-04-20,41,41,lumber-futures-rollercoaster,crazy,Lumber Futures Rollercoaster,0.0,4.02,-4.02,100000.0,False,68
2026-04-20,42,42,misery-rotation,crazy,Misery Rotation,0.0,4.02,-4.02,100000.0,False,74
2026-04-20,43,43,online-ad-impression-volatility,crazy,Online Ad Impression Volatility Trader,0.0,4.02,-4.02,100000.0,False,74
2026-04-20,44,44,pet-food-supply-chain,crazy,Pet Food Supply Chain Disruption,0.0,4.02,-4.02,100000.0,False,74
2026-04-20,45,45,port-congestion-squeeze,crazy,Port Congestion Squeeze,0.0,4.02,-4.02,100000.0,False,72
2026-04-20,46,46,port-container-volume,crazy,Port Container Volume,0.0,4.02,-4.02,100000.0,False,74
2026-04-20,47,47,reddit-emoji-sentiment-spike,crazy,Reddit Emoji Sentiment Spike,0.0,4.02,-4.02,100000.0,False,74
2026-04-20,48,48,reddit-gaming-thread-spike,crazy,Reddit Gaming Thread Spike,0.0,4.02,-4.02,100000.0,False,74
2026-04-20,49,49,reddit-mentions-volatility-spike,crazy,Reddit Mentions Volatility Spike,0.0,4.02,-4.02,100000.0,False,74
2026-04-20,50,50,reddit-sentiment-spike-trend,crazy,Reddit Sentiment Spike Trend,0.0,4.02,-4.02,100000.0,False,74
2026-04-20,51,51,reddit-sentiment-spike,crazy,Reddit Sentiment Spike,0.0,4.02,-4.02,100000.0,False,74
2026-04-20,52,52,reddit-sentiment-volatility-spike,crazy,Reddit Sentiment Volatility Spike,0.0,4.02,-4.02,100000.0,False,74
2026-04-20,53,53,reddit-subreddit-mention-spike,crazy,Reddit Subreddit Mention Spike,0.0,4.02,-4.02,100000.0,False,74
2026-04-20,54,54,reddit-subreddit-sentiment-spike,crazy,Reddit Subreddit Sentiment Spike,0.0,4.02,-4.02,100000.0,False,74
2026-04-20,55,55,reddit-subreddit-surge-momentum,crazy,Reddit Subreddit Surge Momentum,0.0,4.02,-4.02,100000.0,False,74
2026-04-20,56,56,reddit-volatility-spike,crazy,Reddit Volatility Spike,0.0,4.02,-4.02,100000.0,False,74
2026-04-20,57,57,retail-rush-ahead-of-holidays,crazy,Retail Rush Ahead Of Holidays,0.0,4.02,-4.02,100000.0,False,72
2026-04-20,58,58,retail-sales-momentum,crazy,Retail Sales Momentum,0.0,4.02,-4.02,100000.0,False,74
2026-04-20,59,59,rss-roar,crazy,Rss Roar,0.0,4.02,-4.02,100000.0,False,70
2026-04-20,60,60,small-business-formation,crazy,Small Business Formation,0.0,4.02,-4.02,100000.0,False,74
2026-04-20,61,61,social-media-sentiment-spike,crazy,Social Media Sentiment Spike,0.0,4.02,-4.02,100000.0,False,74
2026-04-20,62,62,solar-storm-scorcher,crazy,Solar Storm Scorcher,0.0,4.02,-4.02,100000.0,False,68
2026-04-20,63,63,superbowl-futures-trade,crazy,Superbowl Futures Trade,0.0,4.02,-4.02,100000.0,False,74
2026-04-20,64,64,technology-sector-daily-ev-charger-count-surge,crazy,Technology Sector Daily Ev Charger Count Surge,0.0,4.02,-4.02,100000.0,False,68
2026-04-20,65,65,truck-tonnage,crazy,Truck Tonnage Index,0.0,4.02,-4.02,100000.0,False,74
2026-04-20,66,66,tsa,crazy,TSA Body Count,0.0,4.02,-4.02,100000.0,False,74
2026-04-20,67,67,twitter-sentiment-spike,crazy,Twitter Sentiment Spike,0.0,4.02,-4.02,100000.0,False,74
2026-04-20,68,68,utilities-sector-weekly-temperature-drop-signal,crazy,Utilities Sector Weekly Temperature Drop Signal,0.0,4.02,-4.02,100000.0,False,72
2026-04-20,69,69,utility-power-grid-stress,crazy,Utility Power Grid Stress,0.0,4.02,-4.02,100000.0,False,72
2026-04-20,70,70,volatility-spike-follow-through,crazy,Volatility Spike Follow-Through,0.0,4.02,-4.02,100000.0,False,74
2026-04-20,71,71,weather-disruption-ripple-effects,crazy,Weather Disruption Ripple Effects,0.0,4.02,-4.02,100000.0,False,72
2026-04-20,72,72,weather-volatility-spike,crazy,Weather Volatility Spike,0.0,4.02,-4.02,100000.0,False,74
2026-04-20,73,73,weather-windfall,crazy,Weather Windfall,0.0,4.02,-4.02,100000.0,False,70
2026-04-20,74,74,work-from-home-frenzy,crazy,Work From Home Frenzy,0.0,4.02,-4.02,100000.0,False,72
2026-04-20,75,75,xlb-daily-volatility-contraction-breakout,crazy,Xlb Daily Volatility Contraction Breakout,0.0,4.02,-4.02,100000.0,False,70
2026-04-20,76,76,xlu-weekly-cold-snap-weather-correlation,crazy,Xlu Weekly Cold Snap Weather Correlation,0.0,4.02,-4.02,100000.0,False,70
2026-04-20,77,77,xlv-google-trends-flu-search-spike,crazy,Xlv Google Trends Flu Search Spike,0.0,4.02,-4.02,100000.0,False,70
2026-04-20,78,78,yield-curve-regime,crazy,Yield Curve Regime,0.0,4.02,-4.02,100000.0,False,74
2026-04-20,79,79,simple_monthly,normal,Quantified Simple Monthly Rotation,0.0,4.02,-4.02,100000.0,False,75
2026-04-20,80,80,google-gusts,crazy,Google Gusts,-0.01,4.02,-4.03,99990.05,False,70
2026-04-20,81,81,xlb-weekly-rss-news-count-spike-on-commodity-shortage,crazy,Xlb Weekly Rss News Count Spike On Commodity Shortage,-0.01,4.02,-4.03,99990.05,False,70
2026-04-20,82,82,industrial-sector-weekly-earthquake-activity-correlation-dip,crazy,Industrial Sector Weekly Earthquake Activity Correlation Dip,-0.02,4.02,-4.04,99979.84,False,68
2026-04-20,83,83,consumer-discretionary-google-trends-surge-for-sale-keywords,crazy,Consumer Discretionary Google Trends Surge For Sale Keywords,-0.04,4.02,-4.06,99960.96,False,68
2026-04-20,84,84,real-estate-sector-weekly-google-trends-home-buying-surge,crazy,Real Estate Sector Weekly Google Trends Home Buying Surge,-0.05,4.02,-4.07,99954.77,False,72
2026-04-20,85,86,healthcare-sector-google-trends-spike-in-flu-symptoms,crazy,Healthcare Sector Google Trends Spike In Flu Symptoms,-0.08,4.02,-4.11,99917.38,False,68
2026-04-20,86,85,utilities-sector-negative-price-gap-fill,crazy,Utilities Sector Negative Price Gap Fill,-0.08,4.02,-4.1,99921.53,False,68
2026-04-20,87,87,retail-roulette,crazy,Retail Roulette,-0.09,4.02,-4.11,99913.43,False,70
2026-04-20,88,88,xlu-daily-electricity-demand-surge,crazy,Xlu Daily Electricity Demand Surge,-0.1,4.02,-4.12,99898.68,False,70
2026-04-20,89,90,electricity-enlightenment,crazy,Electricity Enlightenment,-0.14,4.02,-4.17,99857.33,False,70
2026-04-20,90,89,tremor-tension,crazy,Tremor Tension,-0.14,4.02,-4.16,99864.21,False,70
2026-04-20,91,91,uber-mobility,crazy,Uber Mobility Index,-0.15,4.02,-4.17,99848.33,False,74
2026-04-20,92,92,biscotti,normal,Algo Biscotti (Unconditional Loyalty),-0.22,4.02,-4.24,99783.24,False,75
2026-04-20,93,93,mortgage-rate-housing-proxy,crazy,Mortgage Rate Housing Proxy,-0.32,4.02,-4.34,99679.68,False,74
2026-04-20,94,94,xle-weekly-drawdown-rebound-signal,crazy,Xle Weekly Drawdown Rebound Signal,-0.33,4.02,-4.36,99667.3,False,70
2026-04-20,95,95,xlc-weekly-google-trends-surge-in-5g-rollout,crazy,Xlc Weekly Google Trends Surge In 5g Rollout,-0.41,4.02,-4.43,99592.39,False,70
2026-04-20,96,96,biscotti,crazy,Algo Biscotti (Unconditional Loyalty),-3.49,4.02,-7.51,96510.18,False,74
2026-04-20,97,97,baileymol,crazy,Chaos Rotation Lab,-5.82,4.02,-9.84,94178.37,False,74
2026-04-21,1,1,baileymol,normal,Algo Baileymol (Chaos Monger),5.88,3.34,2.54,105881.37,True,76
2026-04-21,2,2,faber,normal,Faber Momentum Rotation,3.85,3.34,0.5,103846.61,True,76
2026-04-21,3,3,dmsr,normal,Antonacci Dual Momentum Sector Rotation,3.68,3.34,0.34,103681.14,True,76
2026-04-21,4,4,earthquake-aftershock-amplifier,crazy,Earthquake Aftershock Amplifier,0.05,3.34,-3.29,100047.52,False,69
2026-04-21,5,5,semiconductor-moonshot-warning,crazy,Semiconductor Moonshot Warning,0.05,3.34,-3.3,100045.62,False,69
2026-04-21,6,6,materials-sector-weekly-positive-correlation-breakdown-with-,crazy,Materials Sector Weekly Positive Correlation Breakdown With Xlb,0.03,3.34,-3.32,100025.87,False,69
2026-04-21,7,7,staples-sector-drawdown-rapid-recovery,crazy,Staples Sector Drawdown Rapid Recovery,0.02,3.34,-3.32,100024.7,False,69
2026-04-21,8,8,airline-load-factor,crazy,Airline Load Factor Proxy,0.0,3.34,-3.34,100000.0,False,75
2026-04-21,9,9,airport-security-surge,crazy,Airport Security Surge,0.0,3.34,-3.34,100000.0,False,73
2026-04-21,10,10,airport-shopping-spree,crazy,Airport Shopping Spree,0.0,3.34,-3.34,100000.0,False,75
2026-04-21,11,11,bankruptcy-filing-rate,crazy,Bankruptcy Filing Rate,0.0,3.34,-3.34,100000.0,False,75
2026-04-21,12,12,calls311,crazy,311 Call Rotation,0.0,3.34,-3.34,100000.0,False,75
2026-04-21,13,13,cardboard,crazy,Cardboard Box Index,0.0,3.34,-3.34,100000.0,False,75
2026-04-21,14,14,cloud-storage-demand-surge,crazy,Cloud Storage Demand Surge,0.0,3.34,-3.34,100000.0,False,75
2026-04-21,15,15,congress,crazy,Congress Trading Fade,0.0,3.34,-3.34,100000.0,False,75
2026-04-21,16,16,consumer-sentiment,crazy,Consumer Sentiment,0.0,3.34,-3.34,100000.0,False,75
2026-04-21,17,17,craigslist,crazy,Craigslist Desperation Index,0.0,3.34,-3.34,100000.0,False,75
2026-04-21,18,18,credit-card-delinquency,crazy,Credit Card Delinquency,0.0,3.34,-3.34,100000.0,False,75
2026-04-21,19,19,crypto-capitulation-countdown,crazy,Crypto Capitulation Countdown,0.0,3.34,-3.34,100000.0,False,69
2026-04-21,20,20,crypto-derivative-arbitrage,crazy,Crypto Derivative Arbitrage,0.0,3.34,-3.34,100000.0,False,75
2026-04-21,21,21,earthquake-energy-demand,crazy,Earthquake Energy Demand Indicator,0.0,3.34,-3.34,100000.0,False,75
2026-04-21,22,22,electric-vehicle-charge-station-density,crazy,Electric Vehicle Charge Station Density,0.0,3.34,-3.34,100000.0,False,75
2026-04-21,23,23,energy-sector-sudden-weekly-volatility-spike,crazy,Energy Sector Sudden Weekly Volatility Spike,0.0,3.34,-3.34,100000.0,False,66
2026-04-21,24,24,energy-sector-weekly-drawdown-exhaustion,crazy,Energy Sector Weekly Drawdown Exhaustion,0.0,3.34,-3.34,100000.0,False,69
2026-04-21,25,25,ev-charging-boom,crazy,Ev Charging Boom,0.0,3.34,-3.34,100000.0,False,73
2026-04-21,26,26,ev-charging-station-stampede,crazy,Ev Charging Station Stampede,0.0,3.34,-3.34,100000.0,False,69
2026-04-21,27,27,ev-euphoria,crazy,Ev Euphoria,0.0,3.34,-3.34,100000.0,False,71
2026-04-21,28,28,financial-sector-momentum-divergence-with-spy,crazy,Financial Sector Momentum Divergence With Spy,0.0,3.34,-3.34,100000.0,False,69
2026-04-21,29,29,fintech-disruption-wave,crazy,Fintech Disruption Wave,0.0,3.34,-3.34,100000.0,False,73
2026-04-21,30,30,freight-rail-carloads,crazy,Freight Rail Carloads,0.0,3.34,-3.34,100000.0,False,75
2026-04-21,31,31,glassdoor,crazy,Glassdoor Misery Gradient,0.0,3.34,-3.34,100000.0,False,75
2026-04-21,32,32,global-tech-earnings-momentum,crazy,Global Tech Earnings Momentum,0.0,3.34,-3.34,100000.0,False,73
2026-04-21,33,33,high-yield-spread-regime,crazy,High Yield Spread Regime,0.0,3.34,-3.34,100000.0,False,75
2026-04-21,34,34,housing-permit-velocity,crazy,Housing Permit Velocity,0.0,3.34,-3.34,100000.0,False,75
2026-04-21,35,35,job-posting-acceleration,crazy,Job Posting Acceleration,0.0,3.34,-3.34,100000.0,False,75
2026-04-21,36,36,linkedin,crazy,LinkedIn Layoff Propagation,0.0,3.34,-3.34,100000.0,False,75
2026-04-21,37,37,liquor,crazy,Liquor Store Leading Indicator,0.0,3.34,-3.34,100000.0,False,75
2026-04-21,38,38,lumber-futures-rollercoaster,crazy,Lumber Futures Rollercoaster,0.0,3.34,-3.34,100000.0,False,69
2026-04-21,39,39,materials-sector-weekly-volatility-contraction-breakout,crazy,Materials Sector Weekly Volatility Contraction Breakout,0.0,3.34,-3.34,100000.0,False,66
2026-04-21,40,40,misery-rotation,crazy,Misery Rotation,0.0,3.34,-3.34,100000.0,False,75
2026-04-21,41,41,online-ad-impression-volatility,crazy,Online Ad Impression Volatility Trader,0.0,3.34,-3.34,100000.0,False,75
2026-04-21,42,42,patent-filing-velocity,crazy,Patent Filing Velocity,0.0,3.34,-3.34,100000.0,False,66
2026-04-21,43,43,pet-food-supply-chain,crazy,Pet Food Supply Chain Disruption,0.0,3.34,-3.34,100000.0,False,75
2026-04-21,44,44,port-congestion-squeeze,crazy,Port Congestion Squeeze,0.0,3.34,-3.34,100000.0,False,73
2026-04-21,45,45,port-container-volume,crazy,Port Container Volume,0.0,3.34,-3.34,100000.0,False,75
2026-04-21,46,46,reddit-emoji-sentiment-spike,crazy,Reddit Emoji Sentiment Spike,0.0,3.34,-3.34,100000.0,False,75
2026-04-21,47,47,reddit-gaming-thread-spike,crazy,Reddit Gaming Thread Spike,0.0,3.34,-3.34,100000.0,False,75
2026-04-21,48,48,reddit-mentions-volatility-spike,crazy,Reddit Mentions Volatility Spike,0.0,3.34,-3.34,100000.0,False,75
2026-04-21,49,49,reddit-sentiment-spike-trend,crazy,Reddit Sentiment Spike Trend,0.0,3.34,-3.34,100000.0,False,75
2026-04-21,50,50,reddit-sentiment-spike,crazy,Reddit Sentiment Spike,0.0,3.34,-3.34,100000.0,False,75
2026-04-21,51,51,reddit-sentiment-volatility-spike,crazy,Reddit Sentiment Volatility Spike,0.0,3.34,-3.34,100000.0,False,75
2026-04-21,52,52,reddit-subreddit-mention-spike,crazy,Reddit Subreddit Mention Spike,0.0,3.34,-3.34,100000.0,False,75
2026-04-21,53,53,reddit-subreddit-sentiment-spike,crazy,Reddit Subreddit Sentiment Spike,0.0,3.34,-3.34,100000.0,False,75
2026-04-21,54,54,reddit-subreddit-surge-momentum,crazy,Reddit Subreddit Surge Momentum,0.0,3.34,-3.34,100000.0,False,75
2026-04-21,55,55,reddit-volatility-spike,crazy,Reddit Volatility Spike,0.0,3.34,-3.34,100000.0,False,75
2026-04-21,56,56,retail-rush-ahead-of-holidays,crazy,Retail Rush Ahead Of Holidays,0.0,3.34,-3.34,100000.0,False,73
2026-04-21,57,57,rss-roar,crazy,Rss Roar,0.0,3.34,-3.34,100000.0,False,71
2026-04-21,58,58,small-business-formation,crazy,Small Business Formation,0.0,3.34,-3.34,100000.0,False,75
2026-04-21,59,59,social-media-sentiment-spike,crazy,Social Media Sentiment Spike,0.0,3.34,-3.34,100000.0,False,75
2026-04-21,60,60,solar-storm-scorcher,crazy,Solar Storm Scorcher,0.0,3.34,-3.34,100000.0,False,69
2026-04-21,61,61,superbowl-futures-trade,crazy,Superbowl Futures Trade,0.0,3.34,-3.34,100000.0,False,75
2026-04-21,62,62,technology-sector-daily-ev-charger-count-surge,crazy,Technology Sector Daily Ev Charger Count Surge,0.0,3.34,-3.34,100000.0,False,69
2026-04-21,63,63,truck-tonnage,crazy,Truck Tonnage Index,0.0,3.34,-3.34,100000.0,False,75
2026-04-21,64,64,tsa,crazy,TSA Body Count,0.0,3.34,-3.34,100000.0,False,75
2026-04-21,65,65,twitter-sentiment-spike,crazy,Twitter Sentiment Spike,0.0,3.34,-3.34,100000.0,False,75
2026-04-21,66,66,utilities-sector-weekly-temperature-drop-signal,crazy,Utilities Sector Weekly Temperature Drop Signal,0.0,3.34,-3.34,100000.0,False,73
2026-04-21,67,67,utility-power-grid-stress,crazy,Utility Power Grid Stress,0.0,3.34,-3.34,100000.0,False,73
2026-04-21,68,68,volatility-spike-follow-through,crazy,Volatility Spike Follow-Through,0.0,3.34,-3.34,100000.0,False,75
2026-04-21,69,69,weather-disruption-ripple-effects,crazy,Weather Disruption Ripple Effects,0.0,3.34,-3.34,100000.0,False,73
2026-04-21,70,70,weather-volatility-spike,crazy,Weather Volatility Spike,0.0,3.34,-3.34,100000.0,False,75
2026-04-21,71,71,weather-windfall,crazy,Weather Windfall,0.0,3.34,-3.34,100000.0,False,71
2026-04-21,72,72,work-from-home-frenzy,crazy,Work From Home Frenzy,0.0,3.34,-3.34,100000.0,False,73
2026-04-21,73,73,xlb-daily-volatility-contraction-breakout,crazy,Xlb Daily Volatility Contraction Breakout,0.0,3.34,-3.34,100000.0,False,71
2026-04-21,74,74,xlu-weekly-cold-snap-weather-correlation,crazy,Xlu Weekly Cold Snap Weather Correlation,0.0,3.34,-3.34,100000.0,False,71
2026-04-21,75,75,xlv-google-trends-flu-search-spike,crazy,Xlv Google Trends Flu Search Spike,0.0,3.34,-3.34,100000.0,False,71
2026-04-21,76,76,yelp-closure-velocity,crazy,Yelp Closure Velocity,0.0,3.34,-3.34,100000.0,False,66
2026-04-21,77,77,yield-curve-regime,crazy,Yield Curve Regime,0.0,3.34,-3.34,100000.0,False,75
2026-04-21,78,78,simple_monthly,normal,Quantified Simple Monthly Rotation,0.0,3.34,-3.34,100000.0,False,76
2026-04-21,79,79,insider-trading-signals,crazy,Insider Trading Signals,-0.01,3.34,-3.35,99990.05,False,75
2026-04-21,80,80,finra-dark-pool-signal,crazy,FINRA Dark Pool Signal,-0.02,3.34,-3.36,99980.1,False,66
2026-04-21,81,81,industrial-sector-weekly-earthquake-activity-correlation-dip,crazy,Industrial Sector Weekly Earthquake Activity Correlation Dip,-0.02,3.34,-3.36,99979.84,False,69
2026-04-21,82,82,retail-sales-momentum,crazy,Retail Sales Momentum,-0.02,3.34,-3.36,99980.1,False,75
2026-04-21,83,83,consumer-discretionary-google-trends-surge-for-sale-keywords,crazy,Consumer Discretionary Google Trends Surge For Sale Keywords,-0.04,3.34,-3.38,99960.96,False,69
2026-04-21,84,84,real-estate-sector-weekly-google-trends-home-buying-surge,crazy,Real Estate Sector Weekly Google Trends Home Buying Surge,-0.05,3.34,-3.39,99954.77,False,73
2026-04-21,85,85,xlb-weekly-rss-news-count-spike-on-commodity-shortage,crazy,Xlb Weekly Rss News Count Spike On Commodity Shortage,-0.06,3.34,-3.41,99935.79,False,71
2026-04-21,86,86,healthcare-sector-google-trends-spike-in-flu-symptoms,crazy,Healthcare Sector Google Trends Spike In Flu Symptoms,-0.08,3.34,-3.42,99917.38,False,69
2026-04-21,87,87,utilities-sector-negative-price-gap-fill,crazy,Utilities Sector Negative Price Gap Fill,-0.08,3.34,-3.42,99921.53,False,69
2026-04-21,88,88,google-gusts,crazy,Google Gusts,-0.09,3.34,-3.43,99912.89,False,71
2026-04-21,89,89,retail-roulette,crazy,Retail Roulette,-0.09,3.34,-3.43,99913.43,False,71
2026-04-21,90,90,xlu-daily-electricity-demand-surge,crazy,Xlu Daily Electricity Demand Surge,-0.1,3.34,-3.44,99898.68,False,71
2026-04-21,91,91,electricity-enlightenment,crazy,Electricity Enlightenment,-0.14,3.34,-3.48,99857.33,False,71
2026-04-21,92,92,tremor-tension,crazy,Tremor Tension,-0.14,3.34,-3.48,99864.21,False,71
2026-04-21,93,93,xle-weekly-drawdown-rebound-signal,crazy,Xle Weekly Drawdown Rebound Signal,-0.33,3.34,-3.67,99667.3,False,71
2026-04-21,94,94,xlc-weekly-google-trends-surge-in-5g-rollout,crazy,Xlc Weekly Google Trends Surge In 5g Rollout,-0.41,3.34,-3.75,99592.39,False,71
2026-04-21,95,95,uber-mobility,crazy,Uber Mobility Index,-0.49,3.34,-3.83,99510.96,False,75
2026-04-21,96,96,copper-momentum,crazy,Copper Momentum,-0.53,3.34,-3.88,99467.13,False,75
2026-04-21,97,97,lumber-momentum,crazy,Lumber Momentum,-0.67,3.34,-4.01,99333.88,False,75
2026-04-21,98,98,electricity-consumption,crazy,Electricity Consumption,-0.72,3.34,-4.06,99281.42,False,75
2026-04-21,99,99,mortgage-rate-housing-proxy,crazy,Mortgage Rate Housing Proxy,-1.11,3.34,-4.45,98892.95,False,75
2026-04-21,100,100,biscotti,normal,Algo Biscotti (Unconditional Loyalty),-1.63,3.34,-4.97,98371.71,False,76
2026-04-21,101,101,biscotti,crazy,Algo Biscotti (Unconditional Loyalty),-4.13,3.34,-7.48,95865.92,False,75
2026-04-21,102,102,baileymol,crazy,Chaos Rotation Lab,-6.03,3.34,-9.37,93969.03,False,75
2026-04-21,103,103,vix-term-structure,crazy,VIX Term Structure,-6.16,3.34,-9.5,93844.3,False,66
2026-04-21,104,104,vix-fear-rotation,crazy,VIX Fear Rotation,-7.95,3.34,-11.29,92052.63,False,66
2026-04-22,1,1,baileymol,normal,Algo Baileymol (Chaos Monger),6.65,4.39,2.26,106647.83,True,78
2026-04-22,2,2,dmsr,normal,Antonacci Dual Momentum Sector Rotation,4.53,4.39,0.15,104534.86,True,78
2026-04-22,3,3,faber,normal,Faber Momentum Rotation,3.85,4.39,-0.54,103846.61,False,78
2026-04-22,4,4,retail-sales-momentum,crazy,Retail Sales Momentum,0.74,4.39,-3.65,100735.93,False,77
2026-04-22,5,5,insider-trading-signals,crazy,Insider Trading Signals,0.16,4.39,-4.23,100155.01,False,77
2026-04-22,6,6,earthquake-aftershock-amplifier,crazy,Earthquake Aftershock Amplifier,0.05,4.39,-4.34,100047.52,False,71
2026-04-22,7,7,finra-dark-pool-signal,crazy,FINRA Dark Pool Signal,0.05,4.39,-4.34,100049.77,False,68
2026-04-22,8,8,semiconductor-moonshot-warning,crazy,Semiconductor Moonshot Warning,0.05,4.39,-4.34,100045.62,False,71
2026-04-22,9,9,materials-sector-weekly-positive-correlation-breakdown-with-,crazy,Materials Sector Weekly Positive Correlation Breakdown With Xlb,0.03,4.39,-4.36,100025.87,False,71
2026-04-22,10,10,staples-sector-drawdown-rapid-recovery,crazy,Staples Sector Drawdown Rapid Recovery,0.02,4.39,-4.36,100024.7,False,71
2026-04-22,11,11,airline-load-factor,crazy,Airline Load Factor Proxy,0.0,4.39,-4.39,100000.0,False,77
2026-04-22,12,12,airport-security-surge,crazy,Airport Security Surge,0.0,4.39,-4.39,100000.0,False,75
2026-04-22,13,13,airport-shopping-spree,crazy,Airport Shopping Spree,0.0,4.39,-4.39,100000.0,False,77
2026-04-22,14,14,bankruptcy-filing-rate,crazy,Bankruptcy Filing Rate,0.0,4.39,-4.39,100000.0,False,77
2026-04-22,15,15,calls311,crazy,311 Call Rotation,0.0,4.39,-4.39,100000.0,False,77
2026-04-22,16,16,cardboard,crazy,Cardboard Box Index,0.0,4.39,-4.39,100000.0,False,77
2026-04-22,17,17,cloud-storage-demand-surge,crazy,Cloud Storage Demand Surge,0.0,4.39,-4.39,100000.0,False,77
2026-04-22,18,18,congress,crazy,Congress Trading Fade,0.0,4.39,-4.39,100000.0,False,77
2026-04-22,19,19,consumer-sentiment,crazy,Consumer Sentiment,0.0,4.39,-4.39,100000.0,False,77
2026-04-22,20,20,craigslist,crazy,Craigslist Desperation Index,0.0,4.39,-4.39,100000.0,False,77
2026-04-22,21,21,credit-card-delinquency,crazy,Credit Card Delinquency,0.0,4.39,-4.39,100000.0,False,77
2026-04-22,22,22,crypto-capitulation-countdown,crazy,Crypto Capitulation Countdown,0.0,4.39,-4.39,100000.0,False,71
2026-04-22,23,23,crypto-derivative-arbitrage,crazy,Crypto Derivative Arbitrage,0.0,4.39,-4.39,100000.0,False,77
2026-04-22,24,24,earthquake-energy-demand,crazy,Earthquake Energy Demand Indicator,0.0,4.39,-4.39,100000.0,False,77
2026-04-22,25,25,electric-vehicle-charge-station-density,crazy,Electric Vehicle Charge Station Density,0.0,4.39,-4.39,100000.0,False,77
2026-04-22,26,26,energy-sector-sudden-weekly-volatility-spike,crazy,Energy Sector Sudden Weekly Volatility Spike,0.0,4.39,-4.39,100000.0,False,68
2026-04-22,27,27,energy-sector-weekly-drawdown-exhaustion,crazy,Energy Sector Weekly Drawdown Exhaustion,0.0,4.39,-4.39,100000.0,False,71
2026-04-22,28,28,ev-charging-boom,crazy,Ev Charging Boom,0.0,4.39,-4.39,100000.0,False,75
2026-04-22,29,29,ev-charging-station-stampede,crazy,Ev Charging Station Stampede,0.0,4.39,-4.39,100000.0,False,71
2026-04-22,30,30,ev-euphoria,crazy,Ev Euphoria,0.0,4.39,-4.39,100000.0,False,73
2026-04-22,31,31,financial-sector-momentum-divergence-with-spy,crazy,Financial Sector Momentum Divergence With Spy,0.0,4.39,-4.39,100000.0,False,71
2026-04-22,32,32,fintech-disruption-wave,crazy,Fintech Disruption Wave,0.0,4.39,-4.39,100000.0,False,75
2026-04-22,33,33,freight-rail-carloads,crazy,Freight Rail Carloads,0.0,4.39,-4.39,100000.0,False,77
2026-04-22,34,34,glassdoor,crazy,Glassdoor Misery Gradient,0.0,4.39,-4.39,100000.0,False,77
2026-04-22,35,35,global-tech-earnings-momentum,crazy,Global Tech Earnings Momentum,0.0,4.39,-4.39,100000.0,False,75
2026-04-22,36,36,high-yield-spread-regime,crazy,High Yield Spread Regime,0.0,4.39,-4.39,100000.0,False,77
2026-04-22,37,37,housing-permit-velocity,crazy,Housing Permit Velocity,0.0,4.39,-4.39,100000.0,False,77
2026-04-22,38,38,job-posting-acceleration,crazy,Job Posting Acceleration,0.0,4.39,-4.39,100000.0,False,77
2026-04-22,39,39,linkedin,crazy,LinkedIn Layoff Propagation,0.0,4.39,-4.39,100000.0,False,77
2026-04-22,40,40,liquor,crazy,Liquor Store Leading Indicator,0.0,4.39,-4.39,100000.0,False,77
2026-04-22,41,41,lumber-futures-rollercoaster,crazy,Lumber Futures Rollercoaster,0.0,4.39,-4.39,100000.0,False,71
2026-04-22,42,42,materials-sector-weekly-volatility-contraction-breakout,crazy,Materials Sector Weekly Volatility Contraction Breakout,0.0,4.39,-4.39,100000.0,False,68
2026-04-22,43,43,misery-rotation,crazy,Misery Rotation,0.0,4.39,-4.39,100000.0,False,77
2026-04-22,44,44,online-ad-impression-volatility,crazy,Online Ad Impression Volatility Trader,0.0,4.39,-4.39,100000.0,False,77
2026-04-22,45,45,patent-filing-velocity,crazy,Patent Filing Velocity,0.0,4.39,-4.39,100000.0,False,68
2026-04-22,46,46,pet-food-supply-chain,crazy,Pet Food Supply Chain Disruption,0.0,4.39,-4.39,100000.0,False,77
2026-04-22,47,47,port-congestion-squeeze,crazy,Port Congestion Squeeze,0.0,4.39,-4.39,100000.0,False,75
2026-04-22,48,48,port-container-volume,crazy,Port Container Volume,0.0,4.39,-4.39,100000.0,False,77
2026-04-22,49,49,reddit-emoji-sentiment-spike,crazy,Reddit Emoji Sentiment Spike,0.0,4.39,-4.39,100000.0,False,77
2026-04-22,50,50,reddit-gaming-thread-spike,crazy,Reddit Gaming Thread Spike,0.0,4.39,-4.39,100000.0,False,77
2026-04-22,51,51,reddit-mentions-volatility-spike,crazy,Reddit Mentions Volatility Spike,0.0,4.39,-4.39,100000.0,False,77
2026-04-22,52,52,reddit-sentiment-spike-trend,crazy,Reddit Sentiment Spike Trend,0.0,4.39,-4.39,100000.0,False,77
2026-04-22,53,53,reddit-sentiment-spike,crazy,Reddit Sentiment Spike,0.0,4.39,-4.39,100000.0,False,77
2026-04-22,54,54,reddit-sentiment-volatility-spike,crazy,Reddit Sentiment Volatility Spike,0.0,4.39,-4.39,100000.0,False,77
2026-04-22,55,55,reddit-subreddit-mention-spike,crazy,Reddit Subreddit Mention Spike,0.0,4.39,-4.39,100000.0,False,77
2026-04-22,56,56,reddit-subreddit-sentiment-spike,crazy,Reddit Subreddit Sentiment Spike,0.0,4.39,-4.39,100000.0,False,77
2026-04-22,57,57,reddit-subreddit-surge-momentum,crazy,Reddit Subreddit Surge Momentum,0.0,4.39,-4.39,100000.0,False,77
2026-04-22,58,58,reddit-volatility-spike,crazy,Reddit Volatility Spike,0.0,4.39,-4.39,100000.0,False,77
2026-04-22,59,59,retail-rush-ahead-of-holidays,crazy,Retail Rush Ahead Of Holidays,0.0,4.39,-4.39,100000.0,False,75
2026-04-22,60,60,rss-roar,crazy,Rss Roar,0.0,4.39,-4.39,100000.0,False,73
2026-04-22,61,61,small-business-formation,crazy,Small Business Formation,0.0,4.39,-4.39,100000.0,False,77
2026-04-22,62,62,social-media-sentiment-spike,crazy,Social Media Sentiment Spike,0.0,4.39,-4.39,100000.0,False,77
2026-04-22,63,63,solar-storm-scorcher,crazy,Solar Storm Scorcher,0.0,4.39,-4.39,100000.0,False,71
2026-04-22,64,64,superbowl-futures-trade,crazy,Superbowl Futures Trade,0.0,4.39,-4.39,100000.0,False,77
2026-04-22,65,65,technology-sector-daily-ev-charger-count-surge,crazy,Technology Sector Daily Ev Charger Count Surge,0.0,4.39,-4.39,100000.0,False,71
2026-04-22,66,66,truck-tonnage,crazy,Truck Tonnage Index,0.0,4.39,-4.39,100000.0,False,77
2026-04-22,67,67,tsa,crazy,TSA Body Count,0.0,4.39,-4.39,100000.0,False,77
2026-04-22,68,68,twitter-sentiment-spike,crazy,Twitter Sentiment Spike,0.0,4.39,-4.39,100000.0,False,77
2026-04-22,69,69,utilities-sector-weekly-temperature-drop-signal,crazy,Utilities Sector Weekly Temperature Drop Signal,0.0,4.39,-4.39,100000.0,False,75
2026-04-22,70,70,utility-power-grid-stress,crazy,Utility Power Grid Stress,0.0,4.39,-4.39,100000.0,False,75
2026-04-22,71,71,volatility-spike-follow-through,crazy,Volatility Spike Follow-Through,0.0,4.39,-4.39,100000.0,False,77
2026-04-22,72,72,weather-disruption-ripple-effects,crazy,Weather Disruption Ripple Effects,0.0,4.39,-4.39,100000.0,False,75
2026-04-22,73,73,weather-volatility-spike,crazy,Weather Volatility Spike,0.0,4.39,-4.39,100000.0,False,77
2026-04-22,74,74,weather-windfall,crazy,Weather Windfall,0.0,4.39,-4.39,100000.0,False,73
2026-04-22,75,75,work-from-home-frenzy,crazy,Work From Home Frenzy,0.0,4.39,-4.39,100000.0,False,75
2026-04-22,76,76,xlb-daily-volatility-contraction-breakout,crazy,Xlb Daily Volatility Contraction Breakout,0.0,4.39,-4.39,100000.0,False,73
2026-04-22,77,77,xlu-weekly-cold-snap-weather-correlation,crazy,Xlu Weekly Cold Snap Weather Correlation,0.0,4.39,-4.39,100000.0,False,73
2026-04-22,78,78,xlv-google-trends-flu-search-spike,crazy,Xlv Google Trends Flu Search Spike,0.0,4.39,-4.39,100000.0,False,73
2026-04-22,79,79,yelp-closure-velocity,crazy,Yelp Closure Velocity,0.0,4.39,-4.39,100000.0,False,68
2026-04-22,80,80,yield-curve-regime,crazy,Yield Curve Regime,0.0,4.39,-4.39,100000.0,False,77
2026-04-22,81,81,simple_monthly,normal,Quantified Simple Monthly Rotation,0.0,4.39,-4.39,100000.0,False,78
2026-04-22,82,82,industrial-sector-weekly-earthquake-activity-correlation-dip,crazy,Industrial Sector Weekly Earthquake Activity Correlation Dip,-0.03,4.39,-4.42,99968.17,False,71
2026-04-22,83,83,consumer-discretionary-google-trends-surge-for-sale-keywords,crazy,Consumer Discretionary Google Trends Surge For Sale Keywords,-0.04,4.39,-4.43,99960.96,False,71
2026-04-22,84,84,real-estate-sector-weekly-google-trends-home-buying-surge,crazy,Real Estate Sector Weekly Google Trends Home Buying Surge,-0.05,4.39,-4.43,99954.77,False,75
2026-04-22,85,85,xlb-weekly-rss-news-count-spike-on-commodity-shortage,crazy,Xlb Weekly Rss News Count Spike On Commodity Shortage,-0.07,4.39,-4.46,99925.84,False,73
2026-04-22,86,86,healthcare-sector-google-trends-spike-in-flu-symptoms,crazy,Healthcare Sector Google Trends Spike In Flu Symptoms,-0.08,4.39,-4.47,99917.38,False,71
2026-04-22,87,87,utilities-sector-negative-price-gap-fill,crazy,Utilities Sector Negative Price Gap Fill,-0.08,4.39,-4.47,99921.53,False,71
2026-04-22,88,88,retail-roulette,crazy,Retail Roulette,-0.09,4.39,-4.48,99913.43,False,73
2026-04-22,89,89,google-gusts,crazy,Google Gusts,-0.1,4.39,-4.49,99902.94,False,73
2026-04-22,90,90,xlu-daily-electricity-demand-surge,crazy,Xlu Daily Electricity Demand Surge,-0.1,4.39,-4.49,99898.68,False,73
2026-04-22,91,92,electricity-enlightenment,crazy,Electricity Enlightenment,-0.14,4.39,-4.53,99857.33,False,73
2026-04-22,92,91,tremor-tension,crazy,Tremor Tension,-0.14,4.39,-4.52,99864.21,False,73
2026-04-22,93,93,xle-weekly-drawdown-rebound-signal,crazy,Xle Weekly Drawdown Rebound Signal,-0.33,4.39,-4.72,99667.3,False,73
2026-04-22,94,94,uber-mobility,crazy,Uber Mobility Index,-0.41,4.39,-4.8,99589.17,False,77
2026-04-22,95,95,xlc-weekly-google-trends-surge-in-5g-rollout,crazy,Xlc Weekly Google Trends Surge In 5g Rollout,-0.41,4.39,-4.8,99592.39,False,73
2026-04-22,96,96,copper-momentum,crazy,Copper Momentum,-0.56,4.39,-4.95,99438.49,False,77
2026-04-22,97,97,electricity-consumption,crazy,Electricity Consumption,-0.78,4.39,-5.17,99218.21,False,77
2026-04-22,98,98,lumber-momentum,crazy,Lumber Momentum,-0.87,4.39,-5.25,99134.12,False,77
2026-04-22,99,99,mortgage-rate-housing-proxy,crazy,Mortgage Rate Housing Proxy,-1.03,4.39,-5.42,98971.93,False,77
2026-04-22,100,100,biscotti,normal,Algo Biscotti (Unconditional Loyalty),-1.86,4.39,-6.25,98142.18,False,78
2026-04-22,101,101,biscotti,crazy,Algo Biscotti (Unconditional Loyalty),-3.82,4.39,-8.21,96182.2,False,77
2026-04-22,102,102,vix-term-structure,crazy,VIX Term Structure,-5.34,4.39,-9.73,94663.14,False,68
2026-04-22,103,103,baileymol,crazy,Chaos Rotation Lab,-5.35,4.39,-9.74,94649.27,False,77
2026-04-22,104,104,vix-fear-rotation,crazy,VIX Fear Rotation,-7.14,4.39,-11.53,92855.84,False,68
2026-04-23,1,1,baileymol,normal,Algo Baileymol (Chaos Monger),5.78,3.98,1.8,105781.58,True,79
2026-04-23,2,2,dmsr,normal,Antonacci Dual Momentum Sector Rotation,4.76,3.98,0.78,104760.23,True,79
2026-04-23,3,3,faber,normal,Faber Momentum Rotation,3.85,3.98,-0.14,103846.61,False,79
2026-04-23,4,4,finra-dark-pool-signal,crazy,FINRA Dark Pool Signal,1.67,3.98,-2.31,101669.32,False,69
2026-04-23,5,5,uber-mobility,crazy,Uber Mobility Index,1.07,3.98,-2.92,101066.05,False,78
2026-04-23,6,6,insider-trading-signals,crazy,Insider Trading Signals,0.99,3.98,-2.99,100992.01,False,78
2026-04-23,7,7,mortgage-rate-housing-proxy,crazy,Mortgage Rate Housing Proxy,0.43,3.98,-3.55,100429.39,False,78
2026-04-23,8,8,earthquake-aftershock-amplifier,crazy,Earthquake Aftershock Amplifier,0.05,3.98,-3.94,100047.52,False,72
2026-04-23,9,9,semiconductor-moonshot-warning,crazy,Semiconductor Moonshot Warning,0.05,3.98,-3.94,100045.62,False,72
2026-04-23,10,10,copper-momentum,crazy,Copper Momentum,0.03,3.98,-3.95,100032.35,False,78
2026-04-23,11,11,materials-sector-weekly-positive-correlation-breakdown-with-,crazy,Materials Sector Weekly Positive Correlation Breakdown With Xlb,0.03,3.98,-3.96,100025.87,False,72
2026-04-23,12,12,staples-sector-drawdown-rapid-recovery,crazy,Staples Sector Drawdown Rapid Recovery,0.02,3.98,-3.96,100024.7,False,72
2026-04-23,13,13,airline-load-factor,crazy,Airline Load Factor Proxy,0.0,3.98,-3.98,100000.0,False,78
2026-04-23,14,14,airport-security-surge,crazy,Airport Security Surge,0.0,3.98,-3.98,100000.0,False,76
2026-04-23,15,15,airport-shopping-spree,crazy,Airport Shopping Spree,0.0,3.98,-3.98,100000.0,False,78
2026-04-23,16,16,bankruptcy-filing-rate,crazy,Bankruptcy Filing Rate,0.0,3.98,-3.98,100000.0,False,78
2026-04-23,17,17,calls311,crazy,311 Call Rotation,0.0,3.98,-3.98,100000.0,False,78
2026-04-23,18,18,cardboard,crazy,Cardboard Box Index,0.0,3.98,-3.98,100000.0,False,78
2026-04-23,19,19,cloud-storage-demand-surge,crazy,Cloud Storage Demand Surge,0.0,3.98,-3.98,100000.0,False,78
2026-04-23,20,20,congress,crazy,Congress Trading Fade,0.0,3.98,-3.98,100000.0,False,78
2026-04-23,21,21,consumer-sentiment,crazy,Consumer Sentiment,0.0,3.98,-3.98,100000.0,False,78
2026-04-23,22,22,craigslist,crazy,Craigslist Desperation Index,0.0,3.98,-3.98,100000.0,False,78
2026-04-23,23,23,credit-card-delinquency,crazy,Credit Card Delinquency,0.0,3.98,-3.98,100000.0,False,78
2026-04-23,24,24,crypto-capitulation-countdown,crazy,Crypto Capitulation Countdown,0.0,3.98,-3.98,100000.0,False,72
2026-04-23,25,25,crypto-derivative-arbitrage,crazy,Crypto Derivative Arbitrage,0.0,3.98,-3.98,100000.0,False,78
2026-04-23,26,26,earthquake-energy-demand,crazy,Earthquake Energy Demand Indicator,0.0,3.98,-3.98,100000.0,False,78
2026-04-23,27,27,electric-vehicle-charge-station-density,crazy,Electric Vehicle Charge Station Density,0.0,3.98,-3.98,100000.0,False,78
2026-04-23,28,28,energy-sector-sudden-weekly-volatility-spike,crazy,Energy Sector Sudden Weekly Volatility Spike,0.0,3.98,-3.98,100000.0,False,69
2026-04-23,29,29,energy-sector-weekly-drawdown-exhaustion,crazy,Energy Sector Weekly Drawdown Exhaustion,0.0,3.98,-3.98,100000.0,False,72
2026-04-23,30,30,ev-charger-density-saturation-play,crazy,Ev Charger Density Saturation Play,0.0,3.98,-3.98,100000.0,False,67
2026-04-23,31,31,ev-charging-boom,crazy,Ev Charging Boom,0.0,3.98,-3.98,100000.0,False,76
2026-04-23,32,32,ev-charging-station-stampede,crazy,Ev Charging Station Stampede,0.0,3.98,-3.98,100000.0,False,72
2026-04-23,33,33,ev-euphoria,crazy,Ev Euphoria,0.0,3.98,-3.98,100000.0,False,74
2026-04-23,34,34,financial-sector-momentum-divergence-with-spy,crazy,Financial Sector Momentum Divergence With Spy,0.0,3.98,-3.98,100000.0,False,72
2026-04-23,35,35,fintech-disruption-wave,crazy,Fintech Disruption Wave,0.0,3.98,-3.98,100000.0,False,76
2026-04-23,36,36,freight-rail-carloads,crazy,Freight Rail Carloads,0.0,3.98,-3.98,100000.0,False,78
2026-04-23,37,37,glassdoor,crazy,Glassdoor Misery Gradient,0.0,3.98,-3.98,100000.0,False,78
2026-04-23,38,38,global-tech-earnings-momentum,crazy,Global Tech Earnings Momentum,0.0,3.98,-3.98,100000.0,False,76
2026-04-23,39,39,high-yield-spread-regime,crazy,High Yield Spread Regime,0.0,3.98,-3.98,100000.0,False,78
2026-04-23,40,40,housing-permit-velocity,crazy,Housing Permit Velocity,0.0,3.98,-3.98,100000.0,False,78
2026-04-23,41,41,job-posting-acceleration,crazy,Job Posting Acceleration,0.0,3.98,-3.98,100000.0,False,78
2026-04-23,42,42,linkedin,crazy,LinkedIn Layoff Propagation,0.0,3.98,-3.98,100000.0,False,78
2026-04-23,43,43,liquor,crazy,Liquor Store Leading Indicator,0.0,3.98,-3.98,100000.0,False,78
2026-04-23,44,44,lumber-futures-rollercoaster,crazy,Lumber Futures Rollercoaster,0.0,3.98,-3.98,100000.0,False,72
2026-04-23,45,45,materials-sector-weekly-volatility-contraction-breakout,crazy,Materials Sector Weekly Volatility Contraction Breakout,0.0,3.98,-3.98,100000.0,False,69
2026-04-23,46,46,misery-rotation,crazy,Misery Rotation,0.0,3.98,-3.98,100000.0,False,78
2026-04-23,47,47,online-ad-impression-volatility,crazy,Online Ad Impression Volatility Trader,0.0,3.98,-3.98,100000.0,False,78
2026-04-23,48,48,patent-filing-velocity,crazy,Patent Filing Velocity,0.0,3.98,-3.98,100000.0,False,69
2026-04-23,49,49,pet-food-supply-chain,crazy,Pet Food Supply Chain Disruption,0.0,3.98,-3.98,100000.0,False,78
2026-04-23,50,50,port-congestion-squeeze,crazy,Port Congestion Squeeze,0.0,3.98,-3.98,100000.0,False,76
2026-04-23,51,51,port-container-volume,crazy,Port Container Volume,0.0,3.98,-3.98,100000.0,False,78
2026-04-23,52,52,reddit-emoji-sentiment-spike,crazy,Reddit Emoji Sentiment Spike,0.0,3.98,-3.98,100000.0,False,78
2026-04-23,53,53,reddit-gaming-thread-spike,crazy,Reddit Gaming Thread Spike,0.0,3.98,-3.98,100000.0,False,78
2026-04-23,54,54,reddit-mentions-volatility-spike,crazy,Reddit Mentions Volatility Spike,0.0,3.98,-3.98,100000.0,False,78
2026-04-23,55,55,reddit-sentiment-spike-trend,crazy,Reddit Sentiment Spike Trend,0.0,3.98,-3.98,100000.0,False,78
2026-04-23,56,56,reddit-sentiment-spike,crazy,Reddit Sentiment Spike,0.0,3.98,-3.98,100000.0,False,78
2026-04-23,57,57,reddit-sentiment-volatility-spike,crazy,Reddit Sentiment Volatility Spike,0.0,3.98,-3.98,100000.0,False,78
2026-04-23,58,58,reddit-subreddit-mention-spike,crazy,Reddit Subreddit Mention Spike,0.0,3.98,-3.98,100000.0,False,78
2026-04-23,59,59,reddit-subreddit-sentiment-spike,crazy,Reddit Subreddit Sentiment Spike,0.0,3.98,-3.98,100000.0,False,78
2026-04-23,60,60,reddit-subreddit-surge-momentum,crazy,Reddit Subreddit Surge Momentum,0.0,3.98,-3.98,100000.0,False,78
2026-04-23,61,61,reddit-volatility-spike,crazy,Reddit Volatility Spike,0.0,3.98,-3.98,100000.0,False,78
2026-04-23,62,62,rental-car-shortage-volatility-spike,crazy,Rental Car Shortage Volatility Spike,0.0,3.98,-3.98,100000.0,False,67
2026-04-23,63,63,retail-rush-ahead-of-holidays,crazy,Retail Rush Ahead Of Holidays,0.0,3.98,-3.98,100000.0,False,76
2026-04-23,64,64,rss-roar,crazy,Rss Roar,0.0,3.98,-3.98,100000.0,False,74
2026-04-23,65,65,shipping-container-squeeze-play,crazy,Shipping Container Squeeze Play,0.0,3.98,-3.98,100000.0,False,67
2026-04-23,66,66,small-business-formation,crazy,Small Business Formation,0.0,3.98,-3.98,100000.0,False,78
2026-04-23,67,67,social-media-sentiment-spike,crazy,Social Media Sentiment Spike,0.0,3.98,-3.98,100000.0,False,78
2026-04-23,68,68,solar-storm-scorcher,crazy,Solar Storm Scorcher,0.0,3.98,-3.98,100000.0,False,72
2026-04-23,69,69,superbowl-futures-trade,crazy,Superbowl Futures Trade,0.0,3.98,-3.98,100000.0,False,78
2026-04-23,70,70,technology-sector-daily-ev-charger-count-surge,crazy,Technology Sector Daily Ev Charger Count Surge,0.0,3.98,-3.98,100000.0,False,72
2026-04-23,71,71,temperature-shock-energy-demand-flip,crazy,Temperature Shock Energy Demand Flip,0.0,3.98,-3.98,100000.0,False,67
2026-04-23,72,72,truck-tonnage,crazy,Truck Tonnage Index,0.0,3.98,-3.98,100000.0,False,78
2026-04-23,73,73,tsa,crazy,TSA Body Count,0.0,3.98,-3.98,100000.0,False,78
2026-04-23,74,74,twitter-sentiment-spike,crazy,Twitter Sentiment Spike,0.0,3.98,-3.98,100000.0,False,78
2026-04-23,75,75,utilities-sector-weekly-temperature-drop-signal,crazy,Utilities Sector Weekly Temperature Drop Signal,0.0,3.98,-3.98,100000.0,False,76
2026-04-23,76,76,utility-power-grid-stress,crazy,Utility Power Grid Stress,0.0,3.98,-3.98,100000.0,False,76
2026-04-23,77,77,volatility-spike-follow-through,crazy,Volatility Spike Follow-Through,0.0,3.98,-3.98,100000.0,False,78
2026-04-23,78,78,weather-disruption-ripple-effects,crazy,Weather Disruption Ripple Effects,0.0,3.98,-3.98,100000.0,False,76
2026-04-23,79,79,weather-volatility-spike,crazy,Weather Volatility Spike,0.0,3.98,-3.98,100000.0,False,78
2026-04-23,80,80,weather-windfall,crazy,Weather Windfall,0.0,3.98,-3.98,100000.0,False,74
2026-04-23,81,81,work-from-home-frenzy,crazy,Work From Home Frenzy,0.0,3.98,-3.98,100000.0,False,76
2026-04-23,82,82,xlb-daily-volatility-contraction-breakout,crazy,Xlb Daily Volatility Contraction Breakout,0.0,3.98,-3.98,100000.0,False,74
2026-04-23,83,83,xlu-weekly-cold-snap-weather-correlation,crazy,Xlu Weekly Cold Snap Weather Correlation,0.0,3.98,-3.98,100000.0,False,74
2026-04-23,84,84,xlv-google-trends-flu-search-spike,crazy,Xlv Google Trends Flu Search Spike,0.0,3.98,-3.98,100000.0,False,74
2026-04-23,85,85,yelp-closure-velocity,crazy,Yelp Closure Velocity,0.0,3.98,-3.98,100000.0,False,69
2026-04-23,86,86,yield-curve-regime,crazy,Yield Curve Regime,0.0,3.98,-3.98,100000.0,False,78
2026-04-23,87,87,simple_monthly,normal,Quantified Simple Monthly Rotation,0.0,3.98,-3.98,100000.0,False,79
2026-04-23,88,88,electricity-consumption,crazy,Electricity Consumption,-0.01,3.98,-3.99,99989.87,False,78
2026-04-23,89,89,consumer-discretionary-google-trends-surge-for-sale-keywords,crazy,Consumer Discretionary Google Trends Surge For Sale Keywords,-0.04,3.98,-4.02,99960.96,False,72
2026-04-23,90,90,industrial-sector-weekly-earthquake-activity-correlation-dip,crazy,Industrial Sector Weekly Earthquake Activity Correlation Dip,-0.04,3.98,-4.03,99958.22,False,72
2026-04-23,91,91,real-estate-sector-weekly-google-trends-home-buying-surge,crazy,Real Estate Sector Weekly Google Trends Home Buying Surge,-0.05,3.98,-4.03,99954.77,False,76
2026-04-23,92,92,news-sentiment-rotation-fade-trade,crazy,News Sentiment Rotation Fade Trade,-0.07,3.98,-4.05,99929.81,False,67
2026-04-23,93,94,healthcare-sector-google-trends-spike-in-flu-symptoms,crazy,Healthcare Sector Google Trends Spike In Flu Symptoms,-0.08,3.98,-4.07,99917.38,False,72
2026-04-23,94,93,utilities-sector-negative-price-gap-fill,crazy,Utilities Sector Negative Price Gap Fill,-0.08,3.98,-4.06,99921.53,False,72
2026-04-23,95,95,retail-roulette,crazy,Retail Roulette,-0.09,3.98,-4.07,99913.43,False,74
2026-04-23,96,96,xlb-weekly-rss-news-count-spike-on-commodity-shortage,crazy,Xlb Weekly Rss News Count Spike On Commodity Shortage,-0.09,3.98,-4.07,99913.68,False,74
2026-04-23,97,97,xlu-daily-electricity-demand-surge,crazy,Xlu Daily Electricity Demand Surge,-0.1,3.98,-4.08,99898.68,False,74
2026-04-23,98,98,biscotti,normal,Algo Biscotti (Unconditional Loyalty),-0.12,3.98,-4.1,99880.8,False,79
2026-04-23,99,99,google-gusts,crazy,Google Gusts,-0.13,3.98,-4.11,99871.97,False,74
2026-04-23,100,102,electricity-enlightenment,crazy,Electricity Enlightenment,-0.14,3.98,-4.13,99857.33,False,74
2026-04-23,101,100,seismic-activity-construction-halt-signal,crazy,Seismic Activity Construction Halt Signal,-0.14,3.98,-4.12,99861.92,False,67
2026-04-23,102,101,tremor-tension,crazy,Tremor Tension,-0.14,3.98,-4.12,99864.21,False,74
2026-04-23,103,103,retail-sales-momentum,crazy,Retail Sales Momentum,-0.17,3.98,-4.16,99826.75,False,78
2026-04-23,104,104,grocery-store-foot-traffic-collapse-signal,crazy,Grocery Store Foot Traffic Collapse Signal,-0.31,3.98,-4.3,99688.36,False,67
2026-04-23,105,105,xle-weekly-drawdown-rebound-signal,crazy,Xle Weekly Drawdown Rebound Signal,-0.33,3.98,-4.32,99667.3,False,74
2026-04-23,106,106,healthcare-cost-shock-google-search-spike,crazy,Healthcare Cost Shock Google Search Spike,-0.37,3.98,-4.36,99617.84,False,67
2026-04-23,107,107,xlc-weekly-google-trends-surge-in-5g-rollout,crazy,Xlc Weekly Google Trends Surge In 5g Rollout,-0.41,3.98,-4.39,99592.39,False,74
2026-04-23,108,108,lumber-momentum,crazy,Lumber Momentum,-0.49,3.98,-4.47,99510.21,False,78
2026-04-23,109,109,biscotti,crazy,Algo Biscotti (Unconditional Loyalty),-2.21,3.98,-6.2,97786.99,False,78
2026-04-23,110,110,baileymol,crazy,Chaos Rotation Lab,-6.12,3.98,-10.1,93880.46,False,78
2026-04-23,111,111,vix-term-structure,crazy,VIX Term Structure,-6.21,3.98,-10.2,93788.26,False,69
2026-04-23,112,112,vix-fear-rotation,crazy,VIX Fear Rotation,-8.0,3.98,-11.99,91997.66,False,69
2026-04-24,1,1,baileymol,normal,Algo Baileymol (Chaos Monger),7.06,4.79,2.28,107064.56,True,82
2026-04-24,2,2,dmsr,normal,Antonacci Dual Momentum Sector Rotation,5.29,4.79,0.5,105293.53,True,82
2026-04-24,3,3,faber,normal,Faber Momentum Rotation,3.85,4.79,-0.94,103846.61,False,82
2026-04-24,4,4,finra-dark-pool-signal,crazy,FINRA Dark Pool Signal,1.62,4.79,-3.17,101617.21,False,72
2026-04-24,5,5,retail-sales-momentum,crazy,Retail Sales Momentum,1.14,4.79,-3.65,101137.17,False,81
2026-04-24,6,6,uber-mobility,crazy,Uber Mobility Index,1.0,4.79,-3.79,101004.21,False,81
2026-04-24,7,7,insider-trading-signals,crazy,Insider Trading Signals,0.84,4.79,-3.95,100839.27,False,81
2026-04-24,8,8,mortgage-rate-housing-proxy,crazy,Mortgage Rate Housing Proxy,0.37,4.79,-4.42,100366.62,False,81
2026-04-24,9,9,earthquake-aftershock-amplifier,crazy,Earthquake Aftershock Amplifier,0.05,4.79,-4.74,100047.52,False,75
2026-04-24,10,10,semiconductor-moonshot-warning,crazy,Semiconductor Moonshot Warning,0.05,4.79,-4.74,100045.62,False,75
2026-04-24,11,11,weekly-spike-in-google-trends-searches-for-warehouse-automat,crazy,Weekly Spike In Google Trends Searches For Warehouse Automation Failure Signals Bearish Xli,0.04,4.79,-4.75,100039.42,False,67
2026-04-24,12,12,materials-sector-weekly-positive-correlation-breakdown-with-,crazy,Materials Sector Weekly Positive Correlation Breakdown With Xlb,0.03,4.79,-4.76,100025.87,False,75
2026-04-24,13,13,staples-sector-drawdown-rapid-recovery,crazy,Staples Sector Drawdown Rapid Recovery,0.02,4.79,-4.76,100024.7,False,75
2026-04-24,14,14,airline-load-factor,crazy,Airline Load Factor Proxy,0.0,4.79,-4.79,100000.0,False,81
2026-04-24,15,15,airport-security-surge,crazy,Airport Security Surge,0.0,4.79,-4.79,100000.0,False,79
2026-04-24,16,16,airport-shopping-spree,crazy,Airport Shopping Spree,0.0,4.79,-4.79,100000.0,False,81
2026-04-24,17,17,bankruptcy-filing-rate,crazy,Bankruptcy Filing Rate,0.0,4.79,-4.79,100000.0,False,81
2026-04-24,18,18,calls311,crazy,311 Call Rotation,0.0,4.79,-4.79,100000.0,False,81
2026-04-24,19,19,cardboard,crazy,Cardboard Box Index,0.0,4.79,-4.79,100000.0,False,81
2026-04-24,20,20,cloud-storage-demand-surge,crazy,Cloud Storage Demand Surge,0.0,4.79,-4.79,100000.0,False,81
2026-04-24,21,21,congress,crazy,Congress Trading Fade,0.0,4.79,-4.79,100000.0,False,81
2026-04-24,22,22,consumer-sentiment,crazy,Consumer Sentiment,0.0,4.79,-4.79,100000.0,False,81
2026-04-24,23,23,craigslist,crazy,Craigslist Desperation Index,0.0,4.79,-4.79,100000.0,False,81
2026-04-24,24,24,credit-card-delinquency,crazy,Credit Card Delinquency,0.0,4.79,-4.79,100000.0,False,81
2026-04-24,25,25,crypto-capitulation-countdown,crazy,Crypto Capitulation Countdown,0.0,4.79,-4.79,100000.0,False,75
2026-04-24,26,26,crypto-derivative-arbitrage,crazy,Crypto Derivative Arbitrage,0.0,4.79,-4.79,100000.0,False,81
2026-04-24,27,27,daily-spike-in-freight-logistics-rss-news-volume-mentioning-,crazy,Daily Spike In Freight Logistics Rss News Volume Mentioning Port Labor Strike Triggers Bearish Xli,0.0,4.79,-4.79,100000.0,False,67
2026-04-24,28,28,daily-spike-in-rss-news-counts-around-labor-union-contract-n,crazy,Daily Spike In Rss News Counts Around Labor Union Contract Negotiation Signals Bearish Xlf,0.0,4.79,-4.79,100000.0,False,67
2026-04-24,29,29,daily-spike-in-rss-news-counts-mentioning-politician-insider,crazy,Daily Spike In Rss News Counts Mentioning Politician Insider Buying Tech Stock Signals Bullish Xlk,0.0,4.79,-4.79,100000.0,False,67
2026-04-24,30,30,earthquake-energy-demand,crazy,Earthquake Energy Demand Indicator,0.0,4.79,-4.79,100000.0,False,81
2026-04-24,31,31,electric-vehicle-charge-station-density,crazy,Electric Vehicle Charge Station Density,0.0,4.79,-4.79,100000.0,False,81
2026-04-24,32,32,energy-sector-sudden-weekly-volatility-spike,crazy,Energy Sector Sudden Weekly Volatility Spike,0.0,4.79,-4.79,100000.0,False,72
2026-04-24,33,33,energy-sector-weekly-drawdown-exhaustion,crazy,Energy Sector Weekly Drawdown Exhaustion,0.0,4.79,-4.79,100000.0,False,75
2026-04-24,34,34,ev-charger-density-saturation-play,crazy,Ev Charger Density Saturation Play,0.0,4.79,-4.79,100000.0,False,70
2026-04-24,35,35,ev-charger-network-expansion-sprint-demand-surge,crazy,Ev Charger Network Expansion Sprint Demand Surge,0.0,4.79,-4.79,100000.0,False,67
2026-04-24,36,36,ev-charging-boom,crazy,Ev Charging Boom,0.0,4.79,-4.79,100000.0,False,79
2026-04-24,37,37,ev-charging-station-stampede,crazy,Ev Charging Station Stampede,0.0,4.79,-4.79,100000.0,False,75
2026-04-24,38,38,ev-euphoria,crazy,Ev Euphoria,0.0,4.79,-4.79,100000.0,False,77
2026-04-24,39,39,financial-sector-momentum-divergence-with-spy,crazy,Financial Sector Momentum Divergence With Spy,0.0,4.79,-4.79,100000.0,False,75
2026-04-24,40,40,fintech-disruption-wave,crazy,Fintech Disruption Wave,0.0,4.79,-4.79,100000.0,False,79
2026-04-24,41,41,freight-rail-carloads,crazy,Freight Rail Carloads,0.0,4.79,-4.79,100000.0,False,81
2026-04-24,42,42,glassdoor,crazy,Glassdoor Misery Gradient,0.0,4.79,-4.79,100000.0,False,81
2026-04-24,43,43,global-tech-earnings-momentum,crazy,Global Tech Earnings Momentum,0.0,4.79,-4.79,100000.0,False,79
2026-04-24,44,44,high-yield-spread-regime,crazy,High Yield Spread Regime,0.0,4.79,-4.79,100000.0,False,81
2026-04-24,45,45,housing-permit-velocity,crazy,Housing Permit Velocity,0.0,4.79,-4.79,100000.0,False,81
2026-04-24,46,46,job-posting-acceleration,crazy,Job Posting Acceleration,0.0,4.79,-4.79,100000.0,False,81
2026-04-24,47,47,linkedin,crazy,LinkedIn Layoff Propagation,0.0,4.79,-4.79,100000.0,False,81
2026-04-24,48,48,liquor,crazy,Liquor Store Leading Indicator,0.0,4.79,-4.79,100000.0,False,81
2026-04-24,49,49,lumber-futures-rollercoaster,crazy,Lumber Futures Rollercoaster,0.0,4.79,-4.79,100000.0,False,75
2026-04-24,50,50,materials-sector-weekly-volatility-contraction-breakout,crazy,Materials Sector Weekly Volatility Contraction Breakout,0.0,4.79,-4.79,100000.0,False,72
2026-04-24,51,51,misery-rotation,crazy,Misery Rotation,0.0,4.79,-4.79,100000.0,False,81
2026-04-24,52,52,online-ad-impression-volatility,crazy,Online Ad Impression Volatility Trader,0.0,4.79,-4.79,100000.0,False,81
2026-04-24,53,53,patent-filing-velocity,crazy,Patent Filing Velocity,0.0,4.79,-4.79,100000.0,False,72
2026-04-24,54,54,pet-food-supply-chain,crazy,Pet Food Supply Chain Disruption,0.0,4.79,-4.79,100000.0,False,81
2026-04-24,55,55,port-congestion-squeeze,crazy,Port Congestion Squeeze,0.0,4.79,-4.79,100000.0,False,79
2026-04-24,56,56,port-container-volume,crazy,Port Container Volume,0.0,4.79,-4.79,100000.0,False,81
2026-04-24,57,57,reddit-emoji-sentiment-spike,crazy,Reddit Emoji Sentiment Spike,0.0,4.79,-4.79,100000.0,False,81
2026-04-24,58,58,reddit-gaming-thread-spike,crazy,Reddit Gaming Thread Spike,0.0,4.79,-4.79,100000.0,False,81
2026-04-24,59,59,reddit-mentions-volatility-spike,crazy,Reddit Mentions Volatility Spike,0.0,4.79,-4.79,100000.0,False,81
2026-04-24,60,60,reddit-sentiment-spike-trend,crazy,Reddit Sentiment Spike Trend,0.0,4.79,-4.79,100000.0,False,81
2026-04-24,61,61,reddit-sentiment-spike,crazy,Reddit Sentiment Spike,0.0,4.79,-4.79,100000.0,False,81
2026-04-24,62,62,reddit-sentiment-volatility-spike,crazy,Reddit Sentiment Volatility Spike,0.0,4.79,-4.79,100000.0,False,81
2026-04-24,63,63,reddit-subreddit-mention-spike,crazy,Reddit Subreddit Mention Spike,0.0,4.79,-4.79,100000.0,False,81
2026-04-24,64,64,reddit-subreddit-sentiment-spike,crazy,Reddit Subreddit Sentiment Spike,0.0,4.79,-4.79,100000.0,False,81
2026-04-24,65,65,reddit-subreddit-surge-momentum,crazy,Reddit Subreddit Surge Momentum,0.0,4.79,-4.79,100000.0,False,81
2026-04-24,66,66,reddit-volatility-spike,crazy,Reddit Volatility Spike,0.0,4.79,-4.79,100000.0,False,81
2026-04-24,67,67,rental-car-shortage-volatility-spike,crazy,Rental Car Shortage Volatility Spike,0.0,4.79,-4.79,100000.0,False,70
2026-04-24,68,68,retail-rush-ahead-of-holidays,crazy,Retail Rush Ahead Of Holidays,0.0,4.79,-4.79,100000.0,False,79
2026-04-24,69,69,rss-roar,crazy,Rss Roar,0.0,4.79,-4.79,100000.0,False,77
2026-04-24,70,70,shipping-container-squeeze-play,crazy,Shipping Container Squeeze Play,0.0,4.79,-4.79,100000.0,False,70
2026-04-24,71,71,small-business-formation,crazy,Small Business Formation,0.0,4.79,-4.79,100000.0,False,81
2026-04-24,72,72,social-media-sentiment-spike,crazy,Social Media Sentiment Spike,0.0,4.79,-4.79,100000.0,False,81
2026-04-24,73,73,solar-storm-scorcher,crazy,Solar Storm Scorcher,0.0,4.79,-4.79,100000.0,False,75
2026-04-24,74,74,superbowl-futures-trade,crazy,Superbowl Futures Trade,0.0,4.79,-4.79,100000.0,False,81
2026-04-24,75,75,technology-sector-daily-ev-charger-count-surge,crazy,Technology Sector Daily Ev Charger Count Surge,0.0,4.79,-4.79,100000.0,False,75
2026-04-24,76,76,temperature-extremes-power-demand-spike-utility-boost,crazy,Temperature Extremes Power Demand Spike Utility Boost,0.0,4.79,-4.79,100000.0,False,67
2026-04-24,77,77,temperature-shock-energy-demand-flip,crazy,Temperature Shock Energy Demand Flip,0.0,4.79,-4.79,100000.0,False,70
2026-04-24,78,78,truck-tonnage,crazy,Truck Tonnage Index,0.0,4.79,-4.79,100000.0,False,81
2026-04-24,79,79,tsa,crazy,TSA Body Count,0.0,4.79,-4.79,100000.0,False,81
2026-04-24,80,80,twitter-sentiment-spike,crazy,Twitter Sentiment Spike,0.0,4.79,-4.79,100000.0,False,81
2026-04-24,81,81,utilities-sector-weekly-temperature-drop-signal,crazy,Utilities Sector Weekly Temperature Drop Signal,0.0,4.79,-4.79,100000.0,False,79
2026-04-24,82,82,utility-power-grid-stress,crazy,Utility Power Grid Stress,0.0,4.79,-4.79,100000.0,False,79
2026-04-24,83,83,volatility-spike-follow-through,crazy,Volatility Spike Follow-Through,0.0,4.79,-4.79,100000.0,False,81
2026-04-24,84,84,weather-disruption-ripple-effects,crazy,Weather Disruption Ripple Effects,0.0,4.79,-4.79,100000.0,False,79
2026-04-24,85,85,weather-volatility-spike,crazy,Weather Volatility Spike,0.0,4.79,-4.79,100000.0,False,81
2026-04-24,86,86,weather-windfall,crazy,Weather Windfall,0.0,4.79,-4.79,100000.0,False,77
2026-04-24,87,87,weekly-increase-in-google-trends-searches-for-bulk-shipping-,crazy,Weekly Increase In Google Trends Searches For Bulk Shipping Delay Signals Bearish Xlb,0.0,4.79,-4.79,100000.0,False,67
2026-04-24,88,88,weekly-rise-in-google-trends-searches-for-gas-price-protest-,crazy,Weekly Rise In Google Trends Searches For Gas Price Protest Signals Bearish Xle,0.0,4.79,-4.79,100000.0,False,67
2026-04-24,89,89,weekly-spike-in-google-trends-for-home-cooling-failure-signa,crazy,Weekly Spike In Google Trends For Home Cooling Failure Signals Bearish Xlu,0.0,4.79,-4.79,100000.0,False,67
2026-04-24,90,90,weekly-surge-in-google-trends-searches-for-commuting-strike-,crazy,Weekly Surge In Google Trends Searches For Commuting Strike Signals Bearish Xly,0.0,4.79,-4.79,100000.0,False,67
2026-04-24,91,91,weekly-surge-in-google-trends-searches-for-diy-electronics-r,crazy,Weekly Surge In Google Trends Searches For Diy Electronics Repair Signals Bullish Xlk,0.0,4.79,-4.79,100000.0,False,67
2026-04-24,92,92,weekly-surge-in-google-trends-searches-for-home-improvement-,crazy,Weekly Surge In Google Trends Searches For Home Improvement Loan Signals Consumer Stress Lifting Xly,0.0,4.79,-4.79,100000.0,False,67
2026-04-24,93,93,weekly-surge-in-openchargemap-ev-charger-installations-signa,crazy,Weekly Surge In Openchargemap Ev Charger Installations Signals Bullish Xlc,0.0,4.79,-4.79,100000.0,False,69
2026-04-24,94,94,work-from-home-frenzy,crazy,Work From Home Frenzy,0.0,4.79,-4.79,100000.0,False,79
2026-04-24,95,95,xlb-daily-volatility-contraction-breakout,crazy,Xlb Daily Volatility Contraction Breakout,0.0,4.79,-4.79,100000.0,False,77
2026-04-24,96,96,xlu-weekly-cold-snap-weather-correlation,crazy,Xlu Weekly Cold Snap Weather Correlation,0.0,4.79,-4.79,100000.0,False,77
2026-04-24,97,97,xlv-google-trends-flu-search-spike,crazy,Xlv Google Trends Flu Search Spike,0.0,4.79,-4.79,100000.0,False,77
2026-04-24,98,98,yelp-closure-velocity,crazy,Yelp Closure Velocity,0.0,4.79,-4.79,100000.0,False,72
2026-04-24,99,99,yield-curve-regime,crazy,Yield Curve Regime,0.0,4.79,-4.79,100000.0,False,81
2026-04-24,100,100,simple_monthly,normal,Quantified Simple Monthly Rotation,0.0,4.79,-4.79,100000.0,False,82
2026-04-24,101,101,daily-spike-in-rss-counts-for-cybersecurity-breach-news-trig,crazy,Daily Spike In Rss Counts For Cybersecurity Breach News Triggers Bearish Xlk,-0.01,4.79,-4.8,99990.05,False,67
2026-04-24,102,102,weekly-surge-in-job-postings-for-warehouse-workers-signals-b,crazy,Weekly Surge In Job Postings For Warehouse Workers Signals Bullish Xli,-0.02,4.79,-4.8,99984.48,False,67
2026-04-24,103,103,attention-sentiment-spike-daily-surge-in-news-rss-counts-men,crazy,Attention Sentiment Spike Daily Surge In News Rss Counts Mentioning Cyberattack Triggers Bullish Xlc,-0.04,4.79,-4.83,99959.67,False,69
2026-04-24,104,104,consumer-discretionary-google-trends-surge-for-sale-keywords,crazy,Consumer Discretionary Google Trends Surge For Sale Keywords,-0.04,4.79,-4.83,99960.96,False,75
2026-04-24,105,105,real-estate-sector-weekly-google-trends-home-buying-surge,crazy,Real Estate Sector Weekly Google Trends Home Buying Surge,-0.05,4.79,-4.83,99954.77,False,79
2026-04-24,106,106,industrial-sector-weekly-earthquake-activity-correlation-dip,crazy,Industrial Sector Weekly Earthquake Activity Correlation Dip,-0.07,4.79,-4.86,99929.59,False,75
2026-04-24,107,107,news-sentiment-rotation-fade-trade,crazy,News Sentiment Rotation Fade Trade,-0.07,4.79,-4.86,99929.81,False,70
2026-04-24,108,108,healthcare-sector-google-trends-spike-in-flu-symptoms,crazy,Healthcare Sector Google Trends Spike In Flu Symptoms,-0.08,4.79,-4.87,99917.38,False,75
2026-04-24,109,109,utilities-sector-negative-price-gap-fill,crazy,Utilities Sector Negative Price Gap Fill,-0.08,4.79,-4.87,99921.53,False,75
2026-04-24,110,110,bank-stress-index-volatility-fear-crush-reversal,crazy,Bank Stress Index Volatility Fear Crush Reversal,-0.09,4.79,-4.88,99910.26,False,67
2026-04-24,111,111,retail-roulette,crazy,Retail Roulette,-0.09,4.79,-4.88,99913.43,False,77
2026-04-24,112,112,xlu-daily-electricity-demand-surge,crazy,Xlu Daily Electricity Demand Surge,-0.1,4.79,-4.89,99898.68,False,77
2026-04-24,113,113,xlb-weekly-rss-news-count-spike-on-commodity-shortage,crazy,Xlb Weekly Rss News Count Spike On Commodity Shortage,-0.12,4.79,-4.91,99880.66,False,77
2026-04-24,114,114,electricity-enlightenment,crazy,Electricity Enlightenment,-0.14,4.79,-4.93,99857.33,False,77
2026-04-24,115,115,google-gusts,crazy,Google Gusts,-0.14,4.79,-4.93,99862.02,False,77
2026-04-24,116,116,seismic-activity-construction-halt-signal,crazy,Seismic Activity Construction Halt Signal,-0.14,4.79,-4.93,99861.92,False,70
2026-04-24,117,117,tremor-tension,crazy,Tremor Tension,-0.14,4.79,-4.93,99864.21,False,77
2026-04-24,118,118,copper-momentum,crazy,Copper Momentum,-0.19,4.79,-4.98,99805.01,False,81
2026-04-24,119,119,daily-spike-in-daily-earthquake-activity-near-major-logistic,crazy,Daily Spike In Daily Earthquake Activity Near Major Logistics Hubs Signals Bearish Xli,-0.22,4.79,-5.01,99775.64,False,67
2026-04-24,120,120,weekly-surge-in-google-trends-searches-for-city-water-outage,crazy,Weekly Surge In Google Trends Searches For City Water Outage Signals Bearish Xlre,-0.22,4.79,-5.01,99773.32,False,67
2026-04-24,121,121,weekly-rise-in-google-trends-interest-for-food-delivery-dela,crazy,Weekly Rise In Google Trends Interest For Food Delivery Delay Signals Bearish Xlp,-0.23,4.79,-5.02,99768.27,False,67
2026-04-24,122,122,grocery-store-foot-traffic-collapse-signal,crazy,Grocery Store Foot Traffic Collapse Signal,-0.32,4.79,-5.11,99682.86,False,70
2026-04-24,123,123,xle-weekly-drawdown-rebound-signal,crazy,Xle Weekly Drawdown Rebound Signal,-0.33,4.79,-5.12,99667.3,False,77
2026-04-24,124,124,healthcare-cost-shock-google-search-spike,crazy,Healthcare Cost Shock Google Search Spike,-0.37,4.79,-5.16,99617.84,False,70
2026-04-24,125,125,electricity-consumption,crazy,Electricity Consumption,-0.4,4.79,-5.19,99599.78,False,81
2026-04-24,126,126,xlc-weekly-google-trends-surge-in-5g-rollout,crazy,Xlc Weekly Google Trends Surge In 5g Rollout,-0.41,4.79,-5.2,99592.39,False,77
2026-04-24,127,127,lumber-momentum,crazy,Lumber Momentum,-0.5,4.79,-5.29,99503.33,False,81
2026-04-24,128,128,weekly-surge-in-google-trends-searches-for-diy-home-repair-s,crazy,Weekly Surge In Google Trends Searches For Diy Home Repair Signals Consumer Stress Lifting Xly,-0.78,4.79,-5.57,99220.52,False,69
2026-04-24,129,129,biscotti,normal,Algo Biscotti (Unconditional Loyalty),-1.04,4.79,-5.83,98962.72,False,82
2026-04-24,130,130,biscotti,crazy,Algo Biscotti (Unconditional Loyalty),-2.51,4.79,-7.3,97494.15,False,81
2026-04-24,131,131,vix-term-structure,crazy,VIX Term Structure,-4.88,4.79,-9.67,95117.28,False,72
2026-04-24,132,132,baileymol,crazy,Chaos Rotation Lab,-6.23,4.79,-11.02,93765.37,False,81
2026-04-24,133,133,vix-fear-rotation,crazy,VIX Fear Rotation,-6.7,4.79,-11.49,93301.32,False,72
2026-04-25,1,1,baileymol,normal,Algo Baileymol (Chaos Monger),7.06,4.79,2.28,107064.56,True,83
2026-04-25,2,2,dmsr,normal,Antonacci Dual Momentum Sector Rotation,5.29,4.79,0.5,105293.53,True,83
2026-04-25,3,3,faber,normal,Faber Momentum Rotation,3.85,4.79,-0.94,103846.61,False,83
2026-04-25,4,4,finra-dark-pool-signal,crazy,FINRA Dark Pool Signal,1.62,4.79,-3.17,101617.21,False,73
2026-04-25,5,5,retail-sales-momentum,crazy,Retail Sales Momentum,1.14,4.79,-3.65,101137.17,False,82
2026-04-25,6,6,uber-mobility,crazy,Uber Mobility Index,1.0,4.79,-3.79,101004.21,False,82
2026-04-25,7,7,insider-trading-signals,crazy,Insider Trading Signals,0.84,4.79,-3.95,100839.27,False,82
2026-04-25,8,8,mortgage-rate-housing-proxy,crazy,Mortgage Rate Housing Proxy,0.37,4.79,-4.42,100366.62,False,82
2026-04-25,9,9,earthquake-aftershock-amplifier,crazy,Earthquake Aftershock Amplifier,0.05,4.79,-4.74,100047.52,False,76
2026-04-25,10,10,semiconductor-moonshot-warning,crazy,Semiconductor Moonshot Warning,0.05,4.79,-4.74,100045.62,False,76
2026-04-25,11,11,weekly-spike-in-google-trends-searches-for-warehouse-automat,crazy,Weekly Spike In Google Trends Searches For Warehouse Automation Failure Signals Bearish Xli,0.04,4.79,-4.75,100039.42,False,68
2026-04-25,12,12,materials-sector-weekly-positive-correlation-breakdown-with-,crazy,Materials Sector Weekly Positive Correlation Breakdown With Xlb,0.03,4.79,-4.76,100025.87,False,76
2026-04-25,13,13,staples-sector-drawdown-rapid-recovery,crazy,Staples Sector Drawdown Rapid Recovery,0.02,4.79,-4.76,100024.7,False,76
2026-04-25,14,14,airline-load-factor,crazy,Airline Load Factor Proxy,0.0,4.79,-4.79,100000.0,False,82
2026-04-25,15,15,airport-security-surge,crazy,Airport Security Surge,0.0,4.79,-4.79,100000.0,False,80
2026-04-25,16,16,airport-shopping-spree,crazy,Airport Shopping Spree,0.0,4.79,-4.79,100000.0,False,82
2026-04-25,17,17,bankruptcy-filing-rate,crazy,Bankruptcy Filing Rate,0.0,4.79,-4.79,100000.0,False,82
2026-04-25,18,18,calls311,crazy,311 Call Rotation,0.0,4.79,-4.79,100000.0,False,82
2026-04-25,19,19,cardboard,crazy,Cardboard Box Index,0.0,4.79,-4.79,100000.0,False,82
2026-04-25,20,20,cloud-storage-demand-surge,crazy,Cloud Storage Demand Surge,0.0,4.79,-4.79,100000.0,False,82
2026-04-25,21,21,congress,crazy,Congress Trading Fade,0.0,4.79,-4.79,100000.0,False,82
2026-04-25,22,22,consumer-sentiment,crazy,Consumer Sentiment,0.0,4.79,-4.79,100000.0,False,82
2026-04-25,23,23,craigslist,crazy,Craigslist Desperation Index,0.0,4.79,-4.79,100000.0,False,82
2026-04-25,24,24,credit-card-delinquency,crazy,Credit Card Delinquency,0.0,4.79,-4.79,100000.0,False,82
2026-04-25,25,25,crypto-capitulation-countdown,crazy,Crypto Capitulation Countdown,0.0,4.79,-4.79,100000.0,False,76
2026-04-25,26,26,crypto-derivative-arbitrage,crazy,Crypto Derivative Arbitrage,0.0,4.79,-4.79,100000.0,False,82
2026-04-25,27,27,daily-spike-in-freight-logistics-rss-news-volume-mentioning-,crazy,Daily Spike In Freight Logistics Rss News Volume Mentioning Port Labor Strike Triggers Bearish Xli,0.0,4.79,-4.79,100000.0,False,68
2026-04-25,28,28,daily-spike-in-rss-news-counts-mentioning-politician-insider,crazy,Daily Spike In Rss News Counts Mentioning Politician Insider Buying Tech Stock Signals Bullish Xlk,0.0,4.79,-4.79,100000.0,False,68
2026-04-25,29,29,earthquake-energy-demand,crazy,Earthquake Energy Demand Indicator,0.0,4.79,-4.79,100000.0,False,82
2026-04-25,30,30,electric-vehicle-charge-station-density,crazy,Electric Vehicle Charge Station Density,0.0,4.79,-4.79,100000.0,False,82
2026-04-25,31,31,energy-sector-sudden-weekly-volatility-spike,crazy,Energy Sector Sudden Weekly Volatility Spike,0.0,4.79,-4.79,100000.0,False,73
2026-04-25,32,32,energy-sector-weekly-drawdown-exhaustion,crazy,Energy Sector Weekly Drawdown Exhaustion,0.0,4.79,-4.79,100000.0,False,76
2026-04-25,33,33,ev-charger-density-saturation-play,crazy,Ev Charger Density Saturation Play,0.0,4.79,-4.79,100000.0,False,71
2026-04-25,34,34,ev-charger-network-expansion-sprint-demand-surge,crazy,Ev Charger Network Expansion Sprint Demand Surge,0.0,4.79,-4.79,100000.0,False,68
2026-04-25,35,35,ev-charging-boom,crazy,Ev Charging Boom,0.0,4.79,-4.79,100000.0,False,80
2026-04-25,36,36,ev-charging-station-stampede,crazy,Ev Charging Station Stampede,0.0,4.79,-4.79,100000.0,False,76
2026-04-25,37,37,ev-euphoria,crazy,Ev Euphoria,0.0,4.79,-4.79,100000.0,False,78
2026-04-25,38,38,financial-sector-momentum-divergence-with-spy,crazy,Financial Sector Momentum Divergence With Spy,0.0,4.79,-4.79,100000.0,False,76
2026-04-25,39,39,fintech-disruption-wave,crazy,Fintech Disruption Wave,0.0,4.79,-4.79,100000.0,False,80
2026-04-25,40,40,freight-rail-carloads,crazy,Freight Rail Carloads,0.0,4.79,-4.79,100000.0,False,82
2026-04-25,41,41,glassdoor,crazy,Glassdoor Misery Gradient,0.0,4.79,-4.79,100000.0,False,82
2026-04-25,42,42,global-tech-earnings-momentum,crazy,Global Tech Earnings Momentum,0.0,4.79,-4.79,100000.0,False,80
2026-04-25,43,43,high-yield-spread-regime,crazy,High Yield Spread Regime,0.0,4.79,-4.79,100000.0,False,82
2026-04-25,44,44,housing-permit-velocity,crazy,Housing Permit Velocity,0.0,4.79,-4.79,100000.0,False,82
2026-04-25,45,45,job-posting-acceleration,crazy,Job Posting Acceleration,0.0,4.79,-4.79,100000.0,False,82
2026-04-25,46,46,linkedin,crazy,LinkedIn Layoff Propagation,0.0,4.79,-4.79,100000.0,False,82
2026-04-25,47,47,liquor,crazy,Liquor Store Leading Indicator,0.0,4.79,-4.79,100000.0,False,82
2026-04-25,48,48,lumber-futures-rollercoaster,crazy,Lumber Futures Rollercoaster,0.0,4.79,-4.79,100000.0,False,76
2026-04-25,49,49,materials-sector-weekly-volatility-contraction-breakout,crazy,Materials Sector Weekly Volatility Contraction Breakout,0.0,4.79,-4.79,100000.0,False,73
2026-04-25,50,50,misery-rotation,crazy,Misery Rotation,0.0,4.79,-4.79,100000.0,False,82
2026-04-25,51,51,online-ad-impression-volatility,crazy,Online Ad Impression Volatility Trader,0.0,4.79,-4.79,100000.0,False,82
2026-04-25,52,52,patent-filing-velocity,crazy,Patent Filing Velocity,0.0,4.79,-4.79,100000.0,False,73
2026-04-25,53,53,pet-food-supply-chain,crazy,Pet Food Supply Chain Disruption,0.0,4.79,-4.79,100000.0,False,82
2026-04-25,54,54,port-congestion-squeeze,crazy,Port Congestion Squeeze,0.0,4.79,-4.79,100000.0,False,80
2026-04-25,55,55,port-container-volume,crazy,Port Container Volume,0.0,4.79,-4.79,100000.0,False,82
2026-04-25,56,56,reddit-emoji-sentiment-spike,crazy,Reddit Emoji Sentiment Spike,0.0,4.79,-4.79,100000.0,False,82
2026-04-25,57,57,reddit-gaming-thread-spike,crazy,Reddit Gaming Thread Spike,0.0,4.79,-4.79,100000.0,False,82
2026-04-25,58,58,reddit-mentions-volatility-spike,crazy,Reddit Mentions Volatility Spike,0.0,4.79,-4.79,100000.0,False,82
2026-04-25,59,59,reddit-sentiment-spike-trend,crazy,Reddit Sentiment Spike Trend,0.0,4.79,-4.79,100000.0,False,82
2026-04-25,60,60,reddit-sentiment-spike,crazy,Reddit Sentiment Spike,0.0,4.79,-4.79,100000.0,False,82
2026-04-25,61,61,reddit-sentiment-volatility-spike,crazy,Reddit Sentiment Volatility Spike,0.0,4.79,-4.79,100000.0,False,82
2026-04-25,62,62,reddit-subreddit-mention-spike,crazy,Reddit Subreddit Mention Spike,0.0,4.79,-4.79,100000.0,False,82
2026-04-25,63,63,reddit-subreddit-sentiment-spike,crazy,Reddit Subreddit Sentiment Spike,0.0,4.79,-4.79,100000.0,False,82
2026-04-25,64,64,reddit-subreddit-surge-momentum,crazy,Reddit Subreddit Surge Momentum,0.0,4.79,-4.79,100000.0,False,82
2026-04-25,65,65,reddit-volatility-spike,crazy,Reddit Volatility Spike,0.0,4.79,-4.79,100000.0,False,82
2026-04-25,66,66,rental-car-shortage-volatility-spike,crazy,Rental Car Shortage Volatility Spike,0.0,4.79,-4.79,100000.0,False,71
2026-04-25,67,67,retail-rush-ahead-of-holidays,crazy,Retail Rush Ahead Of Holidays,0.0,4.79,-4.79,100000.0,False,80
2026-04-25,68,68,rss-roar,crazy,Rss Roar,0.0,4.79,-4.79,100000.0,False,78
2026-04-25,69,69,shipping-container-squeeze-play,crazy,Shipping Container Squeeze Play,0.0,4.79,-4.79,100000.0,False,71
2026-04-25,70,70,small-business-formation,crazy,Small Business Formation,0.0,4.79,-4.79,100000.0,False,82
2026-04-25,71,71,social-media-sentiment-spike,crazy,Social Media Sentiment Spike,0.0,4.79,-4.79,100000.0,False,82
2026-04-25,72,72,solar-storm-scorcher,crazy,Solar Storm Scorcher,0.0,4.79,-4.79,100000.0,False,76
2026-04-25,73,73,superbowl-futures-trade,crazy,Superbowl Futures Trade,0.0,4.79,-4.79,100000.0,False,82
2026-04-25,74,74,technology-sector-daily-ev-charger-count-surge,crazy,Technology Sector Daily Ev Charger Count Surge,0.0,4.79,-4.79,100000.0,False,76
2026-04-25,75,75,temperature-extremes-power-demand-spike-utility-boost,crazy,Temperature Extremes Power Demand Spike Utility Boost,0.0,4.79,-4.79,100000.0,False,68
2026-04-25,76,76,temperature-shock-energy-demand-flip,crazy,Temperature Shock Energy Demand Flip,0.0,4.79,-4.79,100000.0,False,71
2026-04-25,77,77,truck-tonnage,crazy,Truck Tonnage Index,0.0,4.79,-4.79,100000.0,False,82
2026-04-25,78,78,tsa,crazy,TSA Body Count,0.0,4.79,-4.79,100000.0,False,82
2026-04-25,79,79,twitter-sentiment-spike,crazy,Twitter Sentiment Spike,0.0,4.79,-4.79,100000.0,False,82
2026-04-25,80,80,utilities-sector-weekly-temperature-drop-signal,crazy,Utilities Sector Weekly Temperature Drop Signal,0.0,4.79,-4.79,100000.0,False,80
2026-04-25,81,81,utility-power-grid-stress,crazy,Utility Power Grid Stress,0.0,4.79,-4.79,100000.0,False,80
2026-04-25,82,82,volatility-spike-follow-through,crazy,Volatility Spike Follow-Through,0.0,4.79,-4.79,100000.0,False,82
2026-04-25,83,83,weather-disruption-ripple-effects,crazy,Weather Disruption Ripple Effects,0.0,4.79,-4.79,100000.0,False,80
2026-04-25,84,84,weather-volatility-spike,crazy,Weather Volatility Spike,0.0,4.79,-4.79,100000.0,False,82
2026-04-25,85,85,weather-windfall,crazy,Weather Windfall,0.0,4.79,-4.79,100000.0,False,78
2026-04-25,86,86,weekly-increase-in-google-trends-searches-for-bulk-shipping-,crazy,Weekly Increase In Google Trends Searches For Bulk Shipping Delay Signals Bearish Xlb,0.0,4.79,-4.79,100000.0,False,68
2026-04-25,87,87,weekly-rise-in-google-trends-searches-for-gas-price-protest-,crazy,Weekly Rise In Google Trends Searches For Gas Price Protest Signals Bearish Xle,0.0,4.79,-4.79,100000.0,False,68
2026-04-25,88,88,weekly-spike-in-google-trends-for-home-cooling-failure-signa,crazy,Weekly Spike In Google Trends For Home Cooling Failure Signals Bearish Xlu,0.0,4.79,-4.79,100000.0,False,68
2026-04-25,89,89,weekly-surge-in-google-trends-searches-for-commuting-strike-,crazy,Weekly Surge In Google Trends Searches For Commuting Strike Signals Bearish Xly,0.0,4.79,-4.79,100000.0,False,68
2026-04-25,90,90,weekly-surge-in-google-trends-searches-for-diy-electronics-r,crazy,Weekly Surge In Google Trends Searches For Diy Electronics Repair Signals Bullish Xlk,0.0,4.79,-4.79,100000.0,False,68
2026-04-25,91,91,weekly-surge-in-google-trends-searches-for-home-improvement-,crazy,Weekly Surge In Google Trends Searches For Home Improvement Loan Signals Consumer Stress Lifting Xly,0.0,4.79,-4.79,100000.0,False,68
2026-04-25,92,92,weekly-surge-in-openchargemap-ev-charger-installations-signa,crazy,Weekly Surge In Openchargemap Ev Charger Installations Signals Bullish Xlc,0.0,4.79,-4.79,100000.0,False,70
2026-04-25,93,93,work-from-home-frenzy,crazy,Work From Home Frenzy,0.0,4.79,-4.79,100000.0,False,80
2026-04-25,94,94,xlb-daily-volatility-contraction-breakout,crazy,Xlb Daily Volatility Contraction Breakout,0.0,4.79,-4.79,100000.0,False,78
2026-04-25,95,95,xlu-weekly-cold-snap-weather-correlation,crazy,Xlu Weekly Cold Snap Weather Correlation,0.0,4.79,-4.79,100000.0,False,78
2026-04-25,96,96,xlv-google-trends-flu-search-spike,crazy,Xlv Google Trends Flu Search Spike,0.0,4.79,-4.79,100000.0,False,78
2026-04-25,97,97,yelp-closure-velocity,crazy,Yelp Closure Velocity,0.0,4.79,-4.79,100000.0,False,73
2026-04-25,98,98,yield-curve-regime,crazy,Yield Curve Regime,0.0,4.79,-4.79,100000.0,False,82
2026-04-25,99,99,simple_monthly,normal,Quantified Simple Monthly Rotation,0.0,4.79,-4.79,100000.0,False,83
2026-04-25,100,100,daily-spike-in-rss-news-counts-around-labor-union-contract-n,crazy,Daily Spike In Rss News Counts Around Labor Union Contract Negotiation Signals Bearish Xlf,-0.01,4.79,-4.8,99990.05,False,68
2026-04-25,101,102,daily-spike-in-rss-counts-for-cybersecurity-breach-news-trig,crazy,Daily Spike In Rss Counts For Cybersecurity Breach News Triggers Bearish Xlk,-0.02,4.79,-4.81,99979.84,False,68
2026-04-25,102,101,weekly-surge-in-job-postings-for-warehouse-workers-signals-b,crazy,Weekly Surge In Job Postings For Warehouse Workers Signals Bullish Xli,-0.02,4.79,-4.8,99984.48,False,68
2026-04-25,103,103,attention-sentiment-spike-daily-surge-in-news-rss-counts-men,crazy,Attention Sentiment Spike Daily Surge In News Rss Counts Mentioning Cyberattack Triggers Bullish Xlc,-0.04,4.79,-4.83,99959.67,False,70
2026-04-25,104,104,consumer-discretionary-google-trends-surge-for-sale-keywords,crazy,Consumer Discretionary Google Trends Surge For Sale Keywords,-0.04,4.79,-4.83,99960.96,False,76
2026-04-25,105,105,real-estate-sector-weekly-google-trends-home-buying-surge,crazy,Real Estate Sector Weekly Google Trends Home Buying Surge,-0.05,4.79,-4.83,99954.77,False,80
2026-04-25,106,106,news-sentiment-rotation-fade-trade,crazy,News Sentiment Rotation Fade Trade,-0.07,4.79,-4.86,99929.81,False,71
2026-04-25,107,107,healthcare-sector-google-trends-spike-in-flu-symptoms,crazy,Healthcare Sector Google Trends Spike In Flu Symptoms,-0.08,4.79,-4.87,99917.38,False,76
2026-04-25,108,108,industrial-sector-weekly-earthquake-activity-correlation-dip,crazy,Industrial Sector Weekly Earthquake Activity Correlation Dip,-0.08,4.79,-4.87,99919.64,False,76
2026-04-25,109,109,utilities-sector-negative-price-gap-fill,crazy,Utilities Sector Negative Price Gap Fill,-0.08,4.79,-4.87,99921.53,False,76
2026-04-25,110,110,bank-stress-index-volatility-fear-crush-reversal,crazy,Bank Stress Index Volatility Fear Crush Reversal,-0.09,4.79,-4.88,99910.26,False,68
2026-04-25,111,111,retail-roulette,crazy,Retail Roulette,-0.09,4.79,-4.88,99913.43,False,78
2026-04-25,112,112,xlu-daily-electricity-demand-surge,crazy,Xlu Daily Electricity Demand Surge,-0.1,4.79,-4.89,99898.68,False,78
2026-04-25,113,113,xlb-weekly-rss-news-count-spike-on-commodity-shortage,crazy,Xlb Weekly Rss News Count Spike On Commodity Shortage,-0.13,4.79,-4.92,99870.43,False,78
2026-04-25,114,114,electricity-enlightenment,crazy,Electricity Enlightenment,-0.14,4.79,-4.93,99857.33,False,78
2026-04-25,115,115,seismic-activity-construction-halt-signal,crazy,Seismic Activity Construction Halt Signal,-0.14,4.79,-4.93,99861.92,False,71
2026-04-25,116,116,tremor-tension,crazy,Tremor Tension,-0.14,4.79,-4.93,99864.21,False,78
2026-04-25,117,117,google-gusts,crazy,Google Gusts,-0.15,4.79,-4.94,99851.8,False,78
2026-04-25,118,118,copper-momentum,crazy,Copper Momentum,-0.19,4.79,-4.98,99805.01,False,82
2026-04-25,119,119,daily-spike-in-daily-earthquake-activity-near-major-logistic,crazy,Daily Spike In Daily Earthquake Activity Near Major Logistics Hubs Signals Bearish Xli,-0.22,4.79,-5.01,99775.64,False,68
2026-04-25,120,120,weekly-surge-in-google-trends-searches-for-city-water-outage,crazy,Weekly Surge In Google Trends Searches For City Water Outage Signals Bearish Xlre,-0.22,4.79,-5.01,99773.32,False,68
2026-04-25,121,121,weekly-rise-in-google-trends-interest-for-food-delivery-dela,crazy,Weekly Rise In Google Trends Interest For Food Delivery Delay Signals Bearish Xlp,-0.23,4.79,-5.02,99768.27,False,68
2026-04-25,122,122,grocery-store-foot-traffic-collapse-signal,crazy,Grocery Store Foot Traffic Collapse Signal,-0.32,4.79,-5.11,99682.86,False,71
2026-04-25,123,123,xle-weekly-drawdown-rebound-signal,crazy,Xle Weekly Drawdown Rebound Signal,-0.33,4.79,-5.12,99667.3,False,78
2026-04-25,124,124,healthcare-cost-shock-google-search-spike,crazy,Healthcare Cost Shock Google Search Spike,-0.37,4.79,-5.16,99617.84,False,71
2026-04-25,125,125,electricity-consumption,crazy,Electricity Consumption,-0.4,4.79,-5.19,99599.78,False,82
2026-04-25,126,126,xlc-weekly-google-trends-surge-in-5g-rollout,crazy,Xlc Weekly Google Trends Surge In 5g Rollout,-0.41,4.79,-5.2,99592.39,False,78
2026-04-25,127,127,lumber-momentum,crazy,Lumber Momentum,-0.5,4.79,-5.29,99503.33,False,82
2026-04-25,128,128,weekly-surge-in-google-trends-searches-for-diy-home-repair-s,crazy,Weekly Surge In Google Trends Searches For Diy Home Repair Signals Consumer Stress Lifting Xly,-0.78,4.79,-5.57,99220.52,False,70
2026-04-25,129,129,biscotti,normal,Algo Biscotti (Unconditional Loyalty),-1.04,4.79,-5.83,98962.72,False,83
2026-04-25,130,130,biscotti,crazy,Algo Biscotti (Unconditional Loyalty),-2.51,4.79,-7.3,97494.15,False,82
2026-04-25,131,131,vix-term-structure,crazy,VIX Term Structure,-4.88,4.79,-9.67,95117.28,False,73
2026-04-25,132,132,baileymol,crazy,Chaos Rotation Lab,-6.23,4.79,-11.02,93765.37,False,82
2026-04-25,133,133,vix-fear-rotation,crazy,VIX Fear Rotation,-6.7,4.79,-11.49,93301.32,False,73
2026-04-27,1,1,baileymol,normal,Algo Baileymol (Chaos Monger),6.35,4.97,1.38,106345.64,True,84
2026-04-27,2,2,dmsr,normal,Antonacci Dual Momentum Sector Rotation,5.32,4.97,0.35,105324.84,True,84
2026-04-27,3,3,faber,normal,Faber Momentum Rotation,3.85,4.97,-1.12,103846.61,False,84
2026-04-27,4,4,retail-sales-momentum,crazy,Retail Sales Momentum,0.93,4.97,-4.04,100930.57,False,83
2026-04-27,5,5,finra-dark-pool-signal,crazy,FINRA Dark Pool Signal,0.71,4.97,-4.26,100707.26,False,74
2026-04-27,6,6,uber-mobility,crazy,Uber Mobility Index,0.58,4.97,-4.39,100577.9,False,83
2026-04-27,7,7,insider-trading-signals,crazy,Insider Trading Signals,0.16,4.97,-4.81,100164.58,False,83
2026-04-27,8,8,earthquake-aftershock-amplifier,crazy,Earthquake Aftershock Amplifier,0.05,4.97,-4.92,100047.52,False,77
2026-04-27,9,9,semiconductor-moonshot-warning,crazy,Semiconductor Moonshot Warning,0.05,4.97,-4.92,100045.62,False,77
2026-04-27,10,10,weekly-spike-in-google-trends-searches-for-warehouse-automat,crazy,Weekly Spike In Google Trends Searches For Warehouse Automation Failure Signals Bearish Xli,0.04,4.97,-4.93,100039.42,False,69
2026-04-27,11,11,materials-sector-weekly-positive-correlation-breakdown-with-,crazy,Materials Sector Weekly Positive Correlation Breakdown With Xlb,0.03,4.97,-4.94,100025.87,False,77
2026-04-27,12,12,staples-sector-drawdown-rapid-recovery,crazy,Staples Sector Drawdown Rapid Recovery,0.02,4.97,-4.95,100024.7,False,77
2026-04-27,13,13,daily-spike-in-rss-news-counts-around-labor-union-contract-n,crazy,Daily Spike In Rss News Counts Around Labor Union Contract Negotiation Signals Bearish Xlf,0.01,4.97,-4.96,100007.5,False,69
2026-04-27,14,14,airline-load-factor,crazy,Airline Load Factor Proxy,0.0,4.97,-4.97,100000.0,False,83
2026-04-27,15,15,airport-security-surge,crazy,Airport Security Surge,0.0,4.97,-4.97,100000.0,False,81
2026-04-27,16,16,airport-shopping-spree,crazy,Airport Shopping Spree,0.0,4.97,-4.97,100000.0,False,83
2026-04-27,17,17,bankruptcy-filing-rate,crazy,Bankruptcy Filing Rate,0.0,4.97,-4.97,100000.0,False,83
2026-04-27,18,18,calls311,crazy,311 Call Rotation,0.0,4.97,-4.97,100000.0,False,83
2026-04-27,19,19,cardboard,crazy,Cardboard Box Index,0.0,4.97,-4.97,100000.0,False,83
2026-04-27,20,20,cloud-storage-demand-surge,crazy,Cloud Storage Demand Surge,0.0,4.97,-4.97,100000.0,False,83
2026-04-27,21,21,congress,crazy,Congress Trading Fade,0.0,4.97,-4.97,100000.0,False,83
2026-04-27,22,22,consumer-sentiment,crazy,Consumer Sentiment,0.0,4.97,-4.97,100000.0,False,83
2026-04-27,23,23,craigslist,crazy,Craigslist Desperation Index,0.0,4.97,-4.97,100000.0,False,83
2026-04-27,24,24,credit-card-delinquency,crazy,Credit Card Delinquency,0.0,4.97,-4.97,100000.0,False,83
2026-04-27,25,25,crypto-capitulation-countdown,crazy,Crypto Capitulation Countdown,0.0,4.97,-4.97,100000.0,False,77
2026-04-27,26,26,crypto-derivative-arbitrage,crazy,Crypto Derivative Arbitrage,0.0,4.97,-4.97,100000.0,False,83
2026-04-27,27,27,daily-spike-in-freight-logistics-rss-news-volume-mentioning-,crazy,Daily Spike In Freight Logistics Rss News Volume Mentioning Port Labor Strike Triggers Bearish Xli,0.0,4.97,-4.97,100000.0,False,69
2026-04-27,28,28,earthquake-energy-demand,crazy,Earthquake Energy Demand Indicator,0.0,4.97,-4.97,100000.0,False,83
2026-04-27,29,29,electric-vehicle-charge-station-density,crazy,Electric Vehicle Charge Station Density,0.0,4.97,-4.97,100000.0,False,83
2026-04-27,30,30,energy-sector-sudden-weekly-volatility-spike,crazy,Energy Sector Sudden Weekly Volatility Spike,0.0,4.97,-4.97,100000.0,False,74
2026-04-27,31,31,energy-sector-weekly-drawdown-exhaustion,crazy,Energy Sector Weekly Drawdown Exhaustion,0.0,4.97,-4.97,100000.0,False,77
2026-04-27,32,32,ev-charger-density-saturation-play,crazy,Ev Charger Density Saturation Play,0.0,4.97,-4.97,100000.0,False,72
2026-04-27,33,33,ev-charger-network-expansion-sprint-demand-surge,crazy,Ev Charger Network Expansion Sprint Demand Surge,0.0,4.97,-4.97,100000.0,False,69
2026-04-27,34,34,ev-charging-boom,crazy,Ev Charging Boom,0.0,4.97,-4.97,100000.0,False,81
2026-04-27,35,35,ev-charging-station-stampede,crazy,Ev Charging Station Stampede,0.0,4.97,-4.97,100000.0,False,77
2026-04-27,36,36,ev-euphoria,crazy,Ev Euphoria,0.0,4.97,-4.97,100000.0,False,79
2026-04-27,37,37,financial-sector-momentum-divergence-with-spy,crazy,Financial Sector Momentum Divergence With Spy,0.0,4.97,-4.97,100000.0,False,77
2026-04-27,38,38,fintech-disruption-wave,crazy,Fintech Disruption Wave,0.0,4.97,-4.97,100000.0,False,81
2026-04-27,39,39,freight-rail-carloads,crazy,Freight Rail Carloads,0.0,4.97,-4.97,100000.0,False,83
2026-04-27,40,40,glassdoor,crazy,Glassdoor Misery Gradient,0.0,4.97,-4.97,100000.0,False,83
2026-04-27,41,41,global-tech-earnings-momentum,crazy,Global Tech Earnings Momentum,0.0,4.97,-4.97,100000.0,False,81
2026-04-27,42,42,high-yield-spread-regime,crazy,High Yield Spread Regime,0.0,4.97,-4.97,100000.0,False,83
2026-04-27,43,43,housing-permit-velocity,crazy,Housing Permit Velocity,0.0,4.97,-4.97,100000.0,False,83
2026-04-27,44,44,job-posting-acceleration,crazy,Job Posting Acceleration,0.0,4.97,-4.97,100000.0,False,83
2026-04-27,45,45,linkedin,crazy,LinkedIn Layoff Propagation,0.0,4.97,-4.97,100000.0,False,83
2026-04-27,46,46,liquor,crazy,Liquor Store Leading Indicator,0.0,4.97,-4.97,100000.0,False,83
2026-04-27,47,47,lumber-futures-rollercoaster,crazy,Lumber Futures Rollercoaster,0.0,4.97,-4.97,100000.0,False,77
2026-04-27,48,48,materials-sector-weekly-volatility-contraction-breakout,crazy,Materials Sector Weekly Volatility Contraction Breakout,0.0,4.97,-4.97,100000.0,False,74
2026-04-27,49,49,misery-rotation,crazy,Misery Rotation,0.0,4.97,-4.97,100000.0,False,83
2026-04-27,50,50,online-ad-impression-volatility,crazy,Online Ad Impression Volatility Trader,0.0,4.97,-4.97,100000.0,False,83
2026-04-27,51,51,patent-filing-velocity,crazy,Patent Filing Velocity,0.0,4.97,-4.97,100000.0,False,74
2026-04-27,52,52,pet-food-supply-chain,crazy,Pet Food Supply Chain Disruption,0.0,4.97,-4.97,100000.0,False,83
2026-04-27,53,53,port-congestion-squeeze,crazy,Port Congestion Squeeze,0.0,4.97,-4.97,100000.0,False,81
2026-04-27,54,54,port-container-volume,crazy,Port Container Volume,0.0,4.97,-4.97,100000.0,False,83
2026-04-27,55,55,reddit-emoji-sentiment-spike,crazy,Reddit Emoji Sentiment Spike,0.0,4.97,-4.97,100000.0,False,83
2026-04-27,56,56,reddit-gaming-thread-spike,crazy,Reddit Gaming Thread Spike,0.0,4.97,-4.97,100000.0,False,83
2026-04-27,57,57,reddit-mentions-volatility-spike,crazy,Reddit Mentions Volatility Spike,0.0,4.97,-4.97,100000.0,False,83
2026-04-27,58,58,reddit-sentiment-spike-trend,crazy,Reddit Sentiment Spike Trend,0.0,4.97,-4.97,100000.0,False,83
2026-04-27,59,59,reddit-sentiment-spike,crazy,Reddit Sentiment Spike,0.0,4.97,-4.97,100000.0,False,83
2026-04-27,60,60,reddit-sentiment-volatility-spike,crazy,Reddit Sentiment Volatility Spike,0.0,4.97,-4.97,100000.0,False,83
2026-04-27,61,61,reddit-subreddit-mention-spike,crazy,Reddit Subreddit Mention Spike,0.0,4.97,-4.97,100000.0,False,83
2026-04-27,62,62,reddit-subreddit-sentiment-spike,crazy,Reddit Subreddit Sentiment Spike,0.0,4.97,-4.97,100000.0,False,83
2026-04-27,63,63,reddit-subreddit-surge-momentum,crazy,Reddit Subreddit Surge Momentum,0.0,4.97,-4.97,100000.0,False,83
2026-04-27,64,64,reddit-volatility-spike,crazy,Reddit Volatility Spike,0.0,4.97,-4.97,100000.0,False,83
2026-04-27,65,65,rental-car-shortage-volatility-spike,crazy,Rental Car Shortage Volatility Spike,0.0,4.97,-4.97,100000.0,False,72
2026-04-27,66,66,retail-rush-ahead-of-holidays,crazy,Retail Rush Ahead Of Holidays,0.0,4.97,-4.97,100000.0,False,81
2026-04-27,67,67,rss-roar,crazy,Rss Roar,0.0,4.97,-4.97,100000.0,False,79
2026-04-27,68,68,shipping-container-squeeze-play,crazy,Shipping Container Squeeze Play,0.0,4.97,-4.97,100000.0,False,72
2026-04-27,69,69,small-business-formation,crazy,Small Business Formation,0.0,4.97,-4.97,100000.0,False,83
2026-04-27,70,70,social-media-sentiment-spike,crazy,Social Media Sentiment Spike,0.0,4.97,-4.97,100000.0,False,83
2026-04-27,71,71,solar-storm-scorcher,crazy,Solar Storm Scorcher,0.0,4.97,-4.97,100000.0,False,77
2026-04-27,72,72,superbowl-futures-trade,crazy,Superbowl Futures Trade,0.0,4.97,-4.97,100000.0,False,83
2026-04-27,73,73,technology-sector-daily-ev-charger-count-surge,crazy,Technology Sector Daily Ev Charger Count Surge,0.0,4.97,-4.97,100000.0,False,77
2026-04-27,74,74,temperature-extremes-power-demand-spike-utility-boost,crazy,Temperature Extremes Power Demand Spike Utility Boost,0.0,4.97,-4.97,100000.0,False,69
2026-04-27,75,75,temperature-shock-energy-demand-flip,crazy,Temperature Shock Energy Demand Flip,0.0,4.97,-4.97,100000.0,False,72
2026-04-27,76,76,truck-tonnage,crazy,Truck Tonnage Index,0.0,4.97,-4.97,100000.0,False,83
2026-04-27,77,77,tsa,crazy,TSA Body Count,0.0,4.97,-4.97,100000.0,False,83
2026-04-27,78,78,twitter-sentiment-spike,crazy,Twitter Sentiment Spike,0.0,4.97,-4.97,100000.0,False,83
2026-04-27,79,79,utilities-sector-weekly-temperature-drop-signal,crazy,Utilities Sector Weekly Temperature Drop Signal,0.0,4.97,-4.97,100000.0,False,81
2026-04-27,80,80,utility-power-grid-stress,crazy,Utility Power Grid Stress,0.0,4.97,-4.97,100000.0,False,81
2026-04-27,81,81,volatility-spike-follow-through,crazy,Volatility Spike Follow-Through,0.0,4.97,-4.97,100000.0,False,83
2026-04-27,82,82,weather-disruption-ripple-effects,crazy,Weather Disruption Ripple Effects,0.0,4.97,-4.97,100000.0,False,81
2026-04-27,83,83,weather-volatility-spike,crazy,Weather Volatility Spike,0.0,4.97,-4.97,100000.0,False,83
2026-04-27,84,84,weather-windfall,crazy,Weather Windfall,0.0,4.97,-4.97,100000.0,False,79
2026-04-27,85,85,weekly-increase-in-google-trends-searches-for-bulk-shipping-,crazy,Weekly Increase In Google Trends Searches For Bulk Shipping Delay Signals Bearish Xlb,0.0,4.97,-4.97,100000.0,False,69
2026-04-27,86,86,weekly-rise-in-google-trends-searches-for-gas-price-protest-,crazy,Weekly Rise In Google Trends Searches For Gas Price Protest Signals Bearish Xle,0.0,4.97,-4.97,100000.0,False,69
2026-04-27,87,87,weekly-spike-in-google-trends-for-home-cooling-failure-signa,crazy,Weekly Spike In Google Trends For Home Cooling Failure Signals Bearish Xlu,0.0,4.97,-4.97,100000.0,False,69
2026-04-27,88,88,weekly-surge-in-google-trends-searches-for-diy-electronics-r,crazy,Weekly Surge In Google Trends Searches For Diy Electronics Repair Signals Bullish Xlk,0.0,4.97,-4.97,100000.0,False,69
2026-04-27,89,89,weekly-surge-in-google-trends-searches-for-home-improvement-,crazy,Weekly Surge In Google Trends Searches For Home Improvement Loan Signals Consumer Stress Lifting Xly,0.0,4.97,-4.97,100000.0,False,69
2026-04-27,90,90,weekly-surge-in-openchargemap-ev-charger-installations-signa,crazy,Weekly Surge In Openchargemap Ev Charger Installations Signals Bullish Xlc,0.0,4.97,-4.97,100000.0,False,71
2026-04-27,91,91,work-from-home-frenzy,crazy,Work From Home Frenzy,0.0,4.97,-4.97,100000.0,False,81
2026-04-27,92,92,xlb-daily-volatility-contraction-breakout,crazy,Xlb Daily Volatility Contraction Breakout,0.0,4.97,-4.97,100000.0,False,79
2026-04-27,93,93,xlu-weekly-cold-snap-weather-correlation,crazy,Xlu Weekly Cold Snap Weather Correlation,0.0,4.97,-4.97,100000.0,False,79
2026-04-27,94,94,xlv-google-trends-flu-search-spike,crazy,Xlv Google Trends Flu Search Spike,0.0,4.97,-4.97,100000.0,False,79
2026-04-27,95,95,yelp-closure-velocity,crazy,Yelp Closure Velocity,0.0,4.97,-4.97,100000.0,False,74
2026-04-27,96,96,yield-curve-regime,crazy,Yield Curve Regime,0.0,4.97,-4.97,100000.0,False,83
2026-04-27,97,97,simple_monthly,normal,Quantified Simple Monthly Rotation,0.0,4.97,-4.97,100000.0,False,84
2026-04-27,98,98,daily-spike-in-rss-news-counts-mentioning-politician-insider,crazy,Daily Spike In Rss News Counts Mentioning Politician Insider Buying Tech Stock Signals Bullish Xlk,-0.01,4.97,-4.98,99990.05,False,69
2026-04-27,99,99,weekly-surge-in-google-trends-searches-for-commuting-strike-,crazy,Weekly Surge In Google Trends Searches For Commuting Strike Signals Bearish Xly,-0.01,4.97,-4.98,99990.05,False,69
2026-04-27,100,100,weekly-surge-in-job-postings-for-warehouse-workers-signals-b,crazy,Weekly Surge In Job Postings For Warehouse Workers Signals Bullish Xli,-0.02,4.97,-4.99,99984.48,False,69
2026-04-27,101,101,daily-spike-in-rss-counts-for-cybersecurity-breach-news-trig,crazy,Daily Spike In Rss Counts For Cybersecurity Breach News Triggers Bearish Xlk,-0.03,4.97,-5.0,99969.89,False,69
2026-04-27,102,102,consumer-discretionary-google-trends-surge-for-sale-keywords,crazy,Consumer Discretionary Google Trends Surge For Sale Keywords,-0.04,4.97,-5.01,99960.96,False,77
2026-04-27,103,103,attention-sentiment-spike-daily-surge-in-news-rss-counts-men,crazy,Attention Sentiment Spike Daily Surge In News Rss Counts Mentioning Cyberattack Triggers Bullish Xlc,-0.05,4.97,-5.02,99949.72,False,71
2026-04-27,104,104,real-estate-sector-weekly-google-trends-home-buying-surge,crazy,Real Estate Sector Weekly Google Trends Home Buying Surge,-0.05,4.97,-5.02,99954.77,False,81
2026-04-27,105,105,mortgage-rate-housing-proxy,crazy,Mortgage Rate Housing Proxy,-0.06,4.97,-5.03,99941.39,False,83
2026-04-27,106,106,healthcare-sector-google-trends-spike-in-flu-symptoms,crazy,Healthcare Sector Google Trends Spike In Flu Symptoms,-0.08,4.97,-5.05,99917.38,False,77
2026-04-27,107,107,news-sentiment-rotation-fade-trade,crazy,News Sentiment Rotation Fade Trade,-0.08,4.97,-5.05,99919.86,False,72
2026-04-27,108,108,utilities-sector-negative-price-gap-fill,crazy,Utilities Sector Negative Price Gap Fill,-0.08,4.97,-5.05,99921.53,False,77
2026-04-27,109,109,bank-stress-index-volatility-fear-crush-reversal,crazy,Bank Stress Index Volatility Fear Crush Reversal,-0.09,4.97,-5.06,99910.26,False,69
2026-04-27,110,110,industrial-sector-weekly-earthquake-activity-correlation-dip,crazy,Industrial Sector Weekly Earthquake Activity Correlation Dip,-0.09,4.97,-5.06,99910.59,False,77
2026-04-27,111,111,retail-roulette,crazy,Retail Roulette,-0.09,4.97,-5.06,99913.43,False,79
2026-04-27,112,112,xlu-daily-electricity-demand-surge,crazy,Xlu Daily Electricity Demand Surge,-0.1,4.97,-5.07,99898.68,False,79
2026-04-27,113,113,xlb-weekly-rss-news-count-spike-on-commodity-shortage,crazy,Xlb Weekly Rss News Count Spike On Commodity Shortage,-0.13,4.97,-5.1,99870.43,False,79
2026-04-27,114,114,electricity-enlightenment,crazy,Electricity Enlightenment,-0.14,4.97,-5.11,99857.33,False,79
2026-04-27,115,115,seismic-activity-construction-halt-signal,crazy,Seismic Activity Construction Halt Signal,-0.14,4.97,-5.11,99861.92,False,72
2026-04-27,116,116,tremor-tension,crazy,Tremor Tension,-0.14,4.97,-5.11,99864.21,False,79
2026-04-27,117,117,google-gusts,crazy,Google Gusts,-0.16,4.97,-5.13,99841.85,False,79
2026-04-27,118,118,daily-spike-in-daily-earthquake-activity-near-major-logistic,crazy,Daily Spike In Daily Earthquake Activity Near Major Logistics Hubs Signals Bearish Xli,-0.22,4.97,-5.19,99775.64,False,69
2026-04-27,119,119,weekly-surge-in-google-trends-searches-for-city-water-outage,crazy,Weekly Surge In Google Trends Searches For City Water Outage Signals Bearish Xlre,-0.22,4.97,-5.19,99773.32,False,69
2026-04-27,120,120,weekly-rise-in-google-trends-interest-for-food-delivery-dela,crazy,Weekly Rise In Google Trends Interest For Food Delivery Delay Signals Bearish Xlp,-0.23,4.97,-5.2,99768.27,False,69
2026-04-27,121,121,copper-momentum,crazy,Copper Momentum,-0.31,4.97,-5.28,99691.64,False,83
2026-04-27,122,122,grocery-store-foot-traffic-collapse-signal,crazy,Grocery Store Foot Traffic Collapse Signal,-0.32,4.97,-5.29,99682.86,False,72
2026-04-27,123,123,xle-weekly-drawdown-rebound-signal,crazy,Xle Weekly Drawdown Rebound Signal,-0.33,4.97,-5.3,99667.3,False,79
2026-04-27,124,124,healthcare-cost-shock-google-search-spike,crazy,Healthcare Cost Shock Google Search Spike,-0.37,4.97,-5.34,99617.84,False,72
2026-04-27,125,125,xlc-weekly-google-trends-surge-in-5g-rollout,crazy,Xlc Weekly Google Trends Surge In 5g Rollout,-0.41,4.97,-5.38,99592.39,False,79
2026-04-27,126,126,weekly-surge-in-google-trends-searches-for-diy-home-repair-s,crazy,Weekly Surge In Google Trends Searches For Diy Home Repair Signals Consumer Stress Lifting Xly,-0.78,4.97,-5.75,99220.52,False,71
2026-04-27,127,127,electricity-consumption,crazy,Electricity Consumption,-0.86,4.97,-5.83,99137.34,False,83
2026-04-27,128,128,lumber-momentum,crazy,Lumber Momentum,-0.89,4.97,-5.86,99114.36,False,83
2026-04-27,129,129,biscotti,normal,Algo Biscotti (Unconditional Loyalty),-1.01,4.97,-5.98,98985.66,False,84
2026-04-27,130,130,biscotti,crazy,Algo Biscotti (Unconditional Loyalty),-3.55,4.97,-8.52,96451.61,False,83
2026-04-27,131,131,vix-term-structure,crazy,VIX Term Structure,-5.63,4.97,-10.6,94369.26,False,74
2026-04-27,132,132,baileymol,crazy,Chaos Rotation Lab,-6.25,4.97,-11.22,93745.47,False,83
2026-04-27,133,133,vix-fear-rotation,crazy,VIX Fear Rotation,-6.84,4.97,-11.81,93156.87,False,74
2026-04-28,1,1,baileymol,normal,Algo Baileymol (Chaos Monger),5.5,4.46,1.04,105495.32,True,85
2026-04-28,2,2,dmsr,normal,Antonacci Dual Momentum Sector Rotation,4.96,4.46,0.5,104959.19,True,85
2026-04-28,3,3,faber,normal,Faber Momentum Rotation,3.85,4.46,-0.61,103846.61,False,85
2026-04-28,4,4,finra-dark-pool-signal,crazy,FINRA Dark Pool Signal,1.12,4.46,-3.34,101115.15,False,75
2026-04-28,5,5,uber-mobility,crazy,Uber Mobility Index,0.98,4.46,-3.48,100977.74,False,84
2026-04-28,6,6,insider-trading-signals,crazy,Insider Trading Signals,0.61,4.46,-3.84,100614.72,False,84
2026-04-28,7,7,mortgage-rate-housing-proxy,crazy,Mortgage Rate Housing Proxy,0.34,4.46,-4.12,100339.35,False,84
2026-04-28,8,8,earthquake-aftershock-amplifier,crazy,Earthquake Aftershock Amplifier,0.05,4.46,-4.41,100047.52,False,78
2026-04-28,9,9,semiconductor-moonshot-warning,crazy,Semiconductor Moonshot Warning,0.05,4.46,-4.41,100045.62,False,78
2026-04-28,10,10,retail-sales-momentum,crazy,Retail Sales Momentum,0.04,4.46,-4.42,100036.09,False,84
2026-04-28,11,11,weekly-spike-in-google-trends-searches-for-warehouse-automat,crazy,Weekly Spike In Google Trends Searches For Warehouse Automation Failure Signals Bearish Xli,0.04,4.46,-4.42,100039.42,False,70
2026-04-28,12,12,materials-sector-weekly-positive-correlation-breakdown-with-,crazy,Materials Sector Weekly Positive Correlation Breakdown With Xlb,0.03,4.46,-4.43,100025.87,False,78
2026-04-28,13,13,staples-sector-drawdown-rapid-recovery,crazy,Staples Sector Drawdown Rapid Recovery,0.02,4.46,-4.43,100024.7,False,78
2026-04-28,14,14,daily-spike-in-rss-news-counts-around-labor-union-contract-n,crazy,Daily Spike In Rss News Counts Around Labor Union Contract Negotiation Signals Bearish Xlf,0.01,4.46,-4.45,100007.5,False,70
2026-04-28,15,15,airline-load-factor,crazy,Airline Load Factor Proxy,0.0,4.46,-4.46,100000.0,False,84
2026-04-28,16,16,airport-security-surge,crazy,Airport Security Surge,0.0,4.46,-4.46,100000.0,False,82
2026-04-28,17,17,airport-shopping-spree,crazy,Airport Shopping Spree,0.0,4.46,-4.46,100000.0,False,84
2026-04-28,18,18,bankruptcy-filing-rate,crazy,Bankruptcy Filing Rate,0.0,4.46,-4.46,100000.0,False,84
2026-04-28,19,19,calls311,crazy,311 Call Rotation,0.0,4.46,-4.46,100000.0,False,84
2026-04-28,20,20,cardboard,crazy,Cardboard Box Index,0.0,4.46,-4.46,100000.0,False,84
2026-04-28,21,21,cloud-storage-demand-surge,crazy,Cloud Storage Demand Surge,0.0,4.46,-4.46,100000.0,False,84
2026-04-28,22,22,congress,crazy,Congress Trading Fade,0.0,4.46,-4.46,100000.0,False,84
2026-04-28,23,23,consumer-sentiment,crazy,Consumer Sentiment,0.0,4.46,-4.46,100000.0,False,84
2026-04-28,24,24,craigslist,crazy,Craigslist Desperation Index,0.0,4.46,-4.46,100000.0,False,84
2026-04-28,25,25,credit-card-delinquency,crazy,Credit Card Delinquency,0.0,4.46,-4.46,100000.0,False,84
2026-04-28,26,26,crypto-capitulation-countdown,crazy,Crypto Capitulation Countdown,0.0,4.46,-4.46,100000.0,False,78
2026-04-28,27,27,crypto-derivative-arbitrage,crazy,Crypto Derivative Arbitrage,0.0,4.46,-4.46,100000.0,False,84
2026-04-28,28,28,daily-spike-in-ev-charger-installations-signals-bullish-xlc,crazy,Daily Spike In Ev Charger Installations Signals Bullish Xlc,0.0,4.46,-4.46,100000.0,False,67
2026-04-28,29,29,daily-spike-in-freight-logistics-rss-news-volume-mentioning-,crazy,Daily Spike In Freight Logistics Rss News Volume Mentioning Port Labor Strike Triggers Bearish Xli,0.0,4.46,-4.46,100000.0,False,70
2026-04-28,30,30,earthquake-energy-demand,crazy,Earthquake Energy Demand Indicator,0.0,4.46,-4.46,100000.0,False,84
2026-04-28,31,31,electric-vehicle-charge-station-density,crazy,Electric Vehicle Charge Station Density,0.0,4.46,-4.46,100000.0,False,84
2026-04-28,32,32,energy-sector-sudden-weekly-volatility-spike,crazy,Energy Sector Sudden Weekly Volatility Spike,0.0,4.46,-4.46,100000.0,False,75
2026-04-28,33,33,energy-sector-weekly-drawdown-exhaustion,crazy,Energy Sector Weekly Drawdown Exhaustion,0.0,4.46,-4.46,100000.0,False,78
2026-04-28,34,34,ev-charger-density-saturation-play,crazy,Ev Charger Density Saturation Play,0.0,4.46,-4.46,100000.0,False,73
2026-04-28,35,35,ev-charger-network-density-surge-bullish-signal,crazy,Ev Charger Network Density Surge Bullish Signal,0.0,4.46,-4.46,100000.0,False,67
2026-04-28,36,36,ev-charger-network-expansion-sprint-demand-surge,crazy,Ev Charger Network Expansion Sprint Demand Surge,0.0,4.46,-4.46,100000.0,False,70
2026-04-28,37,37,ev-charging-boom,crazy,Ev Charging Boom,0.0,4.46,-4.46,100000.0,False,82
2026-04-28,38,38,ev-charging-station-stampede,crazy,Ev Charging Station Stampede,0.0,4.46,-4.46,100000.0,False,78
2026-04-28,39,39,ev-euphoria,crazy,Ev Euphoria,0.0,4.46,-4.46,100000.0,False,80
2026-04-28,40,40,financial-sector-momentum-divergence-with-spy,crazy,Financial Sector Momentum Divergence With Spy,0.0,4.46,-4.46,100000.0,False,78
2026-04-28,41,41,fintech-disruption-wave,crazy,Fintech Disruption Wave,0.0,4.46,-4.46,100000.0,False,82
2026-04-28,42,42,freight-rail-carloads,crazy,Freight Rail Carloads,0.0,4.46,-4.46,100000.0,False,84
2026-04-28,43,43,glassdoor,crazy,Glassdoor Misery Gradient,0.0,4.46,-4.46,100000.0,False,84
2026-04-28,44,44,global-tech-earnings-momentum,crazy,Global Tech Earnings Momentum,0.0,4.46,-4.46,100000.0,False,82
2026-04-28,45,45,high-yield-spread-regime,crazy,High Yield Spread Regime,0.0,4.46,-4.46,100000.0,False,84
2026-04-28,46,46,housing-permit-velocity,crazy,Housing Permit Velocity,0.0,4.46,-4.46,100000.0,False,84
2026-04-28,47,47,job-posting-acceleration,crazy,Job Posting Acceleration,0.0,4.46,-4.46,100000.0,False,84
2026-04-28,48,48,linkedin,crazy,LinkedIn Layoff Propagation,0.0,4.46,-4.46,100000.0,False,84
2026-04-28,49,49,liquor,crazy,Liquor Store Leading Indicator,0.0,4.46,-4.46,100000.0,False,84
2026-04-28,50,50,lumber-futures-rollercoaster,crazy,Lumber Futures Rollercoaster,0.0,4.46,-4.46,100000.0,False,78
2026-04-28,51,51,materials-sector-weekly-volatility-contraction-breakout,crazy,Materials Sector Weekly Volatility Contraction Breakout,0.0,4.46,-4.46,100000.0,False,75
2026-04-28,52,52,misery-rotation,crazy,Misery Rotation,0.0,4.46,-4.46,100000.0,False,84
2026-04-28,53,53,online-ad-impression-volatility,crazy,Online Ad Impression Volatility Trader,0.0,4.46,-4.46,100000.0,False,84
2026-04-28,54,54,patent-filing-velocity,crazy,Patent Filing Velocity,0.0,4.46,-4.46,100000.0,False,75
2026-04-28,55,55,pet-food-supply-chain,crazy,Pet Food Supply Chain Disruption,0.0,4.46,-4.46,100000.0,False,84
2026-04-28,56,56,port-congestion-squeeze,crazy,Port Congestion Squeeze,0.0,4.46,-4.46,100000.0,False,82
2026-04-28,57,57,port-container-volume,crazy,Port Container Volume,0.0,4.46,-4.46,100000.0,False,84
2026-04-28,58,58,reddit-emoji-sentiment-spike,crazy,Reddit Emoji Sentiment Spike,0.0,4.46,-4.46,100000.0,False,84
2026-04-28,59,59,reddit-gaming-thread-spike,crazy,Reddit Gaming Thread Spike,0.0,4.46,-4.46,100000.0,False,84
2026-04-28,60,60,reddit-mentions-volatility-spike,crazy,Reddit Mentions Volatility Spike,0.0,4.46,-4.46,100000.0,False,84
2026-04-28,61,61,reddit-sentiment-spike-trend,crazy,Reddit Sentiment Spike Trend,0.0,4.46,-4.46,100000.0,False,84
2026-04-28,62,62,reddit-sentiment-spike,crazy,Reddit Sentiment Spike,0.0,4.46,-4.46,100000.0,False,84
2026-04-28,63,63,reddit-sentiment-volatility-spike,crazy,Reddit Sentiment Volatility Spike,0.0,4.46,-4.46,100000.0,False,84
2026-04-28,64,64,reddit-subreddit-mention-spike,crazy,Reddit Subreddit Mention Spike,0.0,4.46,-4.46,100000.0,False,84
2026-04-28,65,65,reddit-subreddit-sentiment-spike,crazy,Reddit Subreddit Sentiment Spike,0.0,4.46,-4.46,100000.0,False,84
2026-04-28,66,66,reddit-subreddit-surge-momentum,crazy,Reddit Subreddit Surge Momentum,0.0,4.46,-4.46,100000.0,False,84
2026-04-28,67,67,reddit-volatility-spike,crazy,Reddit Volatility Spike,0.0,4.46,-4.46,100000.0,False,84
2026-04-28,68,68,rental-car-shortage-volatility-spike,crazy,Rental Car Shortage Volatility Spike,0.0,4.46,-4.46,100000.0,False,73
2026-04-28,69,69,retail-rush-ahead-of-holidays,crazy,Retail Rush Ahead Of Holidays,0.0,4.46,-4.46,100000.0,False,82
2026-04-28,70,70,rss-roar,crazy,Rss Roar,0.0,4.46,-4.46,100000.0,False,80
2026-04-28,71,71,shipping-container-squeeze-play,crazy,Shipping Container Squeeze Play,0.0,4.46,-4.46,100000.0,False,73
2026-04-28,72,72,small-business-formation,crazy,Small Business Formation,0.0,4.46,-4.46,100000.0,False,84
2026-04-28,73,73,social-media-sentiment-spike,crazy,Social Media Sentiment Spike,0.0,4.46,-4.46,100000.0,False,84
2026-04-28,74,74,solar-storm-scorcher,crazy,Solar Storm Scorcher,0.0,4.46,-4.46,100000.0,False,78
2026-04-28,75,75,superbowl-futures-trade,crazy,Superbowl Futures Trade,0.0,4.46,-4.46,100000.0,False,84
2026-04-28,76,76,technology-sector-daily-ev-charger-count-surge,crazy,Technology Sector Daily Ev Charger Count Surge,0.0,4.46,-4.46,100000.0,False,78
2026-04-28,77,77,temperature-extremes-power-demand-spike-utility-boost,crazy,Temperature Extremes Power Demand Spike Utility Boost,0.0,4.46,-4.46,100000.0,False,70
2026-04-28,78,78,temperature-shock-energy-demand-flip,crazy,Temperature Shock Energy Demand Flip,0.0,4.46,-4.46,100000.0,False,73
2026-04-28,79,79,truck-tonnage,crazy,Truck Tonnage Index,0.0,4.46,-4.46,100000.0,False,84
2026-04-28,80,80,tsa,crazy,TSA Body Count,0.0,4.46,-4.46,100000.0,False,84
2026-04-28,81,81,twitter-sentiment-spike,crazy,Twitter Sentiment Spike,0.0,4.46,-4.46,100000.0,False,84
2026-04-28,82,82,utilities-sector-weekly-temperature-drop-signal,crazy,Utilities Sector Weekly Temperature Drop Signal,0.0,4.46,-4.46,100000.0,False,82
2026-04-28,83,83,utility-power-grid-stress,crazy,Utility Power Grid Stress,0.0,4.46,-4.46,100000.0,False,82
2026-04-28,84,84,volatility-spike-follow-through,crazy,Volatility Spike Follow-Through,0.0,4.46,-4.46,100000.0,False,84
2026-04-28,85,85,weather-disruption-ripple-effects,crazy,Weather Disruption Ripple Effects,0.0,4.46,-4.46,100000.0,False,82
2026-04-28,86,86,weather-volatility-spike,crazy,Weather Volatility Spike,0.0,4.46,-4.46,100000.0,False,84
2026-04-28,87,87,weather-windfall,crazy,Weather Windfall,0.0,4.46,-4.46,100000.0,False,80
2026-04-28,88,88,weekly-increase-in-google-trends-searches-for-bulk-shipping-,crazy,Weekly Increase In Google Trends Searches For Bulk Shipping Delay Signals Bearish Xlb,0.0,4.46,-4.46,100000.0,False,70
2026-04-28,89,89,weekly-rise-in-google-trends-searches-for-gas-price-protest-,crazy,Weekly Rise In Google Trends Searches For Gas Price Protest Signals Bearish Xle,0.0,4.46,-4.46,100000.0,False,70
2026-04-28,90,90,weekly-spike-in-google-trends-for-home-cooling-failure-signa,crazy,Weekly Spike In Google Trends For Home Cooling Failure Signals Bearish Xlu,0.0,4.46,-4.46,100000.0,False,70
2026-04-28,91,91,weekly-surge-in-google-trends-searches-for-home-improvement-,crazy,Weekly Surge In Google Trends Searches For Home Improvement Loan Signals Consumer Stress Lifting Xly,0.0,4.46,-4.46,100000.0,False,70
2026-04-28,92,92,weekly-surge-in-openchargemap-ev-charger-installations-signa,crazy,Weekly Surge In Openchargemap Ev Charger Installations Signals Bullish Xlc,0.0,4.46,-4.46,100000.0,False,72
2026-04-28,93,93,work-from-home-frenzy,crazy,Work From Home Frenzy,0.0,4.46,-4.46,100000.0,False,82
2026-04-28,94,94,xlb-daily-volatility-contraction-breakout,crazy,Xlb Daily Volatility Contraction Breakout,0.0,4.46,-4.46,100000.0,False,80
2026-04-28,95,95,xlu-weekly-cold-snap-weather-correlation,crazy,Xlu Weekly Cold Snap Weather Correlation,0.0,4.46,-4.46,100000.0,False,80
2026-04-28,96,96,xlv-google-trends-flu-search-spike,crazy,Xlv Google Trends Flu Search Spike,0.0,4.46,-4.46,100000.0,False,80
2026-04-28,97,97,yelp-closure-velocity,crazy,Yelp Closure Velocity,0.0,4.46,-4.46,100000.0,False,75
2026-04-28,98,98,yield-curve-regime,crazy,Yield Curve Regime,0.0,4.46,-4.46,100000.0,False,84
2026-04-28,99,99,simple_monthly,normal,Quantified Simple Monthly Rotation,0.0,4.46,-4.46,100000.0,False,85
2026-04-28,100,100,weekly-surge-in-google-trends-searches-for-diy-electronics-r,crazy,Weekly Surge In Google Trends Searches For Diy Electronics Repair Signals Bullish Xlk,-0.01,4.46,-4.47,99990.05,False,70
2026-04-28,101,101,weekly-surge-in-job-postings-for-warehouse-workers-signals-b,crazy,Weekly Surge In Job Postings For Warehouse Workers Signals Bullish Xli,-0.02,4.46,-4.47,99984.48,False,70
2026-04-28,102,102,consumer-discretionary-google-trends-surge-for-sale-keywords,crazy,Consumer Discretionary Google Trends Surge For Sale Keywords,-0.04,4.46,-4.5,99960.96,False,78
2026-04-28,103,103,real-estate-sector-weekly-google-trends-home-buying-surge,crazy,Real Estate Sector Weekly Google Trends Home Buying Surge,-0.05,4.46,-4.5,99954.77,False,82
2026-04-28,104,105,attention-sentiment-spike-daily-surge-in-news-rss-counts-men,crazy,Attention Sentiment Spike Daily Surge In News Rss Counts Mentioning Cyberattack Triggers Bullish Xlc,-0.06,4.46,-4.52,99936.92,False,72
2026-04-28,105,104,weekly-surge-in-google-trends-searches-for-commuting-strike-,crazy,Weekly Surge In Google Trends Searches For Commuting Strike Signals Bearish Xly,-0.06,4.46,-4.51,99944.62,False,70
2026-04-28,106,106,healthcare-sector-google-trends-spike-in-flu-symptoms,crazy,Healthcare Sector Google Trends Spike In Flu Symptoms,-0.08,4.46,-4.54,99917.38,False,78
2026-04-28,107,107,utilities-sector-negative-price-gap-fill,crazy,Utilities Sector Negative Price Gap Fill,-0.08,4.46,-4.54,99921.53,False,78
2026-04-28,108,108,bank-stress-index-volatility-fear-crush-reversal,crazy,Bank Stress Index Volatility Fear Crush Reversal,-0.09,4.46,-4.55,99910.26,False,70
2026-04-28,109,109,industrial-sector-weekly-earthquake-activity-correlation-dip,crazy,Industrial Sector Weekly Earthquake Activity Correlation Dip,-0.09,4.46,-4.55,99910.59,False,78
2026-04-28,110,110,retail-roulette,crazy,Retail Roulette,-0.09,4.46,-4.55,99913.43,False,80
2026-04-28,111,111,daily-spike-in-rss-news-counts-mentioning-politician-insider,crazy,Daily Spike In Rss News Counts Mentioning Politician Insider Buying Tech Stock Signals Bullish Xlk,-0.1,4.46,-4.56,99895.15,False,70
2026-04-28,112,112,xlu-daily-electricity-demand-surge,crazy,Xlu Daily Electricity Demand Surge,-0.1,4.46,-4.56,99898.68,False,80
2026-04-28,113,113,weekly-google-trends-spike-for-diy-car-repair-signals-bullis,crazy,Weekly Google Trends Spike For Diy Car Repair Signals Bullish Xly,-0.11,4.46,-4.57,99892.81,False,67
2026-04-28,114,114,daily-spike-in-rss-counts-for-cybersecurity-breach-news-trig,crazy,Daily Spike In Rss Counts For Cybersecurity Breach News Triggers Bearish Xlk,-0.12,4.46,-4.58,99875.0,False,70
2026-04-28,115,115,news-sentiment-rotation-fade-trade,crazy,News Sentiment Rotation Fade Trade,-0.13,4.46,-4.58,99874.46,False,73
2026-04-28,116,117,xlb-weekly-rss-news-count-spike-on-commodity-shortage,crazy,Xlb Weekly Rss News Count Spike On Commodity Shortage,-0.13,4.46,-4.59,99870.43,False,80
2026-04-28,117,118,electricity-enlightenment,crazy,Electricity Enlightenment,-0.14,4.46,-4.6,99857.33,False,80
2026-04-28,118,119,seismic-activity-construction-halt-signal,crazy,Seismic Activity Construction Halt Signal,-0.14,4.46,-4.6,99861.92,False,73
2026-04-28,119,116,tremor-tension,crazy,Tremor Tension,-0.14,4.46,-4.59,99864.21,False,80
2026-04-28,120,120,google-gusts,crazy,Google Gusts,-0.17,4.46,-4.63,99829.05,False,80
2026-04-28,121,121,oil-price-momentum-reversal-energy-sector-bounce,crazy,Oil Price Momentum Reversal Energy Sector Bounce,-0.17,4.46,-4.63,99832.47,False,67
2026-04-28,122,122,daily-spike-in-daily-earthquake-activity-near-major-logistic,crazy,Daily Spike In Daily Earthquake Activity Near Major Logistics Hubs Signals Bearish Xli,-0.22,4.46,-4.68,99775.64,False,70
2026-04-28,123,123,weekly-surge-in-google-trends-searches-for-city-water-outage,crazy,Weekly Surge In Google Trends Searches For City Water Outage Signals Bearish Xlre,-0.22,4.46,-4.68,99773.32,False,70
2026-04-28,124,124,weekly-rise-in-google-trends-interest-for-food-delivery-dela,crazy,Weekly Rise In Google Trends Interest For Food Delivery Delay Signals Bearish Xlp,-0.23,4.46,-4.69,99768.27,False,70
2026-04-28,125,125,weekly-surge-in-google-trends-for-inflation-hedge-gold-signa,crazy,Weekly Surge In Google Trends For Inflation Hedge Gold Signals Bullish Xlb,-0.24,4.46,-4.7,99749.61,False,67
2026-04-28,126,126,grocery-store-foot-traffic-collapse-signal,crazy,Grocery Store Foot Traffic Collapse Signal,-0.32,4.46,-4.78,99682.86,False,73
2026-04-28,127,127,xle-weekly-drawdown-rebound-signal,crazy,Xle Weekly Drawdown Rebound Signal,-0.33,4.46,-4.79,99667.3,False,80
2026-04-28,128,128,healthcare-cost-shock-google-search-spike,crazy,Healthcare Cost Shock Google Search Spike,-0.37,4.46,-4.83,99617.84,False,73
2026-04-28,129,129,xlc-weekly-google-trends-surge-in-5g-rollout,crazy,Xlc Weekly Google Trends Surge In 5g Rollout,-0.41,4.46,-4.87,99592.39,False,80
2026-04-28,130,130,electricity-consumption,crazy,Electricity Consumption,-0.46,4.46,-4.92,99538.88,False,84
2026-04-28,131,131,weekly-surge-in-google-trends-searches-for-diy-home-repair-s,crazy,Weekly Surge In Google Trends Searches For Diy Home Repair Signals Consumer Stress Lifting Xly,-0.78,4.46,-5.24,99220.52,False,72
2026-04-28,132,132,lumber-momentum,crazy,Lumber Momentum,-0.88,4.46,-5.34,99115.24,False,84
2026-04-28,133,133,copper-momentum,crazy,Copper Momentum,-0.95,4.46,-5.41,99053.41,False,84
2026-04-28,134,134,biscotti,normal,Algo Biscotti (Unconditional Loyalty),-1.89,4.46,-6.35,98107.76,False,85
2026-04-28,135,135,biscotti,crazy,Algo Biscotti (Unconditional Loyalty),-2.68,4.46,-7.14,97318.44,False,84
2026-04-28,136,136,vix-term-structure,crazy,VIX Term Structure,-6.5,4.46,-10.96,93497.0,False,75
2026-04-28,137,137,baileymol,crazy,Chaos Rotation Lab,-7.0,4.46,-11.46,92995.88,False,84
2026-04-28,138,138,vix-fear-rotation,crazy,VIX Fear Rotation,-7.72,4.46,-12.18,92282.84,False,75
2026-04-29,1,1,baileymol,normal,Algo Baileymol (Chaos Monger),5.72,4.44,1.28,105722.38,True,86
2026-04-29,2,2,dmsr,normal,Antonacci Dual Momentum Sector Rotation,5.57,4.44,1.13,105574.43,True,86
2026-04-29,3,3,faber,normal,Faber Momentum Rotation,3.85,4.44,-0.6,103846.61,False,86
2026-04-29,4,4,finra-dark-pool-signal,crazy,FINRA Dark Pool Signal,0.6,4.44,-3.84,100601.81,False,76
2026-04-29,5,6,insider-trading-signals,crazy,Insider Trading Signals,0.52,4.44,-3.93,100517.39,False,85
2026-04-29,6,5,uber-mobility,crazy,Uber Mobility Index,0.52,4.44,-3.92,100521.27,False,85
2026-04-29,7,7,retail-sales-momentum,crazy,Retail Sales Momentum,0.26,4.44,-4.18,100264.02,False,85
2026-04-29,8,8,recession-whisper-google-trends-unemployment-search-surge,crazy,Recession Whisper Google Trends Unemployment Search Surge,0.07,4.44,-4.37,100072.76,False,67
2026-04-29,9,9,earthquake-aftershock-amplifier,crazy,Earthquake Aftershock Amplifier,0.05,4.44,-4.4,100047.52,False,79
2026-04-29,10,10,semiconductor-moonshot-warning,crazy,Semiconductor Moonshot Warning,0.05,4.44,-4.4,100045.62,False,79
2026-04-29,11,11,weekly-spike-in-google-trends-searches-for-warehouse-automat,crazy,Weekly Spike In Google Trends Searches For Warehouse Automation Failure Signals Bearish Xli,0.04,4.44,-4.4,100039.42,False,71
2026-04-29,12,12,materials-sector-weekly-positive-correlation-breakdown-with-,crazy,Materials Sector Weekly Positive Correlation Breakdown With Xlb,0.03,4.44,-4.42,100025.87,False,79
2026-04-29,13,13,staples-sector-drawdown-rapid-recovery,crazy,Staples Sector Drawdown Rapid Recovery,0.02,4.44,-4.42,100024.7,False,79
2026-04-29,14,14,weekly-surge-in-google-trends-searches-for-diy-electronics-r,crazy,Weekly Surge In Google Trends Searches For Diy Electronics Repair Signals Bullish Xlk,0.01,4.44,-4.43,100008.76,False,71
2026-04-29,15,15,airline-load-factor,crazy,Airline Load Factor Proxy,0.0,4.44,-4.44,100000.0,False,85
2026-04-29,16,16,airport-security-surge,crazy,Airport Security Surge,0.0,4.44,-4.44,100000.0,False,83
2026-04-29,17,17,airport-shopping-spree,crazy,Airport Shopping Spree,0.0,4.44,-4.44,100000.0,False,85
2026-04-29,18,18,bankruptcy-filing-rate,crazy,Bankruptcy Filing Rate,0.0,4.44,-4.44,100000.0,False,85
2026-04-29,19,19,calls311,crazy,311 Call Rotation,0.0,4.44,-4.44,100000.0,False,85
2026-04-29,20,20,cardboard,crazy,Cardboard Box Index,0.0,4.44,-4.44,100000.0,False,85
2026-04-29,21,21,cloud-storage-demand-surge,crazy,Cloud Storage Demand Surge,0.0,4.44,-4.44,100000.0,False,85
2026-04-29,22,22,congress,crazy,Congress Trading Fade,0.0,4.44,-4.44,100000.0,False,85
2026-04-29,23,23,consumer-sentiment,crazy,Consumer Sentiment,0.0,4.44,-4.44,100000.0,False,85
2026-04-29,24,24,craigslist,crazy,Craigslist Desperation Index,0.0,4.44,-4.44,100000.0,False,85
2026-04-29,25,25,credit-card-delinquency,crazy,Credit Card Delinquency,0.0,4.44,-4.44,100000.0,False,85
2026-04-29,26,26,crypto-capitulation-countdown,crazy,Crypto Capitulation Countdown,0.0,4.44,-4.44,100000.0,False,79
2026-04-29,27,27,crypto-derivative-arbitrage,crazy,Crypto Derivative Arbitrage,0.0,4.44,-4.44,100000.0,False,85
2026-04-29,28,28,daily-spike-in-ev-charger-installations-signals-bullish-xlc,crazy,Daily Spike In Ev Charger Installations Signals Bullish Xlc,0.0,4.44,-4.44,100000.0,False,68
2026-04-29,29,29,daily-spike-in-freight-logistics-rss-news-volume-mentioning-,crazy,Daily Spike In Freight Logistics Rss News Volume Mentioning Port Labor Strike Triggers Bearish Xli,0.0,4.44,-4.44,100000.0,False,71
2026-04-29,30,101,daily-spike-in-rss-news-counts-around-labor-union-contract-n,crazy,Daily Spike In Rss News Counts Around Labor Union Contract Negotiation Signals Bearish Xlf,-0.0,4.44,-4.45,99997.55,False,71
2026-04-29,31,30,earthquake-energy-demand,crazy,Earthquake Energy Demand Indicator,0.0,4.44,-4.44,100000.0,False,85
2026-04-29,32,31,electric-vehicle-charge-station-density,crazy,Electric Vehicle Charge Station Density,0.0,4.44,-4.44,100000.0,False,85
2026-04-29,33,32,energy-sector-sudden-weekly-volatility-spike,crazy,Energy Sector Sudden Weekly Volatility Spike,0.0,4.44,-4.44,100000.0,False,76
2026-04-29,34,33,energy-sector-weekly-drawdown-exhaustion,crazy,Energy Sector Weekly Drawdown Exhaustion,0.0,4.44,-4.44,100000.0,False,79
2026-04-29,35,34,ev-charger-density-saturation-play,crazy,Ev Charger Density Saturation Play,0.0,4.44,-4.44,100000.0,False,74
2026-04-29,36,35,ev-charger-network-density-surge-bullish-signal,crazy,Ev Charger Network Density Surge Bullish Signal,0.0,4.44,-4.44,100000.0,False,68
2026-04-29,37,36,ev-charger-network-expansion-sprint-demand-surge,crazy,Ev Charger Network Expansion Sprint Demand Surge,0.0,4.44,-4.44,100000.0,False,71
2026-04-29,38,37,ev-charging-boom,crazy,Ev Charging Boom,0.0,4.44,-4.44,100000.0,False,83
2026-04-29,39,38,ev-charging-station-stampede,crazy,Ev Charging Station Stampede,0.0,4.44,-4.44,100000.0,False,79
2026-04-29,40,39,ev-euphoria,crazy,Ev Euphoria,0.0,4.44,-4.44,100000.0,False,81
2026-04-29,41,40,financial-sector-momentum-divergence-with-spy,crazy,Financial Sector Momentum Divergence With Spy,0.0,4.44,-4.44,100000.0,False,79
2026-04-29,42,41,fintech-disruption-wave,crazy,Fintech Disruption Wave,0.0,4.44,-4.44,100000.0,False,83
2026-04-29,43,42,freight-rail-carloads,crazy,Freight Rail Carloads,0.0,4.44,-4.44,100000.0,False,85
2026-04-29,44,43,glassdoor,crazy,Glassdoor Misery Gradient,0.0,4.44,-4.44,100000.0,False,85
2026-04-29,45,44,global-tech-earnings-momentum,crazy,Global Tech Earnings Momentum,0.0,4.44,-4.44,100000.0,False,83
2026-04-29,46,45,high-yield-spread-regime,crazy,High Yield Spread Regime,0.0,4.44,-4.44,100000.0,False,85
2026-04-29,47,46,job-posting-acceleration,crazy,Job Posting Acceleration,0.0,4.44,-4.44,100000.0,False,85
2026-04-29,48,47,linkedin,crazy,LinkedIn Layoff Propagation,0.0,4.44,-4.44,100000.0,False,85
2026-04-29,49,48,liquor,crazy,Liquor Store Leading Indicator,0.0,4.44,-4.44,100000.0,False,85
2026-04-29,50,49,lumber-futures-rollercoaster,crazy,Lumber Futures Rollercoaster,0.0,4.44,-4.44,100000.0,False,79
2026-04-29,51,50,materials-sector-weekly-volatility-contraction-breakout,crazy,Materials Sector Weekly Volatility Contraction Breakout,0.0,4.44,-4.44,100000.0,False,76
2026-04-29,52,51,misery-rotation,crazy,Misery Rotation,0.0,4.44,-4.44,100000.0,False,85
2026-04-29,53,52,online-ad-impression-volatility,crazy,Online Ad Impression Volatility Trader,0.0,4.44,-4.44,100000.0,False,85
2026-04-29,54,53,patent-filing-velocity,crazy,Patent Filing Velocity,0.0,4.44,-4.44,100000.0,False,76
2026-04-29,55,54,pet-food-supply-chain,crazy,Pet Food Supply Chain Disruption,0.0,4.44,-4.44,100000.0,False,85
2026-04-29,56,55,port-congestion-squeeze,crazy,Port Congestion Squeeze,0.0,4.44,-4.44,100000.0,False,83
2026-04-29,57,56,port-container-volume,crazy,Port Container Volume,0.0,4.44,-4.44,100000.0,False,85
2026-04-29,58,57,reddit-emoji-sentiment-spike,crazy,Reddit Emoji Sentiment Spike,0.0,4.44,-4.44,100000.0,False,85
2026-04-29,59,58,reddit-gaming-thread-spike,crazy,Reddit Gaming Thread Spike,0.0,4.44,-4.44,100000.0,False,85
2026-04-29,60,59,reddit-mentions-volatility-spike,crazy,Reddit Mentions Volatility Spike,0.0,4.44,-4.44,100000.0,False,85
2026-04-29,61,60,reddit-sentiment-spike-trend,crazy,Reddit Sentiment Spike Trend,0.0,4.44,-4.44,100000.0,False,85
2026-04-29,62,61,reddit-sentiment-spike,crazy,Reddit Sentiment Spike,0.0,4.44,-4.44,100000.0,False,85
2026-04-29,63,62,reddit-sentiment-volatility-spike,crazy,Reddit Sentiment Volatility Spike,0.0,4.44,-4.44,100000.0,False,85
2026-04-29,64,63,reddit-subreddit-mention-spike,crazy,Reddit Subreddit Mention Spike,0.0,4.44,-4.44,100000.0,False,85
2026-04-29,65,64,reddit-subreddit-sentiment-spike,crazy,Reddit Subreddit Sentiment Spike,0.0,4.44,-4.44,100000.0,False,85
2026-04-29,66,65,reddit-subreddit-surge-momentum,crazy,Reddit Subreddit Surge Momentum,0.0,4.44,-4.44,100000.0,False,85
2026-04-29,67,66,reddit-volatility-spike,crazy,Reddit Volatility Spike,0.0,4.44,-4.44,100000.0,False,85
2026-04-29,68,67,rental-car-shortage-volatility-spike,crazy,Rental Car Shortage Volatility Spike,0.0,4.44,-4.44,100000.0,False,74
2026-04-29,69,68,retail-rush-ahead-of-holidays,crazy,Retail Rush Ahead Of Holidays,0.0,4.44,-4.44,100000.0,False,83
2026-04-29,70,69,rss-roar,crazy,Rss Roar,0.0,4.44,-4.44,100000.0,False,81
2026-04-29,71,70,shipping-container-squeeze-play,crazy,Shipping Container Squeeze Play,0.0,4.44,-4.44,100000.0,False,74
2026-04-29,72,71,small-business-formation,crazy,Small Business Formation,0.0,4.44,-4.44,100000.0,False,85
2026-04-29,73,72,social-media-sentiment-spike,crazy,Social Media Sentiment Spike,0.0,4.44,-4.44,100000.0,False,85
2026-04-29,74,73,solar-storm-scorcher,crazy,Solar Storm Scorcher,0.0,4.44,-4.44,100000.0,False,79
2026-04-29,75,74,superbowl-futures-trade,crazy,Superbowl Futures Trade,0.0,4.44,-4.44,100000.0,False,85
2026-04-29,76,75,technology-sector-daily-ev-charger-count-surge,crazy,Technology Sector Daily Ev Charger Count Surge,0.0,4.44,-4.44,100000.0,False,79
2026-04-29,77,76,temperature-extremes-power-demand-spike-utility-boost,crazy,Temperature Extremes Power Demand Spike Utility Boost,0.0,4.44,-4.44,100000.0,False,71
2026-04-29,78,77,temperature-shock-energy-demand-flip,crazy,Temperature Shock Energy Demand Flip,0.0,4.44,-4.44,100000.0,False,74
2026-04-29,79,78,truck-tonnage,crazy,Truck Tonnage Index,0.0,4.44,-4.44,100000.0,False,85
2026-04-29,80,79,tsa,crazy,TSA Body Count,0.0,4.44,-4.44,100000.0,False,85
2026-04-29,81,80,twitter-sentiment-spike,crazy,Twitter Sentiment Spike,0.0,4.44,-4.44,100000.0,False,85
2026-04-29,82,81,utilities-sector-weekly-temperature-drop-signal,crazy,Utilities Sector Weekly Temperature Drop Signal,0.0,4.44,-4.44,100000.0,False,83
2026-04-29,83,82,utility-power-grid-stress,crazy,Utility Power Grid Stress,0.0,4.44,-4.44,100000.0,False,83
2026-04-29,84,83,volatility-spike-follow-through,crazy,Volatility Spike Follow-Through,0.0,4.44,-4.44,100000.0,False,85
2026-04-29,85,84,weather-disruption-ripple-effects,crazy,Weather Disruption Ripple Effects,0.0,4.44,-4.44,100000.0,False,83
2026-04-29,86,85,weather-volatility-spike,crazy,Weather Volatility Spike,0.0,4.44,-4.44,100000.0,False,85
2026-04-29,87,86,weather-windfall,crazy,Weather Windfall,0.0,4.44,-4.44,100000.0,False,81
2026-04-29,88,87,weekly-google-trends-surge-in-energy-bill-shock-signals-cons,crazy,Weekly Google Trends Surge In Energy Bill Shock Signals Consumer Stress Impacting Utilities,0.0,4.44,-4.44,100000.0,False,67
2026-04-29,89,88,weekly-increase-in-google-trends-searches-for-bulk-shipping-,crazy,Weekly Increase In Google Trends Searches For Bulk Shipping Delay Signals Bearish Xlb,0.0,4.44,-4.44,100000.0,False,71
2026-04-29,90,89,weekly-rise-in-google-trends-searches-for-gas-price-protest-,crazy,Weekly Rise In Google Trends Searches For Gas Price Protest Signals Bearish Xle,0.0,4.44,-4.44,100000.0,False,71
2026-04-29,91,90,weekly-spike-in-google-trends-for-home-cooling-failure-signa,crazy,Weekly Spike In Google Trends For Home Cooling Failure Signals Bearish Xlu,0.0,4.44,-4.44,100000.0,False,71
2026-04-29,92,91,weekly-surge-in-google-trends-for-hotel-room-shortage-signal,crazy,Weekly Surge In Google Trends For Hotel Room Shortage Signals Travel Sector Tightness,0.0,4.44,-4.44,100000.0,False,67
2026-04-29,93,92,weekly-surge-in-google-trends-searches-for-home-improvement-,crazy,Weekly Surge In Google Trends Searches For Home Improvement Loan Signals Consumer Stress Lifting Xly,0.0,4.44,-4.44,100000.0,False,71
2026-04-29,94,93,weekly-surge-in-openchargemap-ev-charger-installations-signa,crazy,Weekly Surge In Openchargemap Ev Charger Installations Signals Bullish Xlc,0.0,4.44,-4.44,100000.0,False,73
2026-04-29,95,94,work-from-home-frenzy,crazy,Work From Home Frenzy,0.0,4.44,-4.44,100000.0,False,83
2026-04-29,96,95,xlb-daily-volatility-contraction-breakout,crazy,Xlb Daily Volatility Contraction Breakout,0.0,4.44,-4.44,100000.0,False,81
2026-04-29,97,96,xlu-weekly-cold-snap-weather-correlation,crazy,Xlu Weekly Cold Snap Weather Correlation,0.0,4.44,-4.44,100000.0,False,81
2026-04-29,98,97,xlv-google-trends-flu-search-spike,crazy,Xlv Google Trends Flu Search Spike,0.0,4.44,-4.44,100000.0,False,81
2026-04-29,99,98,yelp-closure-velocity,crazy,Yelp Closure Velocity,0.0,4.44,-4.44,100000.0,False,76
2026-04-29,100,99,yield-curve-regime,crazy,Yield Curve Regime,0.0,4.44,-4.44,100000.0,False,85
2026-04-29,101,100,simple_monthly,normal,Quantified Simple Monthly Rotation,0.0,4.44,-4.44,100000.0,False,86
2026-04-29,102,102,weekly-surge-in-google-trends-for-diy-plumbing-repair-signal,crazy,Weekly Surge In Google Trends For Diy Plumbing Repair Signals Consumer Stress Rebound,-0.01,4.44,-4.45,99990.05,False,67
2026-04-29,103,103,housing-permit-velocity,crazy,Housing Permit Velocity,-0.02,4.44,-4.46,99980.1,False,85
2026-04-29,104,104,weekly-surge-in-job-postings-for-warehouse-workers-signals-b,crazy,Weekly Surge In Job Postings For Warehouse Workers Signals Bullish Xli,-0.02,4.44,-4.46,99984.48,False,71
2026-04-29,105,105,consumer-discretionary-google-trends-surge-for-sale-keywords,crazy,Consumer Discretionary Google Trends Surge For Sale Keywords,-0.04,4.44,-4.48,99960.96,False,79
2026-04-29,106,106,real-estate-sector-weekly-google-trends-home-buying-surge,crazy,Real Estate Sector Weekly Google Trends Home Buying Surge,-0.05,4.44,-4.49,99954.77,False,83
2026-04-29,107,107,weekly-surge-in-google-trends-searches-for-commuting-strike-,crazy,Weekly Surge In Google Trends Searches For Commuting Strike Signals Bearish Xly,-0.06,4.44,-4.5,99944.62,False,71
2026-04-29,108,108,attention-sentiment-spike-daily-surge-in-news-rss-counts-men,crazy,Attention Sentiment Spike Daily Surge In News Rss Counts Mentioning Cyberattack Triggers Bullish Xlc,-0.07,4.44,-4.52,99926.97,False,73
2026-04-29,109,110,weekly-google-trends-surge-in-diy-electronics-repair-signals,crazy,Weekly Google Trends Surge In Diy Electronics Repair Signals Tech Consumer Stress Lift,-0.07,4.44,-4.52,99926.34,False,67
2026-04-29,110,112,healthcare-sector-google-trends-spike-in-flu-symptoms,crazy,Healthcare Sector Google Trends Spike In Flu Symptoms,-0.08,4.44,-4.53,99917.38,False,79
2026-04-29,111,109,utilities-sector-negative-price-gap-fill,crazy,Utilities Sector Negative Price Gap Fill,-0.08,4.44,-4.52,99921.53,False,79
2026-04-29,112,111,bank-stress-index-volatility-fear-crush-reversal,crazy,Bank Stress Index Volatility Fear Crush Reversal,-0.09,4.44,-4.53,99910.26,False,71
2026-04-29,113,113,industrial-sector-weekly-earthquake-activity-correlation-dip,crazy,Industrial Sector Weekly Earthquake Activity Correlation Dip,-0.09,4.44,-4.53,99910.59,False,79
2026-04-29,114,114,retail-roulette,crazy,Retail Roulette,-0.09,4.44,-4.53,99913.43,False,81
2026-04-29,115,115,xlu-daily-electricity-demand-surge,crazy,Xlu Daily Electricity Demand Surge,-0.1,4.44,-4.54,99898.68,False,81
2026-04-29,116,118,daily-spike-in-rss-news-counts-mentioning-politician-insider,crazy,Daily Spike In Rss News Counts Mentioning Politician Insider Buying Tech Stock Signals Bullish Xlk,-0.11,4.44,-4.56,99885.2,False,71
2026-04-29,117,116,mortgage-rate-housing-proxy,crazy,Mortgage Rate Housing Proxy,-0.11,4.44,-4.55,99891.28,False,85
2026-04-29,118,117,weekly-google-trends-spike-for-diy-car-repair-signals-bullis,crazy,Weekly Google Trends Spike For Diy Car Repair Signals Bullish Xly,-0.11,4.44,-4.55,99892.81,False,68
2026-04-29,119,119,daily-spike-in-rss-counts-for-cybersecurity-breach-news-trig,crazy,Daily Spike In Rss Counts For Cybersecurity Breach News Triggers Bearish Xlk,-0.13,4.44,-4.58,99865.05,False,71
2026-04-29,120,124,electricity-enlightenment,crazy,Electricity Enlightenment,-0.14,4.44,-4.59,99857.33,False,81
2026-04-29,121,120,news-sentiment-rotation-fade-trade,crazy,News Sentiment Rotation Fade Trade,-0.14,4.44,-4.58,99864.51,False,74
2026-04-29,122,121,seismic-activity-construction-halt-signal,crazy,Seismic Activity Construction Halt Signal,-0.14,4.44,-4.58,99861.92,False,74
2026-04-29,123,122,tremor-tension,crazy,Tremor Tension,-0.14,4.44,-4.58,99864.21,False,81
2026-04-29,124,123,xlb-weekly-rss-news-count-spike-on-commodity-shortage,crazy,Xlb Weekly Rss News Count Spike On Commodity Shortage,-0.14,4.44,-4.58,99860.48,False,81
2026-04-29,125,125,google-gusts,crazy,Google Gusts,-0.18,4.44,-4.62,99819.1,False,81
2026-04-29,126,126,oil-price-momentum-reversal-energy-sector-bounce,crazy,Oil Price Momentum Reversal Energy Sector Bounce,-0.18,4.44,-4.62,99822.52,False,68
2026-04-29,127,127,wage-growth-demand-surge-fast-food-google-trends,crazy,Wage Growth Demand Surge Fast Food Google Trends,-0.2,4.44,-4.64,99799.52,False,67
2026-04-29,128,129,daily-spike-in-daily-earthquake-activity-near-major-logistic,crazy,Daily Spike In Daily Earthquake Activity Near Major Logistics Hubs Signals Bearish Xli,-0.22,4.44,-4.67,99775.64,False,71
2026-04-29,129,128,weekly-surge-in-google-trends-searches-for-city-water-outage,crazy,Weekly Surge In Google Trends Searches For City Water Outage Signals Bearish Xlre,-0.22,4.44,-4.66,99773.32,False,71
2026-04-29,130,130,weekly-rise-in-google-trends-interest-for-food-delivery-dela,crazy,Weekly Rise In Google Trends Interest For Food Delivery Delay Signals Bearish Xlp,-0.23,4.44,-4.67,99768.27,False,71
2026-04-29,131,131,weekly-surge-in-google-trends-for-inflation-hedge-gold-signa,crazy,Weekly Surge In Google Trends For Inflation Hedge Gold Signals Bullish Xlb,-0.29,4.44,-4.74,99696.68,False,68
2026-04-29,132,132,grocery-store-foot-traffic-collapse-signal,crazy,Grocery Store Foot Traffic Collapse Signal,-0.32,4.44,-4.76,99682.86,False,74
2026-04-29,133,133,xle-weekly-drawdown-rebound-signal,crazy,Xle Weekly Drawdown Rebound Signal,-0.33,4.44,-4.78,99667.3,False,81
2026-04-29,134,134,healthcare-cost-shock-google-search-spike,crazy,Healthcare Cost Shock Google Search Spike,-0.37,4.44,-4.82,99617.84,False,74
2026-04-29,135,135,xlc-weekly-google-trends-surge-in-5g-rollout,crazy,Xlc Weekly Google Trends Surge In 5g Rollout,-0.41,4.44,-4.85,99592.39,False,81
2026-04-29,136,136,weekly-surge-in-google-trends-searches-for-diy-home-repair-s,crazy,Weekly Surge In Google Trends Searches For Diy Home Repair Signals Consumer Stress Lifting Xly,-0.78,4.44,-5.22,99220.52,False,73
2026-04-29,137,137,electricity-consumption,crazy,Electricity Consumption,-0.97,4.44,-5.41,99033.53,False,85
2026-04-29,138,138,lumber-momentum,crazy,Lumber Momentum,-1.48,4.44,-5.92,98521.13,False,85
2026-04-29,139,139,copper-momentum,crazy,Copper Momentum,-1.54,4.44,-5.98,98459.95,False,85
2026-04-29,140,140,biscotti,normal,Algo Biscotti (Unconditional Loyalty),-2.49,4.44,-6.94,97505.27,False,86
2026-04-29,141,141,biscotti,crazy,Algo Biscotti (Unconditional Loyalty),-2.87,4.44,-7.31,97131.01,False,85
2026-04-29,142,142,vix-term-structure,crazy,VIX Term Structure,-6.25,4.44,-10.7,93745.61,False,76
2026-04-29,143,143,baileymol,crazy,Chaos Rotation Lab,-6.8,4.44,-11.25,93196.05,False,85
2026-04-29,144,144,vix-fear-rotation,crazy,VIX Fear Rotation,-7.92,4.44,-12.36,92078.19,False,76
2026-04-30,1,1,baileymol,normal,Algo Baileymol (Chaos Monger),6.26,5.48,0.78,106262.82,True,87
2026-04-30,2,2,dmsr,normal,Antonacci Dual Momentum Sector Rotation,3.97,5.48,-1.51,103973.09,False,87
2026-04-30,3,3,faber,normal,Faber Momentum Rotation,3.83,5.48,-1.66,103826.71,False,87
2026-04-30,4,4,finra-dark-pool-signal,crazy,FINRA Dark Pool Signal,2.17,5.48,-3.31,102174.97,False,77
2026-04-30,5,5,uber-mobility,crazy,Uber Mobility Index,1.97,5.48,-3.51,101974.66,False,86
2026-04-30,6,6,housing-permit-velocity,crazy,Housing Permit Velocity,1.42,5.48,-4.06,101419.01,False,86
2026-04-30,7,7,insider-trading-signals,crazy,Insider Trading Signals,1.36,5.48,-4.12,101362.93,False,86
2026-04-30,8,8,mortgage-rate-housing-proxy,crazy,Mortgage Rate Housing Proxy,1.33,5.48,-4.16,101325.94,False,86
2026-04-30,9,9,retail-sales-momentum,crazy,Retail Sales Momentum,0.86,5.48,-4.62,100859.95,False,86
2026-04-30,10,10,recession-whisper-google-trends-unemployment-search-surge,crazy,Recession Whisper Google Trends Unemployment Search Surge,0.07,5.48,-5.41,100072.76,False,68
2026-04-30,11,11,earthquake-aftershock-amplifier,crazy,Earthquake Aftershock Amplifier,0.05,5.48,-5.43,100047.52,False,80
2026-04-30,12,12,semiconductor-moonshot-warning,crazy,Semiconductor Moonshot Warning,0.05,5.48,-5.44,100045.62,False,80
2026-04-30,13,13,weekly-spike-in-google-trends-searches-for-warehouse-automat,crazy,Weekly Spike In Google Trends Searches For Warehouse Automation Failure Signals Bearish Xli,0.04,5.48,-5.44,100039.42,False,72
2026-04-30,14,14,materials-sector-weekly-positive-correlation-breakdown-with-,crazy,Materials Sector Weekly Positive Correlation Breakdown With Xlb,0.03,5.48,-5.46,100025.87,False,80
2026-04-30,15,15,staples-sector-drawdown-rapid-recovery,crazy,Staples Sector Drawdown Rapid Recovery,0.02,5.48,-5.46,100024.7,False,80
2026-04-30,16,16,weekly-surge-in-google-trends-for-diy-plumbing-repair-signal,crazy,Weekly Surge In Google Trends For Diy Plumbing Repair Signals Consumer Stress Rebound,0.02,5.48,-5.46,100024.32,False,68
2026-04-30,17,17,electricity-consumption,crazy,Electricity Consumption,0.01,5.48,-5.47,100012.53,False,86
2026-04-30,18,18,weekly-surge-in-google-trends-searches-for-diy-electronics-r,crazy,Weekly Surge In Google Trends Searches For Diy Electronics Repair Signals Bullish Xlk,0.01,5.48,-5.47,100008.76,False,72
2026-04-30,19,19,airline-load-factor,crazy,Airline Load Factor Proxy,0.0,5.48,-5.48,100000.0,False,86
2026-04-30,20,20,airport-security-surge,crazy,Airport Security Surge,0.0,5.48,-5.48,100000.0,False,84
2026-04-30,21,21,airport-shopping-spree,crazy,Airport Shopping Spree,0.0,5.48,-5.48,100000.0,False,86
2026-04-30,22,22,bankruptcy-filing-rate,crazy,Bankruptcy Filing Rate,0.0,5.48,-5.48,100000.0,False,86
2026-04-30,23,23,calls311,crazy,311 Call Rotation,0.0,5.48,-5.48,100000.0,False,86
2026-04-30,24,24,cardboard,crazy,Cardboard Box Index,0.0,5.48,-5.48,100000.0,False,86
2026-04-30,25,25,cloud-storage-demand-surge,crazy,Cloud Storage Demand Surge,0.0,5.48,-5.48,100000.0,False,86
2026-04-30,26,26,congress,crazy,Congress Trading Fade,0.0,5.48,-5.48,100000.0,False,86
2026-04-30,27,27,consumer-sentiment,crazy,Consumer Sentiment,0.0,5.48,-5.48,100000.0,False,86
2026-04-30,28,28,craigslist,crazy,Craigslist Desperation Index,0.0,5.48,-5.48,100000.0,False,86
2026-04-30,29,29,credit-card-delinquency,crazy,Credit Card Delinquency,0.0,5.48,-5.48,100000.0,False,86
2026-04-30,30,30,crypto-capitulation-countdown,crazy,Crypto Capitulation Countdown,0.0,5.48,-5.48,100000.0,False,80
2026-04-30,31,31,crypto-derivative-arbitrage,crazy,Crypto Derivative Arbitrage,0.0,5.48,-5.48,100000.0,False,86
2026-04-30,32,32,daily-spike-in-ev-charger-installations-signals-bullish-xlc,crazy,Daily Spike In Ev Charger Installations Signals Bullish Xlc,0.0,5.48,-5.48,100000.0,False,69
2026-04-30,33,33,daily-spike-in-freight-logistics-rss-news-volume-mentioning-,crazy,Daily Spike In Freight Logistics Rss News Volume Mentioning Port Labor Strike Triggers Bearish Xli,0.0,5.48,-5.48,100000.0,False,72
2026-04-30,34,34,daily-spike-in-rss-news-counts-around-labor-union-contract-n,crazy,Daily Spike In Rss News Counts Around Labor Union Contract Negotiation Signals Bearish Xlf,0.0,5.48,-5.48,100003.84,False,72
2026-04-30,35,35,earthquake-energy-demand,crazy,Earthquake Energy Demand Indicator,0.0,5.48,-5.48,100000.0,False,86
2026-04-30,36,36,electric-vehicle-charge-station-density,crazy,Electric Vehicle Charge Station Density,0.0,5.48,-5.48,100000.0,False,86
2026-04-30,37,37,energy-sector-sudden-weekly-volatility-spike,crazy,Energy Sector Sudden Weekly Volatility Spike,0.0,5.48,-5.48,100000.0,False,77
2026-04-30,38,38,energy-sector-weekly-drawdown-exhaustion,crazy,Energy Sector Weekly Drawdown Exhaustion,0.0,5.48,-5.48,100000.0,False,80
2026-04-30,39,39,ev-charger-density-saturation-play,crazy,Ev Charger Density Saturation Play,0.0,5.48,-5.48,100000.0,False,75
2026-04-30,40,40,ev-charger-installation-acceleration-play,crazy,Ev Charger Installation Acceleration Play,0.0,5.48,-5.48,100000.0,False,67
2026-04-30,41,41,ev-charger-network-density-surge-bullish-signal,crazy,Ev Charger Network Density Surge Bullish Signal,0.0,5.48,-5.48,100000.0,False,69
2026-04-30,42,42,ev-charger-network-expansion-sprint-demand-surge,crazy,Ev Charger Network Expansion Sprint Demand Surge,0.0,5.48,-5.48,100000.0,False,72
2026-04-30,43,43,ev-charging-boom,crazy,Ev Charging Boom,0.0,5.48,-5.48,100000.0,False,84
2026-04-30,44,44,ev-charging-station-stampede,crazy,Ev Charging Station Stampede,0.0,5.48,-5.48,100000.0,False,80
2026-04-30,45,45,ev-euphoria,crazy,Ev Euphoria,0.0,5.48,-5.48,100000.0,False,82
2026-04-30,46,46,financial-sector-momentum-divergence-with-spy,crazy,Financial Sector Momentum Divergence With Spy,0.0,5.48,-5.48,100000.0,False,80
2026-04-30,47,47,fintech-disruption-wave,crazy,Fintech Disruption Wave,0.0,5.48,-5.48,100000.0,False,84
2026-04-30,48,48,freight-rail-carloads,crazy,Freight Rail Carloads,0.0,5.48,-5.48,100000.0,False,86
2026-04-30,49,49,glassdoor,crazy,Glassdoor Misery Gradient,0.0,5.48,-5.48,100000.0,False,86
2026-04-30,50,50,global-tech-earnings-momentum,crazy,Global Tech Earnings Momentum,0.0,5.48,-5.48,100000.0,False,84
2026-04-30,51,51,gold-volatility-vol-of-vol-spike,crazy,Gold Volatility Vol-of-vol Spike,0.0,5.48,-5.48,100000.0,False,67
2026-04-30,52,52,high-yield-spread-regime,crazy,High Yield Spread Regime,0.0,5.48,-5.48,100000.0,False,86
2026-04-30,53,53,job-posting-acceleration,crazy,Job Posting Acceleration,0.0,5.48,-5.48,100000.0,False,86
2026-04-30,54,54,linkedin,crazy,LinkedIn Layoff Propagation,0.0,5.48,-5.48,100000.0,False,86
2026-04-30,55,55,liquor,crazy,Liquor Store Leading Indicator,0.0,5.48,-5.48,100000.0,False,86
2026-04-30,56,56,lumber-futures-rollercoaster,crazy,Lumber Futures Rollercoaster,0.0,5.48,-5.48,100000.0,False,80
2026-04-30,57,57,materials-sector-weekly-volatility-contraction-breakout,crazy,Materials Sector Weekly Volatility Contraction Breakout,0.0,5.48,-5.48,100000.0,False,77
2026-04-30,58,58,misery-rotation,crazy,Misery Rotation,0.0,5.48,-5.48,100000.0,False,86
2026-04-30,59,59,mortgage-refinance-wave-google-trends-surge,crazy,Mortgage Refinance Wave Google Trends Surge,0.0,5.48,-5.48,100000.0,False,67
2026-04-30,60,60,online-ad-impression-volatility,crazy,Online Ad Impression Volatility Trader,0.0,5.48,-5.48,100000.0,False,86
2026-04-30,61,61,patent-filing-velocity,crazy,Patent Filing Velocity,0.0,5.48,-5.48,100000.0,False,77
2026-04-30,62,62,pet-food-supply-chain,crazy,Pet Food Supply Chain Disruption,0.0,5.48,-5.48,100000.0,False,86
2026-04-30,63,63,port-congestion-squeeze,crazy,Port Congestion Squeeze,0.0,5.48,-5.48,100000.0,False,84
2026-04-30,64,64,port-container-volume,crazy,Port Container Volume,0.0,5.48,-5.48,100000.0,False,86
2026-04-30,65,65,reddit-emoji-sentiment-spike,crazy,Reddit Emoji Sentiment Spike,0.0,5.48,-5.48,100000.0,False,86
2026-04-30,66,66,reddit-gaming-thread-spike,crazy,Reddit Gaming Thread Spike,0.0,5.48,-5.48,100000.0,False,86
2026-04-30,67,67,reddit-mentions-volatility-spike,crazy,Reddit Mentions Volatility Spike,0.0,5.48,-5.48,100000.0,False,86
2026-04-30,68,68,reddit-sentiment-spike-trend,crazy,Reddit Sentiment Spike Trend,0.0,5.48,-5.48,100000.0,False,86
2026-04-30,69,69,reddit-sentiment-spike,crazy,Reddit Sentiment Spike,0.0,5.48,-5.48,100000.0,False,86
2026-04-30,70,70,reddit-sentiment-volatility-spike,crazy,Reddit Sentiment Volatility Spike,0.0,5.48,-5.48,100000.0,False,86
2026-04-30,71,71,reddit-subreddit-mention-spike,crazy,Reddit Subreddit Mention Spike,0.0,5.48,-5.48,100000.0,False,86
2026-04-30,72,72,reddit-subreddit-sentiment-spike,crazy,Reddit Subreddit Sentiment Spike,0.0,5.48,-5.48,100000.0,False,86
2026-04-30,73,73,reddit-subreddit-surge-momentum,crazy,Reddit Subreddit Surge Momentum,0.0,5.48,-5.48,100000.0,False,86
2026-04-30,74,74,reddit-volatility-spike,crazy,Reddit Volatility Spike,0.0,5.48,-5.48,100000.0,False,86
2026-04-30,75,75,rental-car-shortage-volatility-spike,crazy,Rental Car Shortage Volatility Spike,0.0,5.48,-5.48,100000.0,False,75
2026-04-30,76,76,retail-rush-ahead-of-holidays,crazy,Retail Rush Ahead Of Holidays,0.0,5.48,-5.48,100000.0,False,84
2026-04-30,77,77,rss-roar,crazy,Rss Roar,0.0,5.48,-5.48,100000.0,False,82
2026-04-30,78,78,shipping-container-squeeze-play,crazy,Shipping Container Squeeze Play,0.0,5.48,-5.48,100000.0,False,75
2026-04-30,79,79,small-business-formation,crazy,Small Business Formation,0.0,5.48,-5.48,100000.0,False,86
2026-04-30,80,80,social-media-sentiment-spike,crazy,Social Media Sentiment Spike,0.0,5.48,-5.48,100000.0,False,86
2026-04-30,81,81,solar-storm-scorcher,crazy,Solar Storm Scorcher,0.0,5.48,-5.48,100000.0,False,80
2026-04-30,82,82,superbowl-futures-trade,crazy,Superbowl Futures Trade,0.0,5.48,-5.48,100000.0,False,86
2026-04-30,83,83,technology-sector-daily-ev-charger-count-surge,crazy,Technology Sector Daily Ev Charger Count Surge,0.0,5.48,-5.48,100000.0,False,80
2026-04-30,84,84,temperature-extremes-power-demand-spike-utility-boost,crazy,Temperature Extremes Power Demand Spike Utility Boost,0.0,5.48,-5.48,100000.0,False,72
2026-04-30,85,85,temperature-shock-energy-demand-flip,crazy,Temperature Shock Energy Demand Flip,0.0,5.48,-5.48,100000.0,False,75
2026-04-30,86,86,truck-tonnage,crazy,Truck Tonnage Index,0.0,5.48,-5.48,100000.0,False,86
2026-04-30,87,87,tsa,crazy,TSA Body Count,0.0,5.48,-5.48,100000.0,False,86
2026-04-30,88,88,twitter-sentiment-spike,crazy,Twitter Sentiment Spike,0.0,5.48,-5.48,100000.0,False,86
2026-04-30,89,89,utilities-sector-weekly-temperature-drop-signal,crazy,Utilities Sector Weekly Temperature Drop Signal,0.0,5.48,-5.48,100000.0,False,84
2026-04-30,90,90,utility-power-grid-stress,crazy,Utility Power Grid Stress,0.0,5.48,-5.48,100000.0,False,84
2026-04-30,91,91,volatility-spike-follow-through,crazy,Volatility Spike Follow-Through,0.0,5.48,-5.48,100000.0,False,86
2026-04-30,92,92,weather-disruption-ripple-effects,crazy,Weather Disruption Ripple Effects,0.0,5.48,-5.48,100000.0,False,84
2026-04-30,93,93,weather-volatility-spike,crazy,Weather Volatility Spike,0.0,5.48,-5.48,100000.0,False,86
2026-04-30,94,94,weather-windfall,crazy,Weather Windfall,0.0,5.48,-5.48,100000.0,False,82
2026-04-30,95,95,weekly-google-trends-surge-in-energy-bill-shock-signals-cons,crazy,Weekly Google Trends Surge In Energy Bill Shock Signals Consumer Stress Impacting Utilities,0.0,5.48,-5.48,100000.0,False,68
2026-04-30,96,96,weekly-google-trends-surge-in-home-energy-bill-shock-signals,crazy,Weekly Google Trends Surge In Home Energy Bill Shock Signals Bullish Utilities,0.0,5.48,-5.48,100000.0,False,67
2026-04-30,97,97,weekly-increase-in-google-trends-searches-for-bulk-shipping-,crazy,Weekly Increase In Google Trends Searches For Bulk Shipping Delay Signals Bearish Xlb,0.0,5.48,-5.48,100000.0,False,72
2026-04-30,98,98,weekly-rise-in-google-trends-searches-for-gas-price-protest-,crazy,Weekly Rise In Google Trends Searches For Gas Price Protest Signals Bearish Xle,0.0,5.48,-5.48,100000.0,False,72
2026-04-30,99,99,weekly-surge-in-google-trends-for-hotel-room-shortage-signal,crazy,Weekly Surge In Google Trends For Hotel Room Shortage Signals Travel Sector Tightness,0.0,5.48,-5.48,100000.0,False,68
2026-04-30,100,100,weekly-surge-in-google-trends-searches-for-home-improvement-,crazy,Weekly Surge In Google Trends Searches For Home Improvement Loan Signals Consumer Stress Lifting Xly,0.0,5.48,-5.48,100000.0,False,72
2026-04-30,101,101,weekly-surge-in-openchargemap-ev-charger-installations-signa,crazy,Weekly Surge In Openchargemap Ev Charger Installations Signals Bullish Xlc,0.0,5.48,-5.48,100000.0,False,74
2026-04-30,102,102,work-from-home-frenzy,crazy,Work From Home Frenzy,0.0,5.48,-5.48,100000.0,False,84
2026-04-30,103,103,xlb-daily-volatility-contraction-breakout,crazy,Xlb Daily Volatility Contraction Breakout,0.0,5.48,-5.48,100000.0,False,82
2026-04-30,104,104,xlu-weekly-cold-snap-weather-correlation,crazy,Xlu Weekly Cold Snap Weather Correlation,0.0,5.48,-5.48,100000.0,False,82
2026-04-30,105,105,xlv-google-trends-flu-search-spike,crazy,Xlv Google Trends Flu Search Spike,0.0,5.48,-5.48,100000.0,False,82
2026-04-30,106,106,yelp-closure-velocity,crazy,Yelp Closure Velocity,0.0,5.48,-5.48,100000.0,False,77
2026-04-30,107,107,yield-curve-regime,crazy,Yield Curve Regime,0.0,5.48,-5.48,100000.0,False,86
2026-04-30,108,108,weekly-spike-in-google-trends-for-home-cooling-failure-signa,crazy,Weekly Spike In Google Trends For Home Cooling Failure Signals Bearish Xlu,-0.01,5.48,-5.49,99990.05,False,72
2026-04-30,109,109,simple_monthly,normal,Quantified Simple Monthly Rotation,-0.01,5.48,-5.49,99990.05,False,87
2026-04-30,110,110,weekly-google-trends-surge-in-home-appliance-repair-searches,crazy,Weekly Google Trends Surge In Home Appliance Repair Searches Signals Bullish Consumer Discretionary,-0.02,5.48,-5.5,99982.54,False,67
2026-04-30,111,111,weekly-surge-in-job-postings-for-warehouse-workers-signals-b,crazy,Weekly Surge In Job Postings For Warehouse Workers Signals Bullish Xli,-0.02,5.48,-5.5,99984.48,False,72
2026-04-30,112,112,consumer-discretionary-google-trends-surge-for-sale-keywords,crazy,Consumer Discretionary Google Trends Surge For Sale Keywords,-0.04,5.48,-5.52,99960.96,False,80
2026-04-30,113,113,attention-sentiment-spike-daily-surge-in-news-rss-counts-men,crazy,Attention Sentiment Spike Daily Surge In News Rss Counts Mentioning Cyberattack Triggers Bullish Xlc,-0.05,5.48,-5.53,99953.85,False,74
2026-04-30,114,114,real-estate-sector-weekly-google-trends-home-buying-surge,crazy,Real Estate Sector Weekly Google Trends Home Buying Surge,-0.05,5.48,-5.53,99954.77,False,84
2026-04-30,115,115,weekly-surge-in-google-trends-searches-for-commuting-strike-,crazy,Weekly Surge In Google Trends Searches For Commuting Strike Signals Bearish Xly,-0.06,5.48,-5.54,99944.62,False,72
2026-04-30,116,116,healthcare-sector-google-trends-spike-in-flu-symptoms,crazy,Healthcare Sector Google Trends Spike In Flu Symptoms,-0.08,5.48,-5.56,99917.38,False,80
2026-04-30,117,122,weekly-google-trends-surge-in-diy-electronics-repair-signals,crazy,Weekly Google Trends Surge In Diy Electronics Repair Signals Tech Consumer Stress Lift,-0.08,5.48,-5.57,99916.39,False,68
2026-04-30,118,117,bank-stress-index-volatility-fear-crush-reversal,crazy,Bank Stress Index Volatility Fear Crush Reversal,-0.09,5.48,-5.57,99910.26,False,72
2026-04-30,119,118,financial-sector-volatility-crush-trade,crazy,Financial Sector Volatility Crush Trade,-0.09,5.48,-5.57,99910.26,False,67
2026-04-30,120,119,industrial-sector-weekly-earthquake-activity-correlation-dip,crazy,Industrial Sector Weekly Earthquake Activity Correlation Dip,-0.09,5.48,-5.57,99910.59,False,80
2026-04-30,121,120,retail-roulette,crazy,Retail Roulette,-0.09,5.48,-5.57,99913.43,False,82
2026-04-30,122,121,utilities-sector-negative-price-gap-fill,crazy,Utilities Sector Negative Price Gap Fill,-0.09,5.48,-5.57,99911.58,False,80
2026-04-30,123,123,news-sentiment-rotation-fade-trade,crazy,News Sentiment Rotation Fade Trade,-0.1,5.48,-5.58,99898.73,False,75
2026-04-30,124,124,xlu-daily-electricity-demand-surge,crazy,Xlu Daily Electricity Demand Surge,-0.1,5.48,-5.58,99898.68,False,82
2026-04-30,125,126,daily-spike-in-rss-news-counts-mentioning-politician-insider,crazy,Daily Spike In Rss News Counts Mentioning Politician Insider Buying Tech Stock Signals Bullish Xlk,-0.11,5.48,-5.6,99886.48,False,72
2026-04-30,126,125,weekly-google-trends-spike-for-diy-car-repair-signals-bullis,crazy,Weekly Google Trends Spike For Diy Car Repair Signals Bullish Xly,-0.11,5.48,-5.59,99892.81,False,69
2026-04-30,127,127,xlb-weekly-rss-news-count-spike-on-commodity-shortage,crazy,Xlb Weekly Rss News Count Spike On Commodity Shortage,-0.11,5.48,-5.6,99885.52,False,82
2026-04-30,128,128,daily-spike-in-rss-counts-for-cybersecurity-breach-news-trig,crazy,Daily Spike In Rss Counts For Cybersecurity Breach News Triggers Bearish Xlk,-0.13,5.48,-5.62,99866.33,False,72
2026-04-30,129,129,electricity-enlightenment,crazy,Electricity Enlightenment,-0.14,5.48,-5.62,99857.33,False,82
2026-04-30,130,130,seismic-activity-construction-halt-signal,crazy,Seismic Activity Construction Halt Signal,-0.14,5.48,-5.62,99861.92,False,75
2026-04-30,131,131,tremor-tension,crazy,Tremor Tension,-0.14,5.48,-5.62,99864.21,False,82
2026-04-30,132,134,google-gusts,crazy,Google Gusts,-0.15,5.48,-5.64,99845.95,False,82
2026-04-30,133,132,oil-price-momentum-reversal-energy-sector-bounce,crazy,Oil Price Momentum Reversal Energy Sector Bounce,-0.15,5.48,-5.63,99849.11,False,69
2026-04-30,134,133,copper-momentum,crazy,Copper Momentum,-0.16,5.48,-5.64,99840.31,False,86
2026-04-30,135,135,weekly-google-trends-surge-in-fast-food-job-openings-signals,crazy,Weekly Google Trends Surge In Fast Food Job Openings Signals Bullish Consumer Discretionary,-0.17,5.48,-5.65,99831.91,False,67
2026-04-30,136,136,wage-growth-demand-surge-fast-food-google-trends,crazy,Wage Growth Demand Surge Fast Food Google Trends,-0.2,5.48,-5.68,99799.52,False,68
2026-04-30,137,138,daily-spike-in-daily-earthquake-activity-near-major-logistic,crazy,Daily Spike In Daily Earthquake Activity Near Major Logistics Hubs Signals Bearish Xli,-0.22,5.48,-5.71,99775.64,False,72
2026-04-30,138,137,weekly-surge-in-google-trends-searches-for-city-water-outage,crazy,Weekly Surge In Google Trends Searches For City Water Outage Signals Bearish Xlre,-0.22,5.48,-5.7,99773.32,False,72
2026-04-30,139,139,weekly-rise-in-google-trends-interest-for-food-delivery-dela,crazy,Weekly Rise In Google Trends Interest For Food Delivery Delay Signals Bearish Xlp,-0.23,5.48,-5.71,99768.27,False,72
2026-04-30,140,140,weekly-surge-in-google-trends-for-inflation-hedge-gold-signa,crazy,Weekly Surge In Google Trends For Inflation Hedge Gold Signals Bullish Xlb,-0.29,5.48,-5.78,99696.68,False,69
2026-04-30,141,141,grocery-store-foot-traffic-collapse-signal,crazy,Grocery Store Foot Traffic Collapse Signal,-0.33,5.48,-5.81,99672.91,False,75
2026-04-30,142,142,xle-weekly-drawdown-rebound-signal,crazy,Xle Weekly Drawdown Rebound Signal,-0.33,5.48,-5.81,99667.3,False,82
2026-04-30,143,143,healthcare-cost-shock-google-search-spike,crazy,Healthcare Cost Shock Google Search Spike,-0.37,5.48,-5.85,99617.84,False,75
2026-04-30,144,144,xlc-weekly-google-trends-surge-in-5g-rollout,crazy,Xlc Weekly Google Trends Surge In 5g Rollout,-0.41,5.48,-5.89,99592.39,False,82
2026-04-30,145,145,lumber-momentum,crazy,Lumber Momentum,-0.44,5.48,-5.92,99561.52,False,86
2026-04-30,146,146,weekly-surge-in-google-trends-searches-for-diy-home-repair-s,crazy,Weekly Surge In Google Trends Searches For Diy Home Repair Signals Consumer Stress Lifting Xly,-0.78,5.48,-6.26,99220.52,False,74
2026-04-30,147,147,biscotti,crazy,Algo Biscotti (Unconditional Loyalty),-2.27,5.48,-7.75,97729.84,False,86
2026-04-30,148,148,biscotti,normal,Algo Biscotti (Unconditional Loyalty),-2.57,5.48,-8.06,97425.83,False,87
2026-04-30,149,149,vix-term-structure,crazy,VIX Term Structure,-5.74,5.48,-11.22,94260.64,False,77
2026-04-30,150,150,baileymol,crazy,Chaos Rotation Lab,-6.33,5.48,-11.81,93672.46,False,86
2026-04-30,151,151,vix-fear-rotation,crazy,VIX Fear Rotation,-7.41,5.48,-12.9,92585.07,False,77
2026-05-01,1,1,baileymol,normal,Algo Baileymol (Chaos Monger),6.87,5.77,1.1,106870.38,True,88
2026-05-01,2,2,faber,normal,Faber Momentum Rotation,3.88,5.77,-1.9,103876.81,False,88
2026-05-01,3,3,dmsr,normal,Antonacci Dual Momentum Sector Rotation,3.77,5.77,-2.0,103769.45,False,88
2026-05-01,4,4,finra-dark-pool-signal,crazy,FINRA Dark Pool Signal,1.88,5.77,-3.9,101877.49,False,78
2026-05-01,5,5,simple_monthly,normal,Quantified Simple Monthly Rotation,1.48,5.77,-4.3,101475.79,False,88
2026-05-01,6,6,insider-trading-signals,crazy,Insider Trading Signals,1.28,5.77,-4.5,101277.77,False,87
2026-05-01,7,7,uber-mobility,crazy,Uber Mobility Index,0.86,5.77,-4.91,100859.72,False,87
2026-05-01,8,8,retail-sales-momentum,crazy,Retail Sales Momentum,0.85,5.77,-4.92,100849.83,False,87
2026-05-01,9,9,housing-permit-velocity,crazy,Housing Permit Velocity,0.69,5.77,-5.09,100685.05,False,87
2026-05-01,10,10,mortgage-rate-housing-proxy,crazy,Mortgage Rate Housing Proxy,0.63,5.77,-5.15,100627.47,False,87
2026-05-01,11,11,recession-whisper-google-trends-unemployment-search-surge,crazy,Recession Whisper Google Trends Unemployment Search Surge,0.07,5.77,-5.7,100072.76,False,69
2026-05-01,12,12,earthquake-aftershock-amplifier,crazy,Earthquake Aftershock Amplifier,0.05,5.77,-5.73,100047.52,False,81
2026-05-01,13,13,semiconductor-moonshot-warning,crazy,Semiconductor Moonshot Warning,0.05,5.77,-5.73,100045.62,False,81
2026-05-01,14,15,google-trends-surge-in-used-car-price-searches,crazy,Google Trends Surge In Used Car Price Searches,0.04,5.77,-5.74,100038.19,False,67
2026-05-01,15,14,weekly-spike-in-google-trends-searches-for-warehouse-automat,crazy,Weekly Spike In Google Trends Searches For Warehouse Automation Failure Signals Bearish Xli,0.04,5.77,-5.73,100039.42,False,73
2026-05-01,16,16,materials-sector-weekly-positive-correlation-breakdown-with-,crazy,Materials Sector Weekly Positive Correlation Breakdown With Xlb,0.03,5.77,-5.75,100025.87,False,81
2026-05-01,17,17,staples-sector-drawdown-rapid-recovery,crazy,Staples Sector Drawdown Rapid Recovery,0.02,5.77,-5.75,100024.7,False,81
2026-05-01,18,18,weekly-surge-in-google-trends-for-diy-plumbing-repair-signal,crazy,Weekly Surge In Google Trends For Diy Plumbing Repair Signals Consumer Stress Rebound,0.01,5.77,-5.76,100014.37,False,69
2026-05-01,19,100,weekly-surge-in-google-trends-searches-for-diy-electronics-r,crazy,Weekly Surge In Google Trends Searches For Diy Electronics Repair Signals Bullish Xlk,0.01,5.77,-5.77,100008.76,False,73
2026-05-01,20,19,airline-load-factor,crazy,Airline Load Factor Proxy,0.0,5.77,-5.77,100000.0,False,87
2026-05-01,21,20,airport-security-surge,crazy,Airport Security Surge,0.0,5.77,-5.77,100000.0,False,85
2026-05-01,22,21,airport-shopping-spree,crazy,Airport Shopping Spree,0.0,5.77,-5.77,100000.0,False,87
2026-05-01,23,22,bankruptcy-filing-rate,crazy,Bankruptcy Filing Rate,0.0,5.77,-5.77,100000.0,False,87
2026-05-01,24,23,calls311,crazy,311 Call Rotation,0.0,5.77,-5.77,100000.0,False,87
2026-05-01,25,24,cardboard,crazy,Cardboard Box Index,0.0,5.77,-5.77,100000.0,False,87
2026-05-01,26,25,cloud-storage-demand-surge,crazy,Cloud Storage Demand Surge,0.0,5.77,-5.77,100000.0,False,87
2026-05-01,27,26,congress,crazy,Congress Trading Fade,0.0,5.77,-5.77,100000.0,False,87
2026-05-01,28,27,consumer-sentiment,crazy,Consumer Sentiment,0.0,5.77,-5.77,100000.0,False,87
2026-05-01,29,28,craigslist,crazy,Craigslist Desperation Index,0.0,5.77,-5.77,100000.0,False,87
2026-05-01,30,29,credit-card-delinquency,crazy,Credit Card Delinquency,0.0,5.77,-5.77,100000.0,False,87
2026-05-01,31,30,crypto-capitulation-countdown,crazy,Crypto Capitulation Countdown,0.0,5.77,-5.77,100000.0,False,81
2026-05-01,32,31,crypto-derivative-arbitrage,crazy,Crypto Derivative Arbitrage,0.0,5.77,-5.77,100000.0,False,87
2026-05-01,33,32,daily-spike-in-ev-charger-installations-signals-bullish-xlc,crazy,Daily Spike In Ev Charger Installations Signals Bullish Xlc,0.0,5.77,-5.77,100000.0,False,70
2026-05-01,34,33,daily-spike-in-freight-logistics-rss-news-volume-mentioning-,crazy,Daily Spike In Freight Logistics Rss News Volume Mentioning Port Labor Strike Triggers Bearish Xli,0.0,5.77,-5.77,100000.0,False,73
2026-05-01,35,34,earthquake-energy-demand,crazy,Earthquake Energy Demand Indicator,0.0,5.77,-5.77,100000.0,False,87
2026-05-01,36,35,electric-vehicle-charge-station-density,crazy,Electric Vehicle Charge Station Density,0.0,5.77,-5.77,100000.0,False,87
2026-05-01,37,36,electricity-demand-spike-weather-anomaly,crazy,Electricity Demand Spike Weather Anomaly,0.0,5.77,-5.77,100000.0,False,67
2026-05-01,38,37,energy-sector-sudden-weekly-volatility-spike,crazy,Energy Sector Sudden Weekly Volatility Spike,0.0,5.77,-5.77,100000.0,False,78
2026-05-01,39,38,energy-sector-weekly-drawdown-exhaustion,crazy,Energy Sector Weekly Drawdown Exhaustion,0.0,5.77,-5.77,100000.0,False,81
2026-05-01,40,39,ev-charger-density-saturation-play,crazy,Ev Charger Density Saturation Play,0.0,5.77,-5.77,100000.0,False,76
2026-05-01,41,40,ev-charger-expansion-frenzy,crazy,Ev Charger Expansion Frenzy,0.0,5.77,-5.77,100000.0,False,67
2026-05-01,42,41,ev-charger-installation-acceleration-play,crazy,Ev Charger Installation Acceleration Play,0.0,5.77,-5.77,100000.0,False,68
2026-05-01,43,42,ev-charger-network-density-surge-bullish-signal,crazy,Ev Charger Network Density Surge Bullish Signal,0.0,5.77,-5.77,100000.0,False,70
2026-05-01,44,43,ev-charger-network-expansion-sprint-demand-surge,crazy,Ev Charger Network Expansion Sprint Demand Surge,0.0,5.77,-5.77,100000.0,False,73
2026-05-01,45,44,ev-charging-boom,crazy,Ev Charging Boom,0.0,5.77,-5.77,100000.0,False,85
2026-05-01,46,45,ev-charging-station-stampede,crazy,Ev Charging Station Stampede,0.0,5.77,-5.77,100000.0,False,81
2026-05-01,47,46,ev-euphoria,crazy,Ev Euphoria,0.0,5.77,-5.77,100000.0,False,83
2026-05-01,48,47,financial-sector-momentum-divergence-with-spy,crazy,Financial Sector Momentum Divergence With Spy,0.0,5.77,-5.77,100000.0,False,81
2026-05-01,49,48,fintech-disruption-wave,crazy,Fintech Disruption Wave,0.0,5.77,-5.77,100000.0,False,85
2026-05-01,50,49,glassdoor,crazy,Glassdoor Misery Gradient,0.0,5.77,-5.77,100000.0,False,87
2026-05-01,51,50,global-tech-earnings-momentum,crazy,Global Tech Earnings Momentum,0.0,5.77,-5.77,100000.0,False,85
2026-05-01,52,51,gold-volatility-vol-of-vol-spike,crazy,Gold Volatility Vol-of-vol Spike,0.0,5.77,-5.77,100000.0,False,68
2026-05-01,53,52,healthcare-cost-shock-google-trends-spike,crazy,Healthcare Cost Shock Google Trends Spike,0.0,5.77,-5.77,100000.0,False,67
2026-05-01,54,53,high-yield-spread-regime,crazy,High Yield Spread Regime,0.0,5.77,-5.77,100000.0,False,87
2026-05-01,55,54,job-posting-acceleration,crazy,Job Posting Acceleration,0.0,5.77,-5.77,100000.0,False,87
2026-05-01,56,55,linkedin,crazy,LinkedIn Layoff Propagation,0.0,5.77,-5.77,100000.0,False,87
2026-05-01,57,56,lumber-futures-rollercoaster,crazy,Lumber Futures Rollercoaster,0.0,5.77,-5.77,100000.0,False,81
2026-05-01,58,57,materials-sector-weekly-volatility-contraction-breakout,crazy,Materials Sector Weekly Volatility Contraction Breakout,0.0,5.77,-5.77,100000.0,False,78
2026-05-01,59,58,misery-rotation,crazy,Misery Rotation,0.0,5.77,-5.77,100000.0,False,87
2026-05-01,60,59,mortgage-refinance-wave-google-trends-surge,crazy,Mortgage Refinance Wave Google Trends Surge,0.0,5.77,-5.77,100000.0,False,68
2026-05-01,61,60,online-ad-impression-volatility,crazy,Online Ad Impression Volatility Trader,0.0,5.77,-5.77,100000.0,False,87
2026-05-01,62,61,patent-filing-velocity,crazy,Patent Filing Velocity,0.0,5.77,-5.77,100000.0,False,78
2026-05-01,63,62,pet-food-supply-chain,crazy,Pet Food Supply Chain Disruption,0.0,5.77,-5.77,100000.0,False,87
2026-05-01,64,63,port-congestion-squeeze,crazy,Port Congestion Squeeze,0.0,5.77,-5.77,100000.0,False,85
2026-05-01,65,64,port-container-volume,crazy,Port Container Volume,0.0,5.77,-5.77,100000.0,False,87
2026-05-01,66,65,reddit-emoji-sentiment-spike,crazy,Reddit Emoji Sentiment Spike,0.0,5.77,-5.77,100000.0,False,87
2026-05-01,67,66,reddit-gaming-thread-spike,crazy,Reddit Gaming Thread Spike,0.0,5.77,-5.77,100000.0,False,87
2026-05-01,68,67,reddit-mentions-volatility-spike,crazy,Reddit Mentions Volatility Spike,0.0,5.77,-5.77,100000.0,False,87
2026-05-01,69,68,reddit-sentiment-spike-trend,crazy,Reddit Sentiment Spike Trend,0.0,5.77,-5.77,100000.0,False,87
2026-05-01,70,69,reddit-sentiment-spike,crazy,Reddit Sentiment Spike,0.0,5.77,-5.77,100000.0,False,87
2026-05-01,71,70,reddit-sentiment-volatility-spike,crazy,Reddit Sentiment Volatility Spike,0.0,5.77,-5.77,100000.0,False,87
2026-05-01,72,71,reddit-subreddit-mention-spike,crazy,Reddit Subreddit Mention Spike,0.0,5.77,-5.77,100000.0,False,87
2026-05-01,73,72,reddit-subreddit-sentiment-spike,crazy,Reddit Subreddit Sentiment Spike,0.0,5.77,-5.77,100000.0,False,87
2026-05-01,74,73,reddit-subreddit-surge-momentum,crazy,Reddit Subreddit Surge Momentum,0.0,5.77,-5.77,100000.0,False,87
2026-05-01,75,74,reddit-volatility-spike,crazy,Reddit Volatility Spike,0.0,5.77,-5.77,100000.0,False,87
2026-05-01,76,75,rental-car-shortage-volatility-spike,crazy,Rental Car Shortage Volatility Spike,0.0,5.77,-5.77,100000.0,False,76
2026-05-01,77,76,retail-rush-ahead-of-holidays,crazy,Retail Rush Ahead Of Holidays,0.0,5.77,-5.77,100000.0,False,85
2026-05-01,78,77,rss-roar,crazy,Rss Roar,0.0,5.77,-5.77,100000.0,False,83
2026-05-01,79,78,shipping-container-squeeze-play,crazy,Shipping Container Squeeze Play,0.0,5.77,-5.77,100000.0,False,76
2026-05-01,80,79,small-business-formation,crazy,Small Business Formation,0.0,5.77,-5.77,100000.0,False,87
2026-05-01,81,80,social-media-sentiment-spike,crazy,Social Media Sentiment Spike,0.0,5.77,-5.77,100000.0,False,87
2026-05-01,82,81,solar-storm-scorcher,crazy,Solar Storm Scorcher,0.0,5.77,-5.77,100000.0,False,81
2026-05-01,83,82,superbowl-futures-trade,crazy,Superbowl Futures Trade,0.0,5.77,-5.77,100000.0,False,87
2026-05-01,84,83,technology-sector-daily-ev-charger-count-surge,crazy,Technology Sector Daily Ev Charger Count Surge,0.0,5.77,-5.77,100000.0,False,81
2026-05-01,85,84,temperature-extremes-power-demand-spike-utility-boost,crazy,Temperature Extremes Power Demand Spike Utility Boost,0.0,5.77,-5.77,100000.0,False,73
2026-05-01,86,85,temperature-shock-energy-demand-flip,crazy,Temperature Shock Energy Demand Flip,0.0,5.77,-5.77,100000.0,False,76
2026-05-01,87,86,tsa,crazy,TSA Body Count,0.0,5.77,-5.77,100000.0,False,87
2026-05-01,88,87,twitter-sentiment-spike,crazy,Twitter Sentiment Spike,0.0,5.77,-5.77,100000.0,False,87
2026-05-01,89,88,utilities-sector-weekly-temperature-drop-signal,crazy,Utilities Sector Weekly Temperature Drop Signal,0.0,5.77,-5.77,100000.0,False,85
2026-05-01,90,89,utility-power-grid-stress,crazy,Utility Power Grid Stress,0.0,5.77,-5.77,100000.0,False,85
2026-05-01,91,90,volatility-spike-follow-through,crazy,Volatility Spike Follow-Through,0.0,5.77,-5.77,100000.0,False,87
2026-05-01,92,91,weather-disruption-ripple-effects,crazy,Weather Disruption Ripple Effects,0.0,5.77,-5.77,100000.0,False,85
2026-05-01,93,92,weather-volatility-spike,crazy,Weather Volatility Spike,0.0,5.77,-5.77,100000.0,False,87
2026-05-01,94,93,weather-windfall,crazy,Weather Windfall,0.0,5.77,-5.77,100000.0,False,83
2026-05-01,95,94,weekly-google-trends-surge-in-energy-bill-shock-signals-cons,crazy,Weekly Google Trends Surge In Energy Bill Shock Signals Consumer Stress Impacting Utilities,0.0,5.77,-5.77,100000.0,False,69
2026-05-01,96,95,weekly-google-trends-surge-in-home-energy-bill-shock-signals,crazy,Weekly Google Trends Surge In Home Energy Bill Shock Signals Bullish Utilities,0.0,5.77,-5.77,100000.0,False,68
2026-05-01,97,96,weekly-increase-in-google-trends-searches-for-bulk-shipping-,crazy,Weekly Increase In Google Trends Searches For Bulk Shipping Delay Signals Bearish Xlb,0.0,5.77,-5.77,100000.0,False,73
2026-05-01,98,97,weekly-rise-in-google-trends-searches-for-gas-price-protest-,crazy,Weekly Rise In Google Trends Searches For Gas Price Protest Signals Bearish Xle,0.0,5.77,-5.77,100000.0,False,73
2026-05-01,99,98,weekly-surge-in-google-trends-for-home-heating-oil-shortage-,crazy,Weekly Surge In Google Trends For Home Heating Oil Shortage Signals Bullish Xle,0.0,5.77,-5.77,100000.0,False,67
2026-05-01,100,99,weekly-surge-in-google-trends-for-hotel-room-shortage-signal,crazy,Weekly Surge In Google Trends For Hotel Room Shortage Signals Travel Sector Tightness,0.0,5.77,-5.77,100000.0,False,69
2026-05-01,101,101,weekly-surge-in-google-trends-searches-for-home-improvement-,crazy,Weekly Surge In Google Trends Searches For Home Improvement Loan Signals Consumer Stress Lifting Xly,0.0,5.77,-5.77,100000.0,False,73
2026-05-01,102,102,weekly-surge-in-openchargemap-ev-charger-installations-signa,crazy,Weekly Surge In Openchargemap Ev Charger Installations Signals Bullish Xlc,0.0,5.77,-5.77,100000.0,False,75
2026-05-01,103,103,work-from-home-frenzy,crazy,Work From Home Frenzy,0.0,5.77,-5.77,100000.0,False,85
2026-05-01,104,104,xlb-daily-volatility-contraction-breakout,crazy,Xlb Daily Volatility Contraction Breakout,0.0,5.77,-5.77,100000.0,False,83
2026-05-01,105,105,xlu-weekly-cold-snap-weather-correlation,crazy,Xlu Weekly Cold Snap Weather Correlation,0.0,5.77,-5.77,100000.0,False,83
2026-05-01,106,106,xlv-google-trends-flu-search-spike,crazy,Xlv Google Trends Flu Search Spike,0.0,5.77,-5.77,100000.0,False,83
2026-05-01,107,107,yelp-closure-velocity,crazy,Yelp Closure Velocity,0.0,5.77,-5.77,100000.0,False,78
2026-05-01,108,108,yield-curve-regime,crazy,Yield Curve Regime,0.0,5.77,-5.77,100000.0,False,87
2026-05-01,109,109,daily-spike-in-rss-news-counts-around-labor-union-contract-n,crazy,Daily Spike In Rss News Counts Around Labor Union Contract Negotiation Signals Bearish Xlf,-0.01,5.77,-5.78,99993.89,False,73
2026-05-01,110,110,freight-rail-carloads,crazy,Freight Rail Carloads,-0.02,5.77,-5.79,99980.1,False,87
2026-05-01,111,111,liquor,crazy,Liquor Store Leading Indicator,-0.02,5.77,-5.79,99980.1,False,87
2026-05-01,112,112,truck-tonnage,crazy,Truck Tonnage Index,-0.02,5.77,-5.79,99980.1,False,87
2026-05-01,113,113,weekly-google-trends-surge-in-home-appliance-repair-searches,crazy,Weekly Google Trends Surge In Home Appliance Repair Searches Signals Bullish Consumer Discretionary,-0.02,5.77,-5.79,99982.54,False,68
2026-05-01,114,114,weekly-surge-in-job-postings-for-warehouse-workers-signals-b,crazy,Weekly Surge In Job Postings For Warehouse Workers Signals Bullish Xli,-0.02,5.77,-5.79,99984.48,False,73
2026-05-01,115,115,consumer-discretionary-google-trends-surge-for-sale-keywords,crazy,Consumer Discretionary Google Trends Surge For Sale Keywords,-0.04,5.77,-5.81,99960.96,False,81
2026-05-01,116,117,weekly-google-trends-surge-in-diy-electronics-repair-signals,crazy,Weekly Google Trends Surge In Diy Electronics Repair Signals Tech Consumer Stress Lift,-0.04,5.77,-5.82,99956.73,False,69
2026-05-01,117,116,real-estate-sector-weekly-google-trends-home-buying-surge,crazy,Real Estate Sector Weekly Google Trends Home Buying Surge,-0.05,5.77,-5.82,99954.77,False,85
2026-05-01,118,119,weekly-spike-in-google-trends-for-home-cooling-failure-signa,crazy,Weekly Spike In Google Trends For Home Cooling Failure Signals Bearish Xlu,-0.05,5.77,-5.83,99947.8,False,73
2026-05-01,119,118,attention-sentiment-spike-daily-surge-in-news-rss-counts-men,crazy,Attention Sentiment Spike Daily Surge In News Rss Counts Mentioning Cyberattack Triggers Bullish Xlc,-0.06,5.77,-5.83,99943.9,False,75
2026-05-01,120,120,weekly-surge-in-google-trends-searches-for-commuting-strike-,crazy,Weekly Surge In Google Trends Searches For Commuting Strike Signals Bearish Xly,-0.06,5.77,-5.83,99944.62,False,73
2026-05-01,121,123,healthcare-sector-google-trends-spike-in-flu-symptoms,crazy,Healthcare Sector Google Trends Spike In Flu Symptoms,-0.08,5.77,-5.86,99917.38,False,81
2026-05-01,122,121,bank-stress-index-volatility-fear-crush-reversal,crazy,Bank Stress Index Volatility Fear Crush Reversal,-0.09,5.77,-5.86,99910.26,False,73
2026-05-01,123,122,financial-sector-volatility-crush-trade,crazy,Financial Sector Volatility Crush Trade,-0.09,5.77,-5.86,99910.26,False,68
2026-05-01,124,124,industrial-sector-weekly-earthquake-activity-correlation-dip,crazy,Industrial Sector Weekly Earthquake Activity Correlation Dip,-0.09,5.77,-5.86,99910.59,False,81
2026-05-01,125,125,retail-roulette,crazy,Retail Roulette,-0.09,5.77,-5.86,99913.43,False,83
2026-05-01,126,126,weekly-surge-in-google-trends-for-diy-electronics-repair-sig,crazy,Weekly Surge In Google Trends For Diy Electronics Repair Signals Bullish Xlk,-0.1,5.77,-5.87,99902.82,False,67
2026-05-01,127,128,xlu-daily-electricity-demand-surge,crazy,Xlu Daily Electricity Demand Surge,-0.1,5.77,-5.88,99898.68,False,83
2026-05-01,128,129,daily-spike-in-rss-news-counts-mentioning-politician-insider,crazy,Daily Spike In Rss News Counts Mentioning Politician Insider Buying Tech Stock Signals Bullish Xlk,-0.11,5.77,-5.89,99886.48,False,73
2026-05-01,129,130,news-sentiment-rotation-fade-trade,crazy,News Sentiment Rotation Fade Trade,-0.11,5.77,-5.89,99888.78,False,76
2026-05-01,130,127,weekly-google-trends-spike-for-diy-car-repair-signals-bullis,crazy,Weekly Google Trends Spike For Diy Car Repair Signals Bullish Xly,-0.11,5.77,-5.88,99892.81,False,70
2026-05-01,131,132,xlb-weekly-rss-news-count-spike-on-commodity-shortage,crazy,Xlb Weekly Rss News Count Spike On Commodity Shortage,-0.12,5.77,-5.9,99875.57,False,83
2026-05-01,132,131,utilities-sector-negative-price-gap-fill,crazy,Utilities Sector Negative Price Gap Fill,-0.13,5.77,-5.9,99869.36,False,81
2026-05-01,133,135,daily-spike-in-rss-counts-for-cybersecurity-breach-news-trig,crazy,Daily Spike In Rss Counts For Cybersecurity Breach News Triggers Bearish Xlk,-0.14,5.77,-5.92,99856.38,False,73
2026-05-01,134,136,electricity-enlightenment,crazy,Electricity Enlightenment,-0.14,5.77,-5.92,99857.33,False,83
2026-05-01,135,133,seismic-activity-construction-halt-signal,crazy,Seismic Activity Construction Halt Signal,-0.14,5.77,-5.91,99861.92,False,76
2026-05-01,136,134,tremor-tension,crazy,Tremor Tension,-0.14,5.77,-5.91,99864.21,False,83
2026-05-01,137,137,google-gusts,crazy,Google Gusts,-0.15,5.77,-5.93,99845.95,False,83
2026-05-01,138,138,oil-price-momentum-reversal-energy-sector-bounce,crazy,Oil Price Momentum Reversal Energy Sector Bounce,-0.15,5.77,-5.93,99849.11,False,70
2026-05-01,139,139,weekly-google-trends-surge-in-fast-food-job-openings-signals,crazy,Weekly Google Trends Surge In Fast Food Job Openings Signals Bullish Consumer Discretionary,-0.18,5.77,-5.95,99821.96,False,68
2026-05-01,140,140,wage-growth-demand-surge-fast-food-google-trends,crazy,Wage Growth Demand Surge Fast Food Google Trends,-0.2,5.77,-5.97,99799.52,False,69
2026-05-01,141,142,daily-spike-in-daily-earthquake-activity-near-major-logistic,crazy,Daily Spike In Daily Earthquake Activity Near Major Logistics Hubs Signals Bearish Xli,-0.22,5.77,-6.0,99775.64,False,73
2026-05-01,142,141,weekly-surge-in-google-trends-searches-for-city-water-outage,crazy,Weekly Surge In Google Trends Searches For City Water Outage Signals Bearish Xlre,-0.22,5.77,-5.99,99773.32,False,73
2026-05-01,143,143,weekly-rise-in-google-trends-interest-for-food-delivery-dela,crazy,Weekly Rise In Google Trends Interest For Food Delivery Delay Signals Bearish Xlp,-0.23,5.77,-6.01,99768.27,False,73
2026-05-01,144,144,weekly-surge-in-google-trends-for-inflation-hedge-gold-signa,crazy,Weekly Surge In Google Trends For Inflation Hedge Gold Signals Bullish Xlb,-0.29,5.77,-6.07,99696.68,False,70
2026-05-01,145,145,grocery-store-foot-traffic-collapse-signal,crazy,Grocery Store Foot Traffic Collapse Signal,-0.33,5.77,-6.1,99673.9,False,76
2026-05-01,146,146,xle-weekly-drawdown-rebound-signal,crazy,Xle Weekly Drawdown Rebound Signal,-0.33,5.77,-6.11,99667.3,False,83
2026-05-01,147,147,healthcare-cost-shock-google-search-spike,crazy,Healthcare Cost Shock Google Search Spike,-0.37,5.77,-6.15,99617.84,False,76
2026-05-01,148,148,xlc-weekly-google-trends-surge-in-5g-rollout,crazy,Xlc Weekly Google Trends Surge In 5g Rollout,-0.41,5.77,-6.18,99592.39,False,83
2026-05-01,149,149,electricity-consumption,crazy,Electricity Consumption,-0.49,5.77,-6.26,99513.19,False,87
2026-05-01,150,150,daily-jump-in-google-trends-searches-for-home-water-heater-r,crazy,Daily Jump In Google Trends Searches For Home Water Heater Repair Signals Consumer Stress Lifting Xly,-0.6,5.77,-6.38,99395.24,False,67
2026-05-01,151,151,copper-momentum,crazy,Copper Momentum,-0.63,5.77,-6.41,99365.35,False,87
2026-05-01,152,152,lumber-momentum,crazy,Lumber Momentum,-0.65,5.77,-6.42,99350.22,False,87
2026-05-01,153,153,weekly-surge-in-google-trends-searches-for-diy-home-repair-s,crazy,Weekly Surge In Google Trends Searches For Diy Home Repair Signals Consumer Stress Lifting Xly,-0.78,5.77,-6.55,99220.52,False,75
2026-05-01,154,154,biscotti,crazy,Algo Biscotti (Unconditional Loyalty),-2.83,5.77,-8.6,97174.21,False,87
2026-05-01,155,155,biscotti,normal,Algo Biscotti (Unconditional Loyalty),-3.13,5.77,-8.9,96871.93,False,88
2026-05-01,156,156,vix-term-structure,crazy,VIX Term Structure,-5.1,5.77,-10.88,94896.4,False,78
2026-05-01,157,157,baileymol,crazy,Chaos Rotation Lab,-5.98,5.77,-11.75,94022.29,False,87
2026-05-01,158,158,vix-fear-rotation,crazy,VIX Fear Rotation,-6.79,5.77,-12.56,93211.05,False,78
2026-05-03,1,1,baileymol,normal,Algo Baileymol (Chaos Monger),6.87,5.77,1.1,106870.38,True,89
2026-05-03,2,2,faber,normal,Faber Momentum Rotation,3.88,5.77,-1.9,103876.81,False,89
2026-05-03,3,3,dmsr,normal,Antonacci Dual Momentum Sector Rotation,3.77,5.77,-2.0,103769.45,False,89
2026-05-03,4,4,finra-dark-pool-signal,crazy,FINRA Dark Pool Signal,1.88,5.77,-3.9,101877.49,False,79
2026-05-03,5,5,simple_monthly,normal,Quantified Simple Monthly Rotation,1.48,5.77,-4.3,101475.79,False,89
2026-05-03,6,6,insider-trading-signals,crazy,Insider Trading Signals,1.28,5.77,-4.5,101277.77,False,88
2026-05-03,7,7,uber-mobility,crazy,Uber Mobility Index,0.86,5.77,-4.91,100859.72,False,88
2026-05-03,8,8,retail-sales-momentum,crazy,Retail Sales Momentum,0.85,5.77,-4.92,100849.83,False,88
2026-05-03,9,9,housing-permit-velocity,crazy,Housing Permit Velocity,0.69,5.77,-5.09,100685.05,False,88
2026-05-03,10,10,mortgage-rate-housing-proxy,crazy,Mortgage Rate Housing Proxy,0.63,5.77,-5.15,100627.47,False,88
2026-05-03,11,12,price-momentum-reversion-in-defensive-sectors-after-tech-cra,crazy,Price Momentum Reversion In Defensive Sectors After Tech Crash,0.07,5.77,-5.71,100065.78,False,67
2026-05-03,12,11,recession-whisper-google-trends-unemployment-search-surge,crazy,Recession Whisper Google Trends Unemployment Search Surge,0.07,5.77,-5.7,100072.76,False,70
2026-05-03,13,13,earthquake-aftershock-amplifier,crazy,Earthquake Aftershock Amplifier,0.05,5.77,-5.73,100047.52,False,82
2026-05-03,14,14,semiconductor-moonshot-warning,crazy,Semiconductor Moonshot Warning,0.05,5.77,-5.73,100045.62,False,82
2026-05-03,15,16,google-trends-surge-in-used-car-price-searches,crazy,Google Trends Surge In Used Car Price Searches,0.04,5.77,-5.74,100038.19,False,68
2026-05-03,16,15,weekly-spike-in-google-trends-searches-for-warehouse-automat,crazy,Weekly Spike In Google Trends Searches For Warehouse Automation Failure Signals Bearish Xli,0.04,5.77,-5.73,100039.42,False,74
2026-05-03,17,17,materials-sector-weekly-positive-correlation-breakdown-with-,crazy,Materials Sector Weekly Positive Correlation Breakdown With Xlb,0.03,5.77,-5.75,100025.87,False,82
2026-05-03,18,18,staples-sector-drawdown-rapid-recovery,crazy,Staples Sector Drawdown Rapid Recovery,0.02,5.77,-5.75,100024.7,False,82
2026-05-03,19,19,airline-load-factor,crazy,Airline Load Factor Proxy,0.0,5.77,-5.77,100000.0,False,88
2026-05-03,20,20,airport-security-surge,crazy,Airport Security Surge,0.0,5.77,-5.77,100000.0,False,86
2026-05-03,21,21,airport-shopping-spree,crazy,Airport Shopping Spree,0.0,5.77,-5.77,100000.0,False,88
2026-05-03,22,22,bankruptcy-filing-rate,crazy,Bankruptcy Filing Rate,0.0,5.77,-5.77,100000.0,False,88
2026-05-03,23,23,calls311,crazy,311 Call Rotation,0.0,5.77,-5.77,100000.0,False,88
2026-05-03,24,24,cardboard,crazy,Cardboard Box Index,0.0,5.77,-5.77,100000.0,False,88
2026-05-03,25,25,cloud-storage-demand-surge,crazy,Cloud Storage Demand Surge,0.0,5.77,-5.77,100000.0,False,88
2026-05-03,26,26,congress,crazy,Congress Trading Fade,0.0,5.77,-5.77,100000.0,False,88
2026-05-03,27,27,consumer-sentiment,crazy,Consumer Sentiment,0.0,5.77,-5.77,100000.0,False,88
2026-05-03,28,28,craigslist,crazy,Craigslist Desperation Index,0.0,5.77,-5.77,100000.0,False,88
2026-05-03,29,29,credit-card-delinquency,crazy,Credit Card Delinquency,0.0,5.77,-5.77,100000.0,False,88
2026-05-03,30,30,crypto-capitulation-countdown,crazy,Crypto Capitulation Countdown,0.0,5.77,-5.77,100000.0,False,82
2026-05-03,31,31,crypto-derivative-arbitrage,crazy,Crypto Derivative Arbitrage,0.0,5.77,-5.77,100000.0,False,88
2026-05-03,32,32,daily-spike-in-ev-charger-installations-signals-bullish-xlc,crazy,Daily Spike In Ev Charger Installations Signals Bullish Xlc,0.0,5.77,-5.77,100000.0,False,71
2026-05-03,33,33,daily-spike-in-freight-logistics-rss-news-volume-mentioning-,crazy,Daily Spike In Freight Logistics Rss News Volume Mentioning Port Labor Strike Triggers Bearish Xli,0.0,5.77,-5.77,100000.0,False,74
2026-05-03,34,34,daily-spike-in-google-trends-for-emergency-vehicle-repair-si,crazy,Daily Spike In Google Trends For Emergency Vehicle Repair Signals Consumer Stress Lifting Industrial Sector,0.0,5.77,-5.77,100000.0,False,67
2026-05-03,35,35,daily-surge-in-google-trends-searches-for-home-heating-syste,crazy,Daily Surge In Google Trends Searches For Home Heating System Failure Signals Consumer Stress Impacting Utilities,0.0,5.77,-5.77,100000.0,False,67
2026-05-03,36,36,earthquake-energy-demand,crazy,Earthquake Energy Demand Indicator,0.0,5.77,-5.77,100000.0,False,88
2026-05-03,37,37,electric-vehicle-charge-station-density,crazy,Electric Vehicle Charge Station Density,0.0,5.77,-5.77,100000.0,False,88
2026-05-03,38,38,electricity-demand-spike-weather-anomaly,crazy,Electricity Demand Spike Weather Anomaly,0.0,5.77,-5.77,100000.0,False,68
2026-05-03,39,39,energy-sector-sudden-weekly-volatility-spike,crazy,Energy Sector Sudden Weekly Volatility Spike,0.0,5.77,-5.77,100000.0,False,79
2026-05-03,40,40,energy-sector-weekly-drawdown-exhaustion,crazy,Energy Sector Weekly Drawdown Exhaustion,0.0,5.77,-5.77,100000.0,False,82
2026-05-03,41,41,ev-charger-density-saturation-play,crazy,Ev Charger Density Saturation Play,0.0,5.77,-5.77,100000.0,False,77
2026-05-03,42,42,ev-charger-expansion-frenzy,crazy,Ev Charger Expansion Frenzy,0.0,5.77,-5.77,100000.0,False,68
2026-05-03,43,43,ev-charger-installation-acceleration-play,crazy,Ev Charger Installation Acceleration Play,0.0,5.77,-5.77,100000.0,False,69
2026-05-03,44,44,ev-charger-network-density-surge-bullish-signal,crazy,Ev Charger Network Density Surge Bullish Signal,0.0,5.77,-5.77,100000.0,False,71
2026-05-03,45,45,ev-charger-network-expansion-sprint-demand-surge,crazy,Ev Charger Network Expansion Sprint Demand Surge,0.0,5.77,-5.77,100000.0,False,74
2026-05-03,46,46,ev-charger-network-expansion-velocity-surge,crazy,Ev Charger Network Expansion Velocity Surge,0.0,5.77,-5.77,100000.0,False,67
2026-05-03,47,47,ev-charging-boom,crazy,Ev Charging Boom,0.0,5.77,-5.77,100000.0,False,86
2026-05-03,48,48,ev-charging-station-stampede,crazy,Ev Charging Station Stampede,0.0,5.77,-5.77,100000.0,False,82
2026-05-03,49,49,ev-euphoria,crazy,Ev Euphoria,0.0,5.77,-5.77,100000.0,False,84
2026-05-03,50,50,financial-sector-momentum-divergence-with-spy,crazy,Financial Sector Momentum Divergence With Spy,0.0,5.77,-5.77,100000.0,False,82
2026-05-03,51,51,fintech-disruption-wave,crazy,Fintech Disruption Wave,0.0,5.77,-5.77,100000.0,False,86
2026-05-03,52,52,glassdoor,crazy,Glassdoor Misery Gradient,0.0,5.77,-5.77,100000.0,False,88
2026-05-03,53,53,global-tech-earnings-momentum,crazy,Global Tech Earnings Momentum,0.0,5.77,-5.77,100000.0,False,86
2026-05-03,54,54,gold-volatility-vol-of-vol-spike,crazy,Gold Volatility Vol-of-vol Spike,0.0,5.77,-5.77,100000.0,False,69
2026-05-03,55,55,google-trends-surge-in-flight-delay-complaints,crazy,Google Trends Surge In Flight Delay Complaints,0.0,5.77,-5.77,100000.0,False,67
2026-05-03,56,56,healthcare-cost-shock-google-trends-spike,crazy,Healthcare Cost Shock Google Trends Spike,0.0,5.77,-5.77,100000.0,False,68
2026-05-03,57,57,high-yield-spread-regime,crazy,High Yield Spread Regime,0.0,5.77,-5.77,100000.0,False,88
2026-05-03,58,58,job-posting-acceleration,crazy,Job Posting Acceleration,0.0,5.77,-5.77,100000.0,False,88
2026-05-03,59,59,linkedin,crazy,LinkedIn Layoff Propagation,0.0,5.77,-5.77,100000.0,False,88
2026-05-03,60,60,lumber-futures-rollercoaster,crazy,Lumber Futures Rollercoaster,0.0,5.77,-5.77,100000.0,False,82
2026-05-03,61,61,materials-sector-weekly-volatility-contraction-breakout,crazy,Materials Sector Weekly Volatility Contraction Breakout,0.0,5.77,-5.77,100000.0,False,79
2026-05-03,62,62,misery-rotation,crazy,Misery Rotation,0.0,5.77,-5.77,100000.0,False,88
2026-05-03,63,63,mortgage-refinance-wave-google-trends-surge,crazy,Mortgage Refinance Wave Google Trends Surge,0.0,5.77,-5.77,100000.0,False,69
2026-05-03,64,64,online-ad-impression-volatility,crazy,Online Ad Impression Volatility Trader,0.0,5.77,-5.77,100000.0,False,88
2026-05-03,65,65,patent-filing-velocity,crazy,Patent Filing Velocity,0.0,5.77,-5.77,100000.0,False,79
2026-05-03,66,66,pet-food-supply-chain,crazy,Pet Food Supply Chain Disruption,0.0,5.77,-5.77,100000.0,False,88
2026-05-03,67,67,port-congestion-squeeze,crazy,Port Congestion Squeeze,0.0,5.77,-5.77,100000.0,False,86
2026-05-03,68,68,port-container-volume,crazy,Port Container Volume,0.0,5.77,-5.77,100000.0,False,88
2026-05-03,69,69,reddit-emoji-sentiment-spike,crazy,Reddit Emoji Sentiment Spike,0.0,5.77,-5.77,100000.0,False,88
2026-05-03,70,70,reddit-gaming-thread-spike,crazy,Reddit Gaming Thread Spike,0.0,5.77,-5.77,100000.0,False,88
2026-05-03,71,71,reddit-mentions-volatility-spike,crazy,Reddit Mentions Volatility Spike,0.0,5.77,-5.77,100000.0,False,88
2026-05-03,72,72,reddit-sentiment-spike-trend,crazy,Reddit Sentiment Spike Trend,0.0,5.77,-5.77,100000.0,False,88
2026-05-03,73,73,reddit-sentiment-spike,crazy,Reddit Sentiment Spike,0.0,5.77,-5.77,100000.0,False,88
2026-05-03,74,74,reddit-sentiment-volatility-spike,crazy,Reddit Sentiment Volatility Spike,0.0,5.77,-5.77,100000.0,False,88
2026-05-03,75,75,reddit-subreddit-mention-spike,crazy,Reddit Subreddit Mention Spike,0.0,5.77,-5.77,100000.0,False,88
2026-05-03,76,76,reddit-subreddit-sentiment-spike,crazy,Reddit Subreddit Sentiment Spike,0.0,5.77,-5.77,100000.0,False,88
2026-05-03,77,77,reddit-subreddit-surge-momentum,crazy,Reddit Subreddit Surge Momentum,0.0,5.77,-5.77,100000.0,False,88
2026-05-03,78,78,reddit-volatility-spike,crazy,Reddit Volatility Spike,0.0,5.77,-5.77,100000.0,False,88
2026-05-03,79,79,rental-car-shortage-volatility-spike,crazy,Rental Car Shortage Volatility Spike,0.0,5.77,-5.77,100000.0,False,77
2026-05-03,80,80,retail-rush-ahead-of-holidays,crazy,Retail Rush Ahead Of Holidays,0.0,5.77,-5.77,100000.0,False,86
2026-05-03,81,81,rss-roar,crazy,Rss Roar,0.0,5.77,-5.77,100000.0,False,84
2026-05-03,82,82,shipping-container-squeeze-play,crazy,Shipping Container Squeeze Play,0.0,5.77,-5.77,100000.0,False,77
2026-05-03,83,83,small-business-formation,crazy,Small Business Formation,0.0,5.77,-5.77,100000.0,False,88
2026-05-03,84,84,social-media-sentiment-spike,crazy,Social Media Sentiment Spike,0.0,5.77,-5.77,100000.0,False,88
2026-05-03,85,85,solar-storm-scorcher,crazy,Solar Storm Scorcher,0.0,5.77,-5.77,100000.0,False,82
2026-05-03,86,86,superbowl-futures-trade,crazy,Superbowl Futures Trade,0.0,5.77,-5.77,100000.0,False,88
2026-05-03,87,87,technology-sector-daily-ev-charger-count-surge,crazy,Technology Sector Daily Ev Charger Count Surge,0.0,5.77,-5.77,100000.0,False,82
2026-05-03,88,88,temperature-extremes-power-demand-spike-utility-boost,crazy,Temperature Extremes Power Demand Spike Utility Boost,0.0,5.77,-5.77,100000.0,False,74
2026-05-03,89,89,temperature-shock-energy-demand-flip,crazy,Temperature Shock Energy Demand Flip,0.0,5.77,-5.77,100000.0,False,77
2026-05-03,90,90,tsa,crazy,TSA Body Count,0.0,5.77,-5.77,100000.0,False,88
2026-05-03,91,91,twitter-sentiment-spike,crazy,Twitter Sentiment Spike,0.0,5.77,-5.77,100000.0,False,88
2026-05-03,92,92,utilities-sector-weekly-temperature-drop-signal,crazy,Utilities Sector Weekly Temperature Drop Signal,0.0,5.77,-5.77,100000.0,False,86
2026-05-03,93,93,utility-power-grid-stress,crazy,Utility Power Grid Stress,0.0,5.77,-5.77,100000.0,False,86
2026-05-03,94,94,volatility-spike-follow-through,crazy,Volatility Spike Follow-Through,0.0,5.77,-5.77,100000.0,False,88
2026-05-03,95,95,weather-disruption-ripple-effects,crazy,Weather Disruption Ripple Effects,0.0,5.77,-5.77,100000.0,False,86
2026-05-03,96,96,weather-volatility-spike,crazy,Weather Volatility Spike,0.0,5.77,-5.77,100000.0,False,88
2026-05-03,97,97,weather-windfall,crazy,Weather Windfall,0.0,5.77,-5.77,100000.0,False,84
2026-05-03,98,98,weekly-google-trends-surge-in-energy-bill-shock-signals-cons,crazy,Weekly Google Trends Surge In Energy Bill Shock Signals Consumer Stress Impacting Utilities,0.0,5.77,-5.77,100000.0,False,70
2026-05-03,99,99,weekly-google-trends-surge-in-home-energy-bill-shock-signals,crazy,Weekly Google Trends Surge In Home Energy Bill Shock Signals Bullish Utilities,0.0,5.77,-5.77,100000.0,False,69
2026-05-03,100,100,weekly-increase-in-google-trends-searches-for-bulk-shipping-,crazy,Weekly Increase In Google Trends Searches For Bulk Shipping Delay Signals Bearish Xlb,0.0,5.77,-5.77,100000.0,False,74
2026-05-03,101,101,weekly-rise-in-google-trends-searches-for-gas-price-protest-,crazy,Weekly Rise In Google Trends Searches For Gas Price Protest Signals Bearish Xle,0.0,5.77,-5.77,100000.0,False,74
2026-05-03,102,102,weekly-surge-in-google-trends-for-diy-plumbing-repair-signal,crazy,Weekly Surge In Google Trends For Diy Plumbing Repair Signals Consumer Stress Rebound,0.0,5.77,-5.77,100004.16,False,70
2026-05-03,103,103,weekly-surge-in-google-trends-for-diy-solar-panel-repair-sig,crazy,Weekly Surge In Google Trends For Diy Solar Panel Repair Signals Green Energy Sector Rebound,0.0,5.77,-5.77,100000.0,False,67
2026-05-03,104,104,weekly-surge-in-google-trends-for-home-heating-oil-shortage-,crazy,Weekly Surge In Google Trends For Home Heating Oil Shortage Signals Bullish Xle,0.0,5.77,-5.77,100000.0,False,68
2026-05-03,105,105,weekly-surge-in-google-trends-for-hotel-room-shortage-signal,crazy,Weekly Surge In Google Trends For Hotel Room Shortage Signals Travel Sector Tightness,0.0,5.77,-5.77,100000.0,False,70
2026-05-03,106,116,weekly-surge-in-google-trends-searches-for-diy-electronics-r,crazy,Weekly Surge In Google Trends Searches For Diy Electronics Repair Signals Bullish Xlk,-0.0,5.77,-5.78,99998.81,False,74
2026-05-03,107,106,weekly-surge-in-google-trends-searches-for-home-improvement-,crazy,Weekly Surge In Google Trends Searches For Home Improvement Loan Signals Consumer Stress Lifting Xly,0.0,5.77,-5.77,100000.0,False,74
2026-05-03,108,107,weekly-surge-in-openchargemap-ev-charger-installations-signa,crazy,Weekly Surge In Openchargemap Ev Charger Installations Signals Bullish Xlc,0.0,5.77,-5.77,100000.0,False,76
2026-05-03,109,108,work-from-home-frenzy,crazy,Work From Home Frenzy,0.0,5.77,-5.77,100000.0,False,86
2026-05-03,110,109,xlb-daily-volatility-contraction-breakout,crazy,Xlb Daily Volatility Contraction Breakout,0.0,5.77,-5.77,100000.0,False,84
2026-05-03,111,110,xlu-weekly-cold-snap-weather-correlation,crazy,Xlu Weekly Cold Snap Weather Correlation,0.0,5.77,-5.77,100000.0,False,84
2026-05-03,112,111,xlv-google-trends-flu-search-spike,crazy,Xlv Google Trends Flu Search Spike,0.0,5.77,-5.77,100000.0,False,84
2026-05-03,113,112,yelp-closure-velocity,crazy,Yelp Closure Velocity,0.0,5.77,-5.77,100000.0,False,79
2026-05-03,114,113,yield-curve-regime,crazy,Yield Curve Regime,0.0,5.77,-5.77,100000.0,False,88
2026-05-03,115,114,daily-spike-in-google-trends-for-home-air-purifier-repair-si,crazy,Daily Spike In Google Trends For Home Air Purifier Repair Signals Consumer Stress Rebound In Discretionary Sector,-0.01,5.77,-5.78,99990.05,False,67
2026-05-03,116,115,eia-electricity-demand-shock-rebound-spread,crazy,Eia Electricity Demand Shock Rebound Spread,-0.01,5.77,-5.78,99990.05,False,67
2026-05-03,117,117,daily-spike-in-rss-news-counts-around-labor-union-contract-n,crazy,Daily Spike In Rss News Counts Around Labor Union Contract Negotiation Signals Bearish Xlf,-0.02,5.77,-5.79,99983.66,False,74
2026-05-03,118,118,freight-rail-carloads,crazy,Freight Rail Carloads,-0.02,5.77,-5.79,99980.1,False,88
2026-05-03,119,119,liquor,crazy,Liquor Store Leading Indicator,-0.02,5.77,-5.79,99980.1,False,88
2026-05-03,120,120,truck-tonnage,crazy,Truck Tonnage Index,-0.02,5.77,-5.79,99980.1,False,88
2026-05-03,121,121,weekly-google-trends-surge-in-home-appliance-repair-searches,crazy,Weekly Google Trends Surge In Home Appliance Repair Searches Signals Bullish Consumer Discretionary,-0.02,5.77,-5.79,99982.54,False,69
2026-05-03,122,122,weekly-surge-in-job-postings-for-warehouse-workers-signals-b,crazy,Weekly Surge In Job Postings For Warehouse Workers Signals Bullish Xli,-0.02,5.77,-5.79,99984.48,False,74
2026-05-03,123,123,consumer-discretionary-google-trends-surge-for-sale-keywords,crazy,Consumer Discretionary Google Trends Surge For Sale Keywords,-0.04,5.77,-5.81,99960.96,False,82
2026-05-03,124,124,real-estate-sector-weekly-google-trends-home-buying-surge,crazy,Real Estate Sector Weekly Google Trends Home Buying Surge,-0.05,5.77,-5.82,99954.77,False,86
2026-05-03,125,125,weekly-google-trends-surge-in-diy-electronics-repair-signals,crazy,Weekly Google Trends Surge In Diy Electronics Repair Signals Tech Consumer Stress Lift,-0.05,5.77,-5.83,99946.78,False,70
2026-05-03,126,126,weekly-spike-in-google-trends-for-home-cooling-failure-signa,crazy,Weekly Spike In Google Trends For Home Cooling Failure Signals Bearish Xlu,-0.05,5.77,-5.83,99947.8,False,74
2026-05-03,127,127,weekly-surge-in-google-trends-searches-for-commuting-strike-,crazy,Weekly Surge In Google Trends Searches For Commuting Strike Signals Bearish Xly,-0.06,5.77,-5.83,99944.62,False,74
2026-05-03,128,128,attention-sentiment-spike-daily-surge-in-news-rss-counts-men,crazy,Attention Sentiment Spike Daily Surge In News Rss Counts Mentioning Cyberattack Triggers Bullish Xlc,-0.07,5.77,-5.84,99933.69,False,76
2026-05-03,129,131,healthcare-sector-google-trends-spike-in-flu-symptoms,crazy,Healthcare Sector Google Trends Spike In Flu Symptoms,-0.08,5.77,-5.86,99917.38,False,82
2026-05-03,130,129,bank-stress-index-volatility-fear-crush-reversal,crazy,Bank Stress Index Volatility Fear Crush Reversal,-0.09,5.77,-5.86,99910.26,False,74
2026-05-03,131,130,financial-sector-volatility-crush-trade,crazy,Financial Sector Volatility Crush Trade,-0.09,5.77,-5.86,99910.26,False,69
2026-05-03,132,132,retail-roulette,crazy,Retail Roulette,-0.09,5.77,-5.86,99913.43,False,84
2026-05-03,133,133,industrial-sector-weekly-earthquake-activity-correlation-dip,crazy,Industrial Sector Weekly Earthquake Activity Correlation Dip,-0.1,5.77,-5.87,99900.64,False,82
2026-05-03,134,136,xlu-daily-electricity-demand-surge,crazy,Xlu Daily Electricity Demand Surge,-0.1,5.77,-5.88,99898.68,False,84
2026-05-03,135,137,daily-spike-in-rss-news-counts-mentioning-politician-insider,crazy,Daily Spike In Rss News Counts Mentioning Politician Insider Buying Tech Stock Signals Bullish Xlk,-0.11,5.77,-5.89,99886.48,False,74
2026-05-03,136,134,weekly-google-trends-spike-for-diy-car-repair-signals-bullis,crazy,Weekly Google Trends Spike For Diy Car Repair Signals Bullish Xly,-0.11,5.77,-5.88,99892.81,False,71
2026-05-03,137,135,weekly-surge-in-google-trends-for-diy-electronics-repair-sig,crazy,Weekly Surge In Google Trends For Diy Electronics Repair Signals Bullish Xlk,-0.11,5.77,-5.88,99892.87,False,68
2026-05-03,138,138,news-sentiment-rotation-fade-trade,crazy,News Sentiment Rotation Fade Trade,-0.12,5.77,-5.9,99878.57,False,77
2026-05-03,139,139,utilities-sector-negative-price-gap-fill,crazy,Utilities Sector Negative Price Gap Fill,-0.13,5.77,-5.9,99869.36,False,82
2026-05-03,140,142,xlb-weekly-rss-news-count-spike-on-commodity-shortage,crazy,Xlb Weekly Rss News Count Spike On Commodity Shortage,-0.13,5.77,-5.91,99865.34,False,84
2026-05-03,141,143,electricity-enlightenment,crazy,Electricity Enlightenment,-0.14,5.77,-5.92,99857.33,False,84
2026-05-03,142,140,seismic-activity-construction-halt-signal,crazy,Seismic Activity Construction Halt Signal,-0.14,5.77,-5.91,99861.92,False,77
2026-05-03,143,141,tremor-tension,crazy,Tremor Tension,-0.14,5.77,-5.91,99864.21,False,84
2026-05-03,144,144,daily-spike-in-rss-counts-for-cybersecurity-breach-news-trig,crazy,Daily Spike In Rss Counts For Cybersecurity Breach News Triggers Bearish Xlk,-0.15,5.77,-5.93,99846.17,False,74
2026-05-03,145,145,google-gusts,crazy,Google Gusts,-0.15,5.77,-5.93,99845.95,False,84
2026-05-03,146,146,oil-price-momentum-reversal-energy-sector-bounce,crazy,Oil Price Momentum Reversal Energy Sector Bounce,-0.15,5.77,-5.93,99849.11,False,71
2026-05-03,147,147,weekly-google-trends-surge-in-fast-food-job-openings-signals,crazy,Weekly Google Trends Surge In Fast Food Job Openings Signals Bullish Consumer Discretionary,-0.19,5.77,-5.96,99811.75,False,69
2026-05-03,148,148,wage-growth-demand-surge-fast-food-google-trends,crazy,Wage Growth Demand Surge Fast Food Google Trends,-0.2,5.77,-5.97,99799.52,False,70
2026-05-03,149,150,daily-spike-in-daily-earthquake-activity-near-major-logistic,crazy,Daily Spike In Daily Earthquake Activity Near Major Logistics Hubs Signals Bearish Xli,-0.22,5.77,-6.0,99775.64,False,74
2026-05-03,150,149,weekly-surge-in-google-trends-searches-for-city-water-outage,crazy,Weekly Surge In Google Trends Searches For City Water Outage Signals Bearish Xlre,-0.22,5.77,-5.99,99773.32,False,74
2026-05-03,151,151,weekly-rise-in-google-trends-interest-for-food-delivery-dela,crazy,Weekly Rise In Google Trends Interest For Food Delivery Delay Signals Bearish Xlp,-0.23,5.77,-6.01,99768.27,False,74
2026-05-03,152,152,weekly-surge-in-google-trends-for-inflation-hedge-gold-signa,crazy,Weekly Surge In Google Trends For Inflation Hedge Gold Signals Bullish Xlb,-0.29,5.77,-6.07,99696.68,False,71
2026-05-03,153,153,grocery-store-foot-traffic-collapse-signal,crazy,Grocery Store Foot Traffic Collapse Signal,-0.33,5.77,-6.1,99673.9,False,77
2026-05-03,154,154,xle-weekly-drawdown-rebound-signal,crazy,Xle Weekly Drawdown Rebound Signal,-0.33,5.77,-6.11,99667.3,False,84
2026-05-03,155,155,healthcare-cost-shock-google-search-spike,crazy,Healthcare Cost Shock Google Search Spike,-0.37,5.77,-6.15,99617.84,False,77
2026-05-03,156,156,xlc-weekly-google-trends-surge-in-5g-rollout,crazy,Xlc Weekly Google Trends Surge In 5g Rollout,-0.41,5.77,-6.18,99592.39,False,84
2026-05-03,157,157,daily-spike-in-google-trends-for-emergency-plumbing-repair-s,crazy,Daily Spike In Google Trends For Emergency Plumbing Repair Signals Consumer Stress Rebound Benefiting Discretionary Sector,-0.42,5.77,-6.19,99572.85,False,67
2026-05-03,158,158,electricity-consumption,crazy,Electricity Consumption,-0.53,5.77,-6.31,99469.13,False,88
2026-05-03,159,159,daily-jump-in-google-trends-searches-for-home-water-heater-r,crazy,Daily Jump In Google Trends Searches For Home Water Heater Repair Signals Consumer Stress Lifting Xly,-0.61,5.77,-6.39,99385.03,False,68
2026-05-03,160,160,copper-momentum,crazy,Copper Momentum,-0.63,5.77,-6.41,99365.35,False,88
2026-05-03,161,161,lumber-momentum,crazy,Lumber Momentum,-0.65,5.77,-6.42,99350.22,False,88
2026-05-03,162,162,weekly-surge-in-google-trends-searches-for-diy-home-repair-s,crazy,Weekly Surge In Google Trends Searches For Diy Home Repair Signals Consumer Stress Lifting Xly,-0.78,5.77,-6.55,99220.52,False,76
2026-05-03,163,163,biscotti,crazy,Algo Biscotti (Unconditional Loyalty),-2.83,5.77,-8.6,97174.21,False,88
2026-05-03,164,164,biscotti,normal,Algo Biscotti (Unconditional Loyalty),-3.13,5.77,-8.9,96871.93,False,89
2026-05-03,165,165,vix-term-structure,crazy,VIX Term Structure,-5.1,5.77,-10.88,94896.4,False,79
2026-05-03,166,166,baileymol,crazy,Chaos Rotation Lab,-5.98,5.77,-11.75,94022.29,False,88
2026-05-03,167,167,vix-fear-rotation,crazy,VIX Fear Rotation,-6.79,5.77,-12.56,93211.05,False,79
2026-05-04,1,1,baileymol,normal,Algo Baileymol (Chaos Monger),6.79,5.39,1.41,106793.34,True,92
2026-05-04,2,2,faber,normal,Faber Momentum Rotation,4.23,5.39,-1.16,104229.25,False,92
2026-05-04,3,3,dmsr,normal,Antonacci Dual Momentum Sector Rotation,3.74,5.39,-1.65,103739.29,False,92
2026-05-04,4,4,simple_monthly,normal,Quantified Simple Monthly Rotation,1.59,5.39,-3.8,101588.64,False,92
2026-05-04,5,5,finra-dark-pool-signal,crazy,FINRA Dark Pool Signal,0.92,5.39,-4.46,100924.68,False,82
2026-05-04,6,6,uber-mobility,crazy,Uber Mobility Index,0.59,5.39,-4.8,100589.45,False,91
2026-05-04,7,7,retail-sales-momentum,crazy,Retail Sales Momentum,0.58,5.39,-4.81,100579.59,False,91
2026-05-04,8,8,insider-trading-signals,crazy,Insider Trading Signals,0.43,5.39,-4.96,100425.39,False,91
2026-05-04,9,9,housing-permit-velocity,crazy,Housing Permit Velocity,0.27,5.39,-5.12,100266.72,False,91
2026-05-04,10,10,mortgage-rate-housing-proxy,crazy,Mortgage Rate Housing Proxy,0.21,5.39,-5.18,100209.39,False,91
2026-05-04,11,12,earthquake-aftershock-insurance-claims-spike,crazy,Earthquake Aftershock Insurance Claims Spike,0.07,5.39,-5.32,100070.66,False,69
2026-05-04,12,13,price-momentum-reversion-in-defensive-sectors-after-tech-cra,crazy,Price Momentum Reversion In Defensive Sectors After Tech Crash,0.07,5.39,-5.32,100065.78,False,70
2026-05-04,13,11,recession-whisper-google-trends-unemployment-search-surge,crazy,Recession Whisper Google Trends Unemployment Search Surge,0.07,5.39,-5.31,100072.76,False,73
2026-05-04,14,14,earthquake-aftershock-amplifier,crazy,Earthquake Aftershock Amplifier,0.05,5.39,-5.34,100047.52,False,85
2026-05-04,15,15,semiconductor-moonshot-warning,crazy,Semiconductor Moonshot Warning,0.05,5.39,-5.34,100045.62,False,85
2026-05-04,16,16,google-trends-surge-in-used-car-price-searches,crazy,Google Trends Surge In Used Car Price Searches,0.04,5.39,-5.35,100038.19,False,71
2026-05-04,17,17,weekly-spike-in-google-trends-searches-for-warehouse-automat,crazy,Weekly Spike In Google Trends Searches For Warehouse Automation Failure Signals Bearish Xli,0.04,5.39,-5.35,100039.42,False,77
2026-05-04,18,18,materials-sector-weekly-positive-correlation-breakdown-with-,crazy,Materials Sector Weekly Positive Correlation Breakdown With Xlb,0.03,5.39,-5.36,100025.87,False,85
2026-05-04,19,19,staples-sector-drawdown-rapid-recovery,crazy,Staples Sector Drawdown Rapid Recovery,0.02,5.39,-5.36,100024.7,False,85
2026-05-04,20,21,airline-load-factor,crazy,Airline Load Factor Proxy,0.0,5.39,-5.39,100000.0,False,91
2026-05-04,21,22,airport-security-surge,crazy,Airport Security Surge,0.0,5.39,-5.39,100000.0,False,89
2026-05-04,22,23,airport-shopping-spree,crazy,Airport Shopping Spree,0.0,5.39,-5.39,100000.0,False,91
2026-05-04,23,24,bankruptcy-filing-rate,crazy,Bankruptcy Filing Rate,0.0,5.39,-5.39,100000.0,False,91
2026-05-04,24,25,calls311,crazy,311 Call Rotation,0.0,5.39,-5.39,100000.0,False,91
2026-05-04,25,26,cardboard,crazy,Cardboard Box Index,0.0,5.39,-5.39,100000.0,False,91
2026-05-04,26,27,cloud-storage-demand-surge,crazy,Cloud Storage Demand Surge,0.0,5.39,-5.39,100000.0,False,91
2026-05-04,27,28,congress,crazy,Congress Trading Fade,0.0,5.39,-5.39,100000.0,False,91
2026-05-04,28,29,consumer-sentiment,crazy,Consumer Sentiment,0.0,5.39,-5.39,100000.0,False,91
2026-05-04,29,30,craigslist,crazy,Craigslist Desperation Index,0.0,5.39,-5.39,100000.0,False,91
2026-05-04,30,31,credit-card-delinquency,crazy,Credit Card Delinquency,0.0,5.39,-5.39,100000.0,False,91
2026-05-04,31,32,crypto-capitulation-countdown,crazy,Crypto Capitulation Countdown,0.0,5.39,-5.39,100000.0,False,85
2026-05-04,32,33,crypto-derivative-arbitrage,crazy,Crypto Derivative Arbitrage,0.0,5.39,-5.39,100000.0,False,91
2026-05-04,33,34,daily-jump-in-google-trends-for-solar-panel-repair-searches-,crazy,Daily Jump In Google Trends For Solar Panel Repair Searches Signals Green Energy Sector Rebound,0.0,5.39,-5.39,100000.0,False,69
2026-05-04,34,35,daily-spike-in-ev-charger-installations-signals-bullish-xlc,crazy,Daily Spike In Ev Charger Installations Signals Bullish Xlc,0.0,5.39,-5.39,100000.0,False,74
2026-05-04,35,36,daily-spike-in-freight-logistics-rss-news-volume-mentioning-,crazy,Daily Spike In Freight Logistics Rss News Volume Mentioning Port Labor Strike Triggers Bearish Xli,0.0,5.39,-5.39,100000.0,False,77
2026-05-04,36,37,daily-spike-in-google-trends-for-emergency-vehicle-repair-si,crazy,Daily Spike In Google Trends For Emergency Vehicle Repair Signals Consumer Stress Lifting Industrial Sector,0.0,5.39,-5.39,100000.0,False,70
2026-05-04,37,38,daily-spike-in-google-trends-searches-for-emergency-car-batt,crazy,Daily Spike In Google Trends Searches For Emergency Car Battery Replacement Signals Consumer Stress Impacting Discretionary,0.0,5.39,-5.39,100000.0,False,69
2026-05-04,38,39,daily-surge-in-google-trends-searches-for-home-heating-syste,crazy,Daily Surge In Google Trends Searches For Home Heating System Failure Signals Consumer Stress Impacting Utilities,0.0,5.39,-5.39,100000.0,False,70
2026-05-04,39,40,earthquake-energy-demand,crazy,Earthquake Energy Demand Indicator,0.0,5.39,-5.39,100000.0,False,91
2026-05-04,40,41,electric-vehicle-charge-station-density,crazy,Electric Vehicle Charge Station Density,0.0,5.39,-5.39,100000.0,False,91
2026-05-04,41,42,electricity-demand-spike-weather-anomaly,crazy,Electricity Demand Spike Weather Anomaly,0.0,5.39,-5.39,100000.0,False,71
2026-05-04,42,43,energy-sector-sudden-weekly-volatility-spike,crazy,Energy Sector Sudden Weekly Volatility Spike,0.0,5.39,-5.39,100000.0,False,82
2026-05-04,43,44,energy-sector-weekly-drawdown-exhaustion,crazy,Energy Sector Weekly Drawdown Exhaustion,0.0,5.39,-5.39,100000.0,False,85
2026-05-04,44,45,ev-charger-density-saturation-play,crazy,Ev Charger Density Saturation Play,0.0,5.39,-5.39,100000.0,False,80
2026-05-04,45,46,ev-charger-expansion-frenzy,crazy,Ev Charger Expansion Frenzy,0.0,5.39,-5.39,100000.0,False,71
2026-05-04,46,47,ev-charger-installation-acceleration-play,crazy,Ev Charger Installation Acceleration Play,0.0,5.39,-5.39,100000.0,False,72
2026-05-04,47,48,ev-charger-network-density-surge-bullish-signal,crazy,Ev Charger Network Density Surge Bullish Signal,0.0,5.39,-5.39,100000.0,False,74
2026-05-04,48,49,ev-charger-network-expansion-acceleration,crazy,Ev Charger Network Expansion Acceleration,0.0,5.39,-5.39,100000.0,False,69
2026-05-04,49,50,ev-charger-network-expansion-sprint-demand-surge,crazy,Ev Charger Network Expansion Sprint Demand Surge,0.0,5.39,-5.39,100000.0,False,77
2026-05-04,50,51,ev-charger-network-expansion-velocity-surge,crazy,Ev Charger Network Expansion Velocity Surge,0.0,5.39,-5.39,100000.0,False,70
2026-05-04,51,52,ev-charging-boom,crazy,Ev Charging Boom,0.0,5.39,-5.39,100000.0,False,89
2026-05-04,52,53,ev-charging-station-stampede,crazy,Ev Charging Station Stampede,0.0,5.39,-5.39,100000.0,False,85
2026-05-04,53,54,ev-euphoria,crazy,Ev Euphoria,0.0,5.39,-5.39,100000.0,False,87
2026-05-04,54,55,financial-sector-momentum-divergence-with-spy,crazy,Financial Sector Momentum Divergence With Spy,0.0,5.39,-5.39,100000.0,False,85
2026-05-04,55,56,fintech-disruption-wave,crazy,Fintech Disruption Wave,0.0,5.39,-5.39,100000.0,False,89
2026-05-04,56,57,glassdoor,crazy,Glassdoor Misery Gradient,0.0,5.39,-5.39,100000.0,False,91
2026-05-04,57,58,global-tech-earnings-momentum,crazy,Global Tech Earnings Momentum,0.0,5.39,-5.39,100000.0,False,89
2026-05-04,58,59,gold-volatility-vol-of-vol-spike,crazy,Gold Volatility Vol-of-vol Spike,0.0,5.39,-5.39,100000.0,False,72
2026-05-04,59,60,google-trends-surge-in-flight-delay-complaints,crazy,Google Trends Surge In Flight Delay Complaints,0.0,5.39,-5.39,100000.0,False,70
2026-05-04,60,61,healthcare-cost-shock-google-trends-spike,crazy,Healthcare Cost Shock Google Trends Spike,0.0,5.39,-5.39,100000.0,False,71
2026-05-04,61,62,high-yield-spread-regime,crazy,High Yield Spread Regime,0.0,5.39,-5.39,100000.0,False,91
2026-05-04,62,63,job-posting-acceleration,crazy,Job Posting Acceleration,0.0,5.39,-5.39,100000.0,False,91
2026-05-04,63,64,linkedin,crazy,LinkedIn Layoff Propagation,0.0,5.39,-5.39,100000.0,False,91
2026-05-04,64,65,lumber-futures-rollercoaster,crazy,Lumber Futures Rollercoaster,0.0,5.39,-5.39,100000.0,False,85
2026-05-04,65,66,materials-sector-weekly-volatility-contraction-breakout,crazy,Materials Sector Weekly Volatility Contraction Breakout,0.0,5.39,-5.39,100000.0,False,82
2026-05-04,66,67,misery-rotation,crazy,Misery Rotation,0.0,5.39,-5.39,100000.0,False,91
2026-05-04,67,68,mortgage-refinance-wave-google-trends-surge,crazy,Mortgage Refinance Wave Google Trends Surge,0.0,5.39,-5.39,100000.0,False,72
2026-05-04,68,69,online-ad-impression-volatility,crazy,Online Ad Impression Volatility Trader,0.0,5.39,-5.39,100000.0,False,91
2026-05-04,69,70,patent-filing-velocity,crazy,Patent Filing Velocity,0.0,5.39,-5.39,100000.0,False,82
2026-05-04,70,71,pet-food-supply-chain,crazy,Pet Food Supply Chain Disruption,0.0,5.39,-5.39,100000.0,False,91
2026-05-04,71,72,port-congestion-squeeze,crazy,Port Congestion Squeeze,0.0,5.39,-5.39,100000.0,False,89
2026-05-04,72,73,port-container-volume,crazy,Port Container Volume,0.0,5.39,-5.39,100000.0,False,91
2026-05-04,73,74,reddit-emoji-sentiment-spike,crazy,Reddit Emoji Sentiment Spike,0.0,5.39,-5.39,100000.0,False,91
2026-05-04,74,75,reddit-gaming-thread-spike,crazy,Reddit Gaming Thread Spike,0.0,5.39,-5.39,100000.0,False,91
2026-05-04,75,76,reddit-mentions-volatility-spike,crazy,Reddit Mentions Volatility Spike,0.0,5.39,-5.39,100000.0,False,91
2026-05-04,76,77,reddit-sentiment-spike-trend,crazy,Reddit Sentiment Spike Trend,0.0,5.39,-5.39,100000.0,False,91
2026-05-04,77,78,reddit-sentiment-spike,crazy,Reddit Sentiment Spike,0.0,5.39,-5.39,100000.0,False,91
2026-05-04,78,79,reddit-sentiment-volatility-spike,crazy,Reddit Sentiment Volatility Spike,0.0,5.39,-5.39,100000.0,False,91
2026-05-04,79,80,reddit-subreddit-mention-spike,crazy,Reddit Subreddit Mention Spike,0.0,5.39,-5.39,100000.0,False,91
2026-05-04,80,81,reddit-subreddit-sentiment-spike,crazy,Reddit Subreddit Sentiment Spike,0.0,5.39,-5.39,100000.0,False,91
2026-05-04,81,82,reddit-subreddit-surge-momentum,crazy,Reddit Subreddit Surge Momentum,0.0,5.39,-5.39,100000.0,False,91
2026-05-04,82,83,reddit-volatility-spike,crazy,Reddit Volatility Spike,0.0,5.39,-5.39,100000.0,False,91
2026-05-04,83,84,rental-car-shortage-volatility-spike,crazy,Rental Car Shortage Volatility Spike,0.0,5.39,-5.39,100000.0,False,80
2026-05-04,84,85,retail-rush-ahead-of-holidays,crazy,Retail Rush Ahead Of Holidays,0.0,5.39,-5.39,100000.0,False,89
2026-05-04,85,86,rss-roar,crazy,Rss Roar,0.0,5.39,-5.39,100000.0,False,87
2026-05-04,86,87,shipping-container-squeeze-play,crazy,Shipping Container Squeeze Play,0.0,5.39,-5.39,100000.0,False,80
2026-05-04,87,88,small-business-formation,crazy,Small Business Formation,0.0,5.39,-5.39,100000.0,False,91
2026-05-04,88,89,social-media-sentiment-spike,crazy,Social Media Sentiment Spike,0.0,5.39,-5.39,100000.0,False,91
2026-05-04,89,90,solar-storm-scorcher,crazy,Solar Storm Scorcher,0.0,5.39,-5.39,100000.0,False,85
2026-05-04,90,91,superbowl-futures-trade,crazy,Superbowl Futures Trade,0.0,5.39,-5.39,100000.0,False,91
2026-05-04,91,92,technology-sector-daily-ev-charger-count-surge,crazy,Technology Sector Daily Ev Charger Count Surge,0.0,5.39,-5.39,100000.0,False,85
2026-05-04,92,93,temperature-extremes-power-demand-spike-utility-boost,crazy,Temperature Extremes Power Demand Spike Utility Boost,0.0,5.39,-5.39,100000.0,False,77
2026-05-04,93,94,temperature-shock-energy-demand-flip,crazy,Temperature Shock Energy Demand Flip,0.0,5.39,-5.39,100000.0,False,80
2026-05-04,94,95,tsa,crazy,TSA Body Count,0.0,5.39,-5.39,100000.0,False,91
2026-05-04,95,96,twitter-sentiment-spike,crazy,Twitter Sentiment Spike,0.0,5.39,-5.39,100000.0,False,91
2026-05-04,96,97,utilities-sector-weekly-temperature-drop-signal,crazy,Utilities Sector Weekly Temperature Drop Signal,0.0,5.39,-5.39,100000.0,False,89
2026-05-04,97,98,utility-power-grid-stress,crazy,Utility Power Grid Stress,0.0,5.39,-5.39,100000.0,False,89
2026-05-04,98,99,volatility-spike-follow-through,crazy,Volatility Spike Follow-Through,0.0,5.39,-5.39,100000.0,False,91
2026-05-04,99,100,weather-disruption-ripple-effects,crazy,Weather Disruption Ripple Effects,0.0,5.39,-5.39,100000.0,False,89
2026-05-04,100,101,weather-volatility-spike,crazy,Weather Volatility Spike,0.0,5.39,-5.39,100000.0,False,91
2026-05-04,101,102,weather-windfall,crazy,Weather Windfall,0.0,5.39,-5.39,100000.0,False,87
2026-05-04,102,103,weekly-google-trends-spike-for-diy-electronics-repair-signal,crazy,Weekly Google Trends Spike For Diy Electronics Repair Signals Bullish Tech Sector,0.0,5.39,-5.39,100000.0,False,69
2026-05-04,103,104,weekly-google-trends-surge-for-diy-roof-repair-searches-sign,crazy,Weekly Google Trends Surge For Diy Roof Repair Searches Signals Consumer Stress Impacting Xli,0.0,5.39,-5.39,100000.0,False,69
2026-05-04,104,105,weekly-google-trends-surge-for-home-pest-control-searches-si,crazy,Weekly Google Trends Surge For Home Pest Control Searches Signals Consumer Stress Boosting Staples,0.0,5.39,-5.39,100000.0,False,69
2026-05-04,105,106,weekly-google-trends-surge-for-used-truck-purchase-searches-,crazy,Weekly Google Trends Surge For Used Truck Purchase Searches Signals Bullish Freight Logistics,0.0,5.39,-5.39,100000.0,False,69
2026-05-04,106,107,weekly-google-trends-surge-in-energy-bill-shock-signals-cons,crazy,Weekly Google Trends Surge In Energy Bill Shock Signals Consumer Stress Impacting Utilities,0.0,5.39,-5.39,100000.0,False,73
2026-05-04,107,108,weekly-google-trends-surge-in-home-energy-bill-shock-signals,crazy,Weekly Google Trends Surge In Home Energy Bill Shock Signals Bullish Utilities,0.0,5.39,-5.39,100000.0,False,72
2026-05-04,108,109,weekly-google-trends-surge-in-searches-for-home-solar-instal,crazy,Weekly Google Trends Surge In Searches For Home Solar Installation Financing Signals Xle Bullish,0.0,5.39,-5.39,100000.0,False,69
2026-05-04,109,110,weekly-increase-in-google-trends-searches-for-bulk-shipping-,crazy,Weekly Increase In Google Trends Searches For Bulk Shipping Delay Signals Bearish Xlb,0.0,5.39,-5.39,100000.0,False,77
2026-05-04,110,111,weekly-rise-in-google-trends-searches-for-gas-price-protest-,crazy,Weekly Rise In Google Trends Searches For Gas Price Protest Signals Bearish Xle,0.0,5.39,-5.39,100000.0,False,77
2026-05-04,111,20,weekly-surge-in-google-trends-for-diy-plumbing-repair-signal,crazy,Weekly Surge In Google Trends For Diy Plumbing Repair Signals Consumer Stress Rebound,0.0,5.39,-5.38,100004.16,False,73
2026-05-04,112,112,weekly-surge-in-google-trends-for-diy-solar-panel-repair-sig,crazy,Weekly Surge In Google Trends For Diy Solar Panel Repair Signals Green Energy Sector Rebound,0.0,5.39,-5.39,100000.0,False,70
2026-05-04,113,113,weekly-surge-in-google-trends-for-home-heating-oil-shortage-,crazy,Weekly Surge In Google Trends For Home Heating Oil Shortage Signals Bullish Xle,0.0,5.39,-5.39,100000.0,False,71
2026-05-04,114,114,weekly-surge-in-google-trends-for-hotel-room-shortage-signal,crazy,Weekly Surge In Google Trends For Hotel Room Shortage Signals Travel Sector Tightness,0.0,5.39,-5.39,100000.0,False,73
2026-05-04,115,115,weekly-surge-in-google-trends-searches-for-home-improvement-,crazy,Weekly Surge In Google Trends Searches For Home Improvement Loan Signals Consumer Stress Lifting Xly,0.0,5.39,-5.39,100000.0,False,77
2026-05-04,116,116,weekly-surge-in-openchargemap-ev-charger-installations-signa,crazy,Weekly Surge In Openchargemap Ev Charger Installations Signals Bullish Xlc,0.0,5.39,-5.39,100000.0,False,79
2026-05-04,117,117,work-from-home-frenzy,crazy,Work From Home Frenzy,0.0,5.39,-5.39,100000.0,False,89
2026-05-04,118,118,xlb-daily-volatility-contraction-breakout,crazy,Xlb Daily Volatility Contraction Breakout,0.0,5.39,-5.39,100000.0,False,87
2026-05-04,119,119,xlu-weekly-cold-snap-weather-correlation,crazy,Xlu Weekly Cold Snap Weather Correlation,0.0,5.39,-5.39,100000.0,False,87
2026-05-04,120,120,xlv-google-trends-flu-search-spike,crazy,Xlv Google Trends Flu Search Spike,0.0,5.39,-5.39,100000.0,False,87
2026-05-04,121,121,yelp-closure-velocity,crazy,Yelp Closure Velocity,0.0,5.39,-5.39,100000.0,False,82
2026-05-04,122,122,yield-curve-regime,crazy,Yield Curve Regime,0.0,5.39,-5.39,100000.0,False,91
2026-05-04,123,125,weekly-surge-in-google-trends-searches-for-diy-electronics-r,crazy,Weekly Surge In Google Trends Searches For Diy Electronics Repair Signals Bullish Xlk,-0.01,5.39,-5.4,99988.6,False,77
2026-05-04,124,127,daily-spike-in-google-trends-for-home-air-purifier-repair-si,crazy,Daily Spike In Google Trends For Home Air Purifier Repair Signals Consumer Stress Rebound In Discretionary Sector,-0.02,5.39,-5.41,99979.84,False,70
2026-05-04,125,123,daily-spike-in-rss-news-counts-around-labor-union-contract-n,crazy,Daily Spike In Rss News Counts Around Labor Union Contract Negotiation Signals Bearish Xlf,-0.02,5.39,-5.4,99983.66,False,77
2026-05-04,126,128,google-trends-surge-in-luxury-good-searches,crazy,Google Trends Surge In Luxury Good Searches,-0.02,5.39,-5.41,99979.84,False,69
2026-05-04,127,124,weekly-google-trends-surge-in-home-appliance-repair-searches,crazy,Weekly Google Trends Surge In Home Appliance Repair Searches Signals Bullish Consumer Discretionary,-0.02,5.39,-5.4,99982.54,False,72
2026-05-04,128,126,weekly-surge-in-job-postings-for-warehouse-workers-signals-b,crazy,Weekly Surge In Job Postings For Warehouse Workers Signals Bullish Xli,-0.02,5.39,-5.4,99984.48,False,77
2026-05-04,129,129,consumer-discretionary-google-trends-surge-for-sale-keywords,crazy,Consumer Discretionary Google Trends Surge For Sale Keywords,-0.04,5.39,-5.43,99960.96,False,85
2026-05-04,130,130,real-estate-sector-weekly-google-trends-home-buying-surge,crazy,Real Estate Sector Weekly Google Trends Home Buying Surge,-0.05,5.39,-5.43,99954.77,False,89
2026-05-04,131,131,weekly-spike-in-google-trends-for-home-cooling-failure-signa,crazy,Weekly Spike In Google Trends For Home Cooling Failure Signals Bearish Xlu,-0.05,5.39,-5.44,99947.8,False,77
2026-05-04,132,133,eia-electricity-demand-shock-rebound-spread,crazy,Eia Electricity Demand Shock Rebound Spread,-0.06,5.39,-5.45,99940.31,False,70
2026-05-04,133,132,weekly-surge-in-google-trends-searches-for-commuting-strike-,crazy,Weekly Surge In Google Trends Searches For Commuting Strike Signals Bearish Xly,-0.06,5.39,-5.44,99944.62,False,77
2026-05-04,134,134,attention-sentiment-spike-daily-surge-in-news-rss-counts-men,crazy,Attention Sentiment Spike Daily Surge In News Rss Counts Mentioning Cyberattack Triggers Bullish Xlc,-0.08,5.39,-5.46,99923.74,False,79
2026-05-04,135,137,healthcare-sector-google-trends-spike-in-flu-symptoms,crazy,Healthcare Sector Google Trends Spike In Flu Symptoms,-0.08,5.39,-5.47,99917.38,False,85
2026-05-04,136,135,rss-news-volume-spike-on-food-supply-chain-disruptions,crazy,Rss News Volume Spike On Food Supply Chain Disruptions,-0.08,5.39,-5.46,99922.25,False,69
2026-05-04,137,136,weekly-google-trends-surge-in-diy-electronics-repair-signals,crazy,Weekly Google Trends Surge In Diy Electronics Repair Signals Tech Consumer Stress Lift,-0.08,5.39,-5.46,99921.97,False,73
2026-05-04,138,139,bank-stress-index-volatility-fear-crush-reversal,crazy,Bank Stress Index Volatility Fear Crush Reversal,-0.09,5.39,-5.48,99910.26,False,77
2026-05-04,139,140,financial-sector-volatility-crush-trade,crazy,Financial Sector Volatility Crush Trade,-0.09,5.39,-5.48,99910.26,False,72
2026-05-04,140,138,retail-roulette,crazy,Retail Roulette,-0.09,5.39,-5.47,99913.43,False,87
2026-05-04,141,142,xlu-daily-electricity-demand-surge,crazy,Xlu Daily Electricity Demand Surge,-0.1,5.39,-5.49,99898.68,False,87
2026-05-04,142,143,daily-spike-in-rss-news-counts-mentioning-politician-insider,crazy,Daily Spike In Rss News Counts Mentioning Politician Insider Buying Tech Stock Signals Bullish Xlk,-0.11,5.39,-5.5,99886.48,False,77
2026-05-04,143,141,weekly-google-trends-spike-for-diy-car-repair-signals-bullis,crazy,Weekly Google Trends Spike For Diy Car Repair Signals Bullish Xly,-0.11,5.39,-5.49,99892.81,False,74
2026-05-04,144,146,utilities-sector-negative-price-gap-fill,crazy,Utilities Sector Negative Price Gap Fill,-0.13,5.39,-5.52,99869.36,False,85
2026-05-04,145,147,weekly-surge-in-google-trends-for-diy-electronics-repair-sig,crazy,Weekly Surge In Google Trends For Diy Electronics Repair Signals Bullish Xlk,-0.13,5.39,-5.52,99868.06,False,71
2026-05-04,146,148,xlb-weekly-rss-news-count-spike-on-commodity-shortage,crazy,Xlb Weekly Rss News Count Spike On Commodity Shortage,-0.13,5.39,-5.52,99865.34,False,87
2026-05-04,147,149,electricity-enlightenment,crazy,Electricity Enlightenment,-0.14,5.39,-5.53,99857.33,False,87
2026-05-04,148,144,seismic-activity-construction-halt-signal,crazy,Seismic Activity Construction Halt Signal,-0.14,5.39,-5.52,99861.92,False,80
2026-05-04,149,145,tremor-tension,crazy,Tremor Tension,-0.14,5.39,-5.52,99864.21,False,87
2026-05-04,150,150,news-sentiment-rotation-fade-trade,crazy,News Sentiment Rotation Fade Trade,-0.15,5.39,-5.54,99848.46,False,80
2026-05-04,151,151,oil-price-momentum-reversal-energy-sector-bounce,crazy,Oil Price Momentum Reversal Energy Sector Bounce,-0.15,5.39,-5.54,99849.11,False,74
2026-05-04,152,152,google-gusts,crazy,Google Gusts,-0.16,5.39,-5.55,99836.0,False,87
2026-05-04,153,153,daily-spike-in-rss-counts-for-cybersecurity-breach-news-trig,crazy,Daily Spike In Rss Counts For Cybersecurity Breach News Triggers Bearish Xlk,-0.18,5.39,-5.57,99816.07,False,77
2026-05-04,154,154,industrial-sector-weekly-earthquake-activity-correlation-dip,crazy,Industrial Sector Weekly Earthquake Activity Correlation Dip,-0.19,5.39,-5.57,99813.1,False,85
2026-05-04,155,155,weekly-google-trends-surge-in-fast-food-job-openings-signals,crazy,Weekly Google Trends Surge In Fast Food Job Openings Signals Bullish Consumer Discretionary,-0.19,5.39,-5.58,99811.75,False,72
2026-05-04,156,156,wage-growth-demand-surge-fast-food-google-trends,crazy,Wage Growth Demand Surge Fast Food Google Trends,-0.2,5.39,-5.59,99799.52,False,73
2026-05-04,157,158,daily-spike-in-daily-earthquake-activity-near-major-logistic,crazy,Daily Spike In Daily Earthquake Activity Near Major Logistics Hubs Signals Bearish Xli,-0.22,5.39,-5.61,99775.64,False,77
2026-05-04,158,157,weekly-surge-in-google-trends-searches-for-city-water-outage,crazy,Weekly Surge In Google Trends Searches For City Water Outage Signals Bearish Xlre,-0.22,5.39,-5.6,99773.32,False,77
2026-05-04,159,159,weekly-rise-in-google-trends-interest-for-food-delivery-dela,crazy,Weekly Rise In Google Trends Interest For Food Delivery Delay Signals Bearish Xlp,-0.23,5.39,-5.62,99768.27,False,77
2026-05-04,160,160,weekly-surge-in-google-trends-for-inflation-hedge-gold-signa,crazy,Weekly Surge In Google Trends For Inflation Hedge Gold Signals Bullish Xlb,-0.29,5.39,-5.68,99696.68,False,74
2026-05-04,161,161,grocery-store-foot-traffic-collapse-signal,crazy,Grocery Store Foot Traffic Collapse Signal,-0.33,5.39,-5.71,99673.9,False,80
2026-05-04,162,162,xle-weekly-drawdown-rebound-signal,crazy,Xle Weekly Drawdown Rebound Signal,-0.33,5.39,-5.72,99667.3,False,87
2026-05-04,163,163,healthcare-cost-shock-google-search-spike,crazy,Healthcare Cost Shock Google Search Spike,-0.37,5.39,-5.76,99617.84,False,80
2026-05-04,164,164,xlc-weekly-google-trends-surge-in-5g-rollout,crazy,Xlc Weekly Google Trends Surge In 5g Rollout,-0.41,5.39,-5.79,99592.39,False,87
2026-05-04,165,165,daily-spike-in-google-trends-for-emergency-plumbing-repair-s,crazy,Daily Spike In Google Trends For Emergency Plumbing Repair Signals Consumer Stress Rebound Benefiting Discretionary Sector,-0.42,5.39,-5.8,99572.85,False,70
2026-05-04,166,166,liquor,crazy,Liquor Store Leading Indicator,-0.51,5.39,-5.9,99489.85,False,91
2026-05-04,167,167,healthcare-cost-google-trends-acceleration-index,crazy,Healthcare Cost Google Trends Acceleration Index,-0.53,5.39,-5.92,99466.5,False,69
2026-05-04,168,168,daily-jump-in-google-trends-searches-for-home-water-heater-r,crazy,Daily Jump In Google Trends Searches For Home Water Heater Repair Signals Consumer Stress Lifting Xly,-0.61,5.39,-6.0,99385.03,False,71
2026-05-04,169,169,weekly-surge-in-google-trends-searches-for-diy-home-repair-s,crazy,Weekly Surge In Google Trends Searches For Diy Home Repair Signals Consumer Stress Lifting Xly,-0.78,5.39,-6.17,99220.52,False,79
2026-05-04,170,170,truck-tonnage,crazy,Truck Tonnage Index,-0.89,5.39,-6.27,99113.23,False,91
2026-05-04,171,171,freight-rail-carloads,crazy,Freight Rail Carloads,-1.01,5.39,-6.4,98987.83,False,91
2026-05-04,172,172,electricity-consumption,crazy,Electricity Consumption,-1.09,5.39,-6.48,98905.34,False,91
2026-05-04,173,173,lumber-momentum,crazy,Lumber Momentum,-1.45,5.39,-6.83,98552.31,False,91
2026-05-04,174,174,copper-momentum,crazy,Copper Momentum,-1.64,5.39,-7.03,98357.48,False,91
2026-05-04,175,175,biscotti,crazy,Algo Biscotti (Unconditional Loyalty),-3.11,5.39,-8.5,96886.35,False,91
2026-05-04,176,176,biscotti,normal,Algo Biscotti (Unconditional Loyalty),-3.42,5.39,-8.8,96584.97,False,92
2026-05-04,177,177,vix-term-structure,crazy,VIX Term Structure,-5.32,5.39,-10.7,94683.61,False,82
2026-05-04,178,178,baileymol,crazy,Chaos Rotation Lab,-5.87,5.39,-11.26,94127.72,False,91
2026-05-04,179,179,vix-fear-rotation,crazy,VIX Fear Rotation,-7.0,5.39,-12.39,93001.67,False,82
2026-05-05,1,1,baileymol,normal,Algo Baileymol (Chaos Monger),7.62,6.23,1.38,107615.88,True,93
2026-05-05,2,2,faber,normal,Faber Momentum Rotation,5.04,6.23,-1.19,105041.02,False,93
2026-05-05,3,3,dmsr,normal,Antonacci Dual Momentum Sector Rotation,4.56,6.23,-1.67,104562.01,False,93
2026-05-05,4,4,simple_monthly,normal,Quantified Simple Monthly Rotation,3.83,6.23,-2.4,103832.93,False,93
2026-05-05,5,5,uber-mobility,crazy,Uber Mobility Index,1.49,6.23,-4.74,101489.39,False,92
2026-05-05,6,6,retail-sales-momentum,crazy,Retail Sales Momentum,1.48,6.23,-4.75,101479.44,False,92
2026-05-05,7,7,finra-dark-pool-signal,crazy,FINRA Dark Pool Signal,1.18,6.23,-5.06,101175.22,False,83
2026-05-05,8,8,insider-trading-signals,crazy,Insider Trading Signals,0.74,6.23,-5.49,100737.97,False,92
2026-05-05,9,9,housing-permit-velocity,crazy,Housing Permit Velocity,0.52,6.23,-5.72,100515.58,False,92
2026-05-05,10,10,mortgage-rate-housing-proxy,crazy,Mortgage Rate Housing Proxy,0.46,6.23,-5.77,100458.1,False,92
2026-05-05,11,11,earthquake-aftershock-insurance-claims-spike,crazy,Earthquake Aftershock Insurance Claims Spike,0.07,6.23,-6.16,100070.66,False,70
2026-05-05,12,13,price-momentum-reversion-in-defensive-sectors-after-tech-cra,crazy,Price Momentum Reversion In Defensive Sectors After Tech Crash,0.07,6.23,-6.17,100065.78,False,71
2026-05-05,13,12,recession-whisper-google-trends-unemployment-search-surge,crazy,Recession Whisper Google Trends Unemployment Search Surge,0.07,6.23,-6.16,100072.76,False,74
2026-05-05,14,14,earthquake-aftershock-amplifier,crazy,Earthquake Aftershock Amplifier,0.05,6.23,-6.18,100047.52,False,86
2026-05-05,15,16,semiconductor-moonshot-warning,crazy,Semiconductor Moonshot Warning,0.05,6.23,-6.19,100045.62,False,86
2026-05-05,16,15,google-trends-surge-in-used-car-price-searches,crazy,Google Trends Surge In Used Car Price Searches,0.04,6.23,-6.19,100038.19,False,72
2026-05-05,17,17,weekly-spike-in-google-trends-searches-for-warehouse-automat,crazy,Weekly Spike In Google Trends Searches For Warehouse Automation Failure Signals Bearish Xli,0.04,6.23,-6.19,100039.42,False,78
2026-05-05,18,18,materials-sector-weekly-positive-correlation-breakdown-with-,crazy,Materials Sector Weekly Positive Correlation Breakdown With Xlb,0.03,6.23,-6.21,100025.87,False,86
2026-05-05,19,19,staples-sector-drawdown-rapid-recovery,crazy,Staples Sector Drawdown Rapid Recovery,0.02,6.23,-6.21,100024.7,False,86
2026-05-05,20,20,airline-load-factor,crazy,Airline Load Factor Proxy,0.0,6.23,-6.23,100000.0,False,92
2026-05-05,21,21,airport-security-surge,crazy,Airport Security Surge,0.0,6.23,-6.23,100000.0,False,90
2026-05-05,22,22,airport-shopping-spree,crazy,Airport Shopping Spree,0.0,6.23,-6.23,100000.0,False,92
2026-05-05,23,23,bankruptcy-filing-rate,crazy,Bankruptcy Filing Rate,0.0,6.23,-6.23,100000.0,False,92
2026-05-05,24,24,calls311,crazy,311 Call Rotation,0.0,6.23,-6.23,100000.0,False,92
2026-05-05,25,25,cardboard,crazy,Cardboard Box Index,0.0,6.23,-6.23,100000.0,False,92
2026-05-05,26,26,cloud-storage-demand-surge,crazy,Cloud Storage Demand Surge,0.0,6.23,-6.23,100000.0,False,92
2026-05-05,27,27,congress,crazy,Congress Trading Fade,0.0,6.23,-6.23,100000.0,False,92
2026-05-05,28,28,consumer-sentiment,crazy,Consumer Sentiment,0.0,6.23,-6.23,100000.0,False,92
2026-05-05,29,29,craigslist,crazy,Craigslist Desperation Index,0.0,6.23,-6.23,100000.0,False,92
2026-05-05,30,30,credit-card-delinquency,crazy,Credit Card Delinquency,0.0,6.23,-6.23,100000.0,False,92
2026-05-05,31,31,crypto-capitulation-countdown,crazy,Crypto Capitulation Countdown,0.0,6.23,-6.23,100000.0,False,86
2026-05-05,32,32,crypto-derivative-arbitrage,crazy,Crypto Derivative Arbitrage,0.0,6.23,-6.23,100000.0,False,92
2026-05-05,33,33,daily-jump-in-google-trends-for-solar-panel-repair-searches-,crazy,Daily Jump In Google Trends For Solar Panel Repair Searches Signals Green Energy Sector Rebound,0.0,6.23,-6.23,100000.0,False,70
2026-05-05,34,34,daily-spike-in-ev-charger-installations-signals-bullish-xlc,crazy,Daily Spike In Ev Charger Installations Signals Bullish Xlc,0.0,6.23,-6.23,100000.0,False,75
2026-05-05,35,35,daily-spike-in-freight-logistics-rss-news-volume-mentioning-,crazy,Daily Spike In Freight Logistics Rss News Volume Mentioning Port Labor Strike Triggers Bearish Xli,0.0,6.23,-6.23,100000.0,False,78
2026-05-05,36,36,daily-spike-in-google-trends-for-emergency-vehicle-repair-si,crazy,Daily Spike In Google Trends For Emergency Vehicle Repair Signals Consumer Stress Lifting Industrial Sector,0.0,6.23,-6.23,100000.0,False,71
2026-05-05,37,37,daily-spike-in-google-trends-searches-for-emergency-car-batt,crazy,Daily Spike In Google Trends Searches For Emergency Car Battery Replacement Signals Consumer Stress Impacting Discretionary,0.0,6.23,-6.23,100000.0,False,70
2026-05-05,38,38,daily-surge-in-google-trends-searches-for-home-heating-syste,crazy,Daily Surge In Google Trends Searches For Home Heating System Failure Signals Consumer Stress Impacting Utilities,0.0,6.23,-6.23,100000.0,False,71
2026-05-05,39,39,earthquake-energy-demand,crazy,Earthquake Energy Demand Indicator,0.0,6.23,-6.23,100000.0,False,92
2026-05-05,40,40,electric-vehicle-charge-station-density,crazy,Electric Vehicle Charge Station Density,0.0,6.23,-6.23,100000.0,False,92
2026-05-05,41,41,electricity-demand-spike-weather-anomaly,crazy,Electricity Demand Spike Weather Anomaly,0.0,6.23,-6.23,100000.0,False,72
2026-05-05,42,42,energy-sector-sudden-weekly-volatility-spike,crazy,Energy Sector Sudden Weekly Volatility Spike,0.0,6.23,-6.23,100000.0,False,83
2026-05-05,43,43,energy-sector-weekly-drawdown-exhaustion,crazy,Energy Sector Weekly Drawdown Exhaustion,0.0,6.23,-6.23,100000.0,False,86
2026-05-05,44,44,ev-charger-density-saturation-play,crazy,Ev Charger Density Saturation Play,0.0,6.23,-6.23,100000.0,False,81
2026-05-05,45,45,ev-charger-expansion-frenzy,crazy,Ev Charger Expansion Frenzy,0.0,6.23,-6.23,100000.0,False,72
2026-05-05,46,46,ev-charger-installation-acceleration-play,crazy,Ev Charger Installation Acceleration Play,0.0,6.23,-6.23,100000.0,False,73
2026-05-05,47,47,ev-charger-network-density-surge-bullish-signal,crazy,Ev Charger Network Density Surge Bullish Signal,0.0,6.23,-6.23,100000.0,False,75
2026-05-05,48,48,ev-charger-network-expansion-acceleration,crazy,Ev Charger Network Expansion Acceleration,0.0,6.23,-6.23,100000.0,False,70
2026-05-05,49,49,ev-charger-network-expansion-sprint-demand-surge,crazy,Ev Charger Network Expansion Sprint Demand Surge,0.0,6.23,-6.23,100000.0,False,78
2026-05-05,50,50,ev-charger-network-expansion-velocity-surge,crazy,Ev Charger Network Expansion Velocity Surge,0.0,6.23,-6.23,100000.0,False,71
2026-05-05,51,51,ev-charging-boom,crazy,Ev Charging Boom,0.0,6.23,-6.23,100000.0,False,90
2026-05-05,52,52,ev-charging-station-stampede,crazy,Ev Charging Station Stampede,0.0,6.23,-6.23,100000.0,False,86
2026-05-05,53,53,ev-euphoria,crazy,Ev Euphoria,0.0,6.23,-6.23,100000.0,False,88
2026-05-05,54,54,financial-sector-momentum-divergence-with-spy,crazy,Financial Sector Momentum Divergence With Spy,0.0,6.23,-6.23,100000.0,False,86
2026-05-05,55,55,fintech-disruption-wave,crazy,Fintech Disruption Wave,0.0,6.23,-6.23,100000.0,False,90
2026-05-05,56,56,glassdoor,crazy,Glassdoor Misery Gradient,0.0,6.23,-6.23,100000.0,False,92
2026-05-05,57,57,global-tech-earnings-momentum,crazy,Global Tech Earnings Momentum,0.0,6.23,-6.23,100000.0,False,90
2026-05-05,58,58,gold-volatility-vol-of-vol-spike,crazy,Gold Volatility Vol-of-vol Spike,0.0,6.23,-6.23,100000.0,False,73
2026-05-05,59,59,google-trends-surge-in-flight-delay-complaints,crazy,Google Trends Surge In Flight Delay Complaints,0.0,6.23,-6.23,100000.0,False,71
2026-05-05,60,60,healthcare-cost-shock-google-trends-spike,crazy,Healthcare Cost Shock Google Trends Spike,0.0,6.23,-6.23,100000.0,False,72
2026-05-05,61,61,high-yield-spread-regime,crazy,High Yield Spread Regime,0.0,6.23,-6.23,100000.0,False,92
2026-05-05,62,62,linkedin,crazy,LinkedIn Layoff Propagation,0.0,6.23,-6.23,100000.0,False,92
2026-05-05,63,63,lumber-futures-rollercoaster,crazy,Lumber Futures Rollercoaster,0.0,6.23,-6.23,100000.0,False,86
2026-05-05,64,64,materials-sector-weekly-volatility-contraction-breakout,crazy,Materials Sector Weekly Volatility Contraction Breakout,0.0,6.23,-6.23,100000.0,False,83
2026-05-05,65,65,misery-rotation,crazy,Misery Rotation,0.0,6.23,-6.23,100000.0,False,92
2026-05-05,66,66,mortgage-refinance-wave-google-trends-surge,crazy,Mortgage Refinance Wave Google Trends Surge,0.0,6.23,-6.23,100000.0,False,73
2026-05-05,67,67,online-ad-impression-volatility,crazy,Online Ad Impression Volatility Trader,0.0,6.23,-6.23,100000.0,False,92
2026-05-05,68,68,patent-filing-velocity,crazy,Patent Filing Velocity,0.0,6.23,-6.23,100000.0,False,83
2026-05-05,69,69,pet-food-supply-chain,crazy,Pet Food Supply Chain Disruption,0.0,6.23,-6.23,100000.0,False,92
2026-05-05,70,70,port-congestion-squeeze,crazy,Port Congestion Squeeze,0.0,6.23,-6.23,100000.0,False,90
2026-05-05,71,71,port-container-volume,crazy,Port Container Volume,0.0,6.23,-6.23,100000.0,False,92
2026-05-05,72,72,reddit-emoji-sentiment-spike,crazy,Reddit Emoji Sentiment Spike,0.0,6.23,-6.23,100000.0,False,92
2026-05-05,73,73,reddit-gaming-thread-spike,crazy,Reddit Gaming Thread Spike,0.0,6.23,-6.23,100000.0,False,92
2026-05-05,74,74,reddit-mentions-volatility-spike,crazy,Reddit Mentions Volatility Spike,0.0,6.23,-6.23,100000.0,False,92
2026-05-05,75,75,reddit-sentiment-spike-trend,crazy,Reddit Sentiment Spike Trend,0.0,6.23,-6.23,100000.0,False,92
2026-05-05,76,76,reddit-sentiment-spike,crazy,Reddit Sentiment Spike,0.0,6.23,-6.23,100000.0,False,92
2026-05-05,77,77,reddit-sentiment-volatility-spike,crazy,Reddit Sentiment Volatility Spike,0.0,6.23,-6.23,100000.0,False,92
2026-05-05,78,78,reddit-subreddit-mention-spike,crazy,Reddit Subreddit Mention Spike,0.0,6.23,-6.23,100000.0,False,92
2026-05-05,79,79,reddit-subreddit-sentiment-spike,crazy,Reddit Subreddit Sentiment Spike,0.0,6.23,-6.23,100000.0,False,92
2026-05-05,80,80,reddit-subreddit-surge-momentum,crazy,Reddit Subreddit Surge Momentum,0.0,6.23,-6.23,100000.0,False,92
2026-05-05,81,81,reddit-volatility-spike,crazy,Reddit Volatility Spike,0.0,6.23,-6.23,100000.0,False,92
2026-05-05,82,82,rental-car-shortage-volatility-spike,crazy,Rental Car Shortage Volatility Spike,0.0,6.23,-6.23,100000.0,False,81
2026-05-05,83,83,retail-rush-ahead-of-holidays,crazy,Retail Rush Ahead Of Holidays,0.0,6.23,-6.23,100000.0,False,90
2026-05-05,84,84,rss-roar,crazy,Rss Roar,0.0,6.23,-6.23,100000.0,False,88
2026-05-05,85,85,shipping-container-squeeze-play,crazy,Shipping Container Squeeze Play,0.0,6.23,-6.23,100000.0,False,81
2026-05-05,86,86,small-business-formation,crazy,Small Business Formation,0.0,6.23,-6.23,100000.0,False,92
2026-05-05,87,87,social-media-sentiment-spike,crazy,Social Media Sentiment Spike,0.0,6.23,-6.23,100000.0,False,92
2026-05-05,88,88,solar-storm-scorcher,crazy,Solar Storm Scorcher,0.0,6.23,-6.23,100000.0,False,86
2026-05-05,89,89,superbowl-futures-trade,crazy,Superbowl Futures Trade,0.0,6.23,-6.23,100000.0,False,92
2026-05-05,90,90,technology-sector-daily-ev-charger-count-surge,crazy,Technology Sector Daily Ev Charger Count Surge,0.0,6.23,-6.23,100000.0,False,86
2026-05-05,91,91,temperature-extremes-power-demand-spike-utility-boost,crazy,Temperature Extremes Power Demand Spike Utility Boost,0.0,6.23,-6.23,100000.0,False,78
2026-05-05,92,92,temperature-shock-energy-demand-flip,crazy,Temperature Shock Energy Demand Flip,0.0,6.23,-6.23,100000.0,False,81
2026-05-05,93,93,tsa,crazy,TSA Body Count,0.0,6.23,-6.23,100000.0,False,92
2026-05-05,94,94,twitter-sentiment-spike,crazy,Twitter Sentiment Spike,0.0,6.23,-6.23,100000.0,False,92
2026-05-05,95,95,utilities-sector-weekly-temperature-drop-signal,crazy,Utilities Sector Weekly Temperature Drop Signal,0.0,6.23,-6.23,100000.0,False,90
2026-05-05,96,96,utility-power-grid-stress,crazy,Utility Power Grid Stress,0.0,6.23,-6.23,100000.0,False,90
2026-05-05,97,97,volatility-spike-follow-through,crazy,Volatility Spike Follow-Through,0.0,6.23,-6.23,100000.0,False,92
2026-05-05,98,98,weather-disruption-ripple-effects,crazy,Weather Disruption Ripple Effects,0.0,6.23,-6.23,100000.0,False,90
2026-05-05,99,99,weather-volatility-spike,crazy,Weather Volatility Spike,0.0,6.23,-6.23,100000.0,False,92
2026-05-05,100,100,weather-windfall,crazy,Weather Windfall,0.0,6.23,-6.23,100000.0,False,88
2026-05-05,101,101,weekly-google-trends-spike-for-diy-electronics-repair-signal,crazy,Weekly Google Trends Spike For Diy Electronics Repair Signals Bullish Tech Sector,0.0,6.23,-6.23,100000.0,False,70
2026-05-05,102,102,weekly-google-trends-surge-for-diy-roof-repair-searches-sign,crazy,Weekly Google Trends Surge For Diy Roof Repair Searches Signals Consumer Stress Impacting Xli,0.0,6.23,-6.23,100000.0,False,70
2026-05-05,103,103,weekly-google-trends-surge-for-home-pest-control-searches-si,crazy,Weekly Google Trends Surge For Home Pest Control Searches Signals Consumer Stress Boosting Staples,0.0,6.23,-6.23,100000.0,False,70
2026-05-05,104,104,weekly-google-trends-surge-for-used-truck-purchase-searches-,crazy,Weekly Google Trends Surge For Used Truck Purchase Searches Signals Bullish Freight Logistics,0.0,6.23,-6.23,100000.0,False,70
2026-05-05,105,105,weekly-google-trends-surge-in-energy-bill-shock-signals-cons,crazy,Weekly Google Trends Surge In Energy Bill Shock Signals Consumer Stress Impacting Utilities,0.0,6.23,-6.23,100000.0,False,74
2026-05-05,106,106,weekly-google-trends-surge-in-home-energy-bill-shock-signals,crazy,Weekly Google Trends Surge In Home Energy Bill Shock Signals Bullish Utilities,0.0,6.23,-6.23,100000.0,False,73
2026-05-05,107,107,weekly-google-trends-surge-in-searches-for-home-solar-instal,crazy,Weekly Google Trends Surge In Searches For Home Solar Installation Financing Signals Xle Bullish,0.0,6.23,-6.23,100000.0,False,70
2026-05-05,108,108,weekly-increase-in-google-trends-searches-for-bulk-shipping-,crazy,Weekly Increase In Google Trends Searches For Bulk Shipping Delay Signals Bearish Xlb,0.0,6.23,-6.23,100000.0,False,78
2026-05-05,109,109,weekly-rise-in-google-trends-searches-for-gas-price-protest-,crazy,Weekly Rise In Google Trends Searches For Gas Price Protest Signals Bearish Xle,0.0,6.23,-6.23,100000.0,False,78
2026-05-05,110,110,weekly-surge-in-google-trends-for-diy-solar-panel-repair-sig,crazy,Weekly Surge In Google Trends For Diy Solar Panel Repair Signals Green Energy Sector Rebound,0.0,6.23,-6.23,100000.0,False,71
2026-05-05,111,111,weekly-surge-in-google-trends-for-home-heating-oil-shortage-,crazy,Weekly Surge In Google Trends For Home Heating Oil Shortage Signals Bullish Xle,0.0,6.23,-6.23,100000.0,False,72
2026-05-05,112,112,weekly-surge-in-google-trends-for-hotel-room-shortage-signal,crazy,Weekly Surge In Google Trends For Hotel Room Shortage Signals Travel Sector Tightness,0.0,6.23,-6.23,100000.0,False,74
2026-05-05,113,113,weekly-surge-in-google-trends-searches-for-home-improvement-,crazy,Weekly Surge In Google Trends Searches For Home Improvement Loan Signals Consumer Stress Lifting Xly,0.0,6.23,-6.23,100000.0,False,78
2026-05-05,114,114,weekly-surge-in-openchargemap-ev-charger-installations-signa,crazy,Weekly Surge In Openchargemap Ev Charger Installations Signals Bullish Xlc,0.0,6.23,-6.23,100000.0,False,80
2026-05-05,115,115,work-from-home-frenzy,crazy,Work From Home Frenzy,0.0,6.23,-6.23,100000.0,False,90
2026-05-05,116,116,xlb-daily-volatility-contraction-breakout,crazy,Xlb Daily Volatility Contraction Breakout,0.0,6.23,-6.23,100000.0,False,88
2026-05-05,117,117,xlu-weekly-cold-snap-weather-correlation,crazy,Xlu Weekly Cold Snap Weather Correlation,0.0,6.23,-6.23,100000.0,False,88
2026-05-05,118,118,xlv-google-trends-flu-search-spike,crazy,Xlv Google Trends Flu Search Spike,0.0,6.23,-6.23,100000.0,False,88
2026-05-05,119,119,yelp-closure-velocity,crazy,Yelp Closure Velocity,0.0,6.23,-6.23,100000.0,False,83
2026-05-05,120,120,yield-curve-regime,crazy,Yield Curve Regime,0.0,6.23,-6.23,100000.0,False,92
2026-05-05,121,121,weekly-surge-in-google-trends-for-diy-plumbing-repair-signal,crazy,Weekly Surge In Google Trends For Diy Plumbing Repair Signals Consumer Stress Rebound,-0.01,6.23,-6.24,99994.21,False,74
2026-05-05,122,122,daily-spike-in-google-trends-for-home-air-purifier-repair-si,crazy,Daily Spike In Google Trends For Home Air Purifier Repair Signals Consumer Stress Rebound In Discretionary Sector,-0.02,6.23,-6.25,99979.84,False,71
2026-05-05,123,123,google-trends-surge-in-luxury-good-searches,crazy,Google Trends Surge In Luxury Good Searches,-0.02,6.23,-6.25,99979.84,False,70
2026-05-05,124,124,job-posting-acceleration,crazy,Job Posting Acceleration,-0.02,6.23,-6.25,99980.1,False,92
2026-05-05,125,125,weekly-google-trends-surge-in-home-appliance-repair-searches,crazy,Weekly Google Trends Surge In Home Appliance Repair Searches Signals Bullish Consumer Discretionary,-0.02,6.23,-6.25,99982.54,False,73
2026-05-05,126,126,weekly-surge-in-google-trends-searches-for-diy-electronics-r,crazy,Weekly Surge In Google Trends Searches For Diy Electronics Repair Signals Bullish Xlk,-0.02,6.23,-6.25,99978.65,False,78
2026-05-05,127,127,weekly-surge-in-job-postings-for-warehouse-workers-signals-b,crazy,Weekly Surge In Job Postings For Warehouse Workers Signals Bullish Xli,-0.02,6.23,-6.25,99984.48,False,78
2026-05-05,128,128,daily-spike-in-rss-news-counts-around-labor-union-contract-n,crazy,Daily Spike In Rss News Counts Around Labor Union Contract Negotiation Signals Bearish Xlf,-0.03,6.23,-6.26,99973.71,False,78
2026-05-05,129,129,consumer-discretionary-google-trends-surge-for-sale-keywords,crazy,Consumer Discretionary Google Trends Surge For Sale Keywords,-0.04,6.23,-6.27,99960.96,False,86
2026-05-05,130,130,freight-rail-carloads,crazy,Freight Rail Carloads,-0.04,6.23,-6.27,99959.69,False,92
2026-05-05,131,131,truck-tonnage,crazy,Truck Tonnage Index,-0.04,6.23,-6.27,99958.06,False,92
2026-05-05,132,132,real-estate-sector-weekly-google-trends-home-buying-surge,crazy,Real Estate Sector Weekly Google Trends Home Buying Surge,-0.05,6.23,-6.28,99954.77,False,90
2026-05-05,133,133,eia-electricity-demand-shock-rebound-spread,crazy,Eia Electricity Demand Shock Rebound Spread,-0.06,6.23,-6.29,99940.31,False,71
2026-05-05,134,134,weekly-spike-in-google-trends-for-home-cooling-failure-signa,crazy,Weekly Spike In Google Trends For Home Cooling Failure Signals Bearish Xlu,-0.06,6.23,-6.29,99937.85,False,78
2026-05-05,135,135,weekly-surge-in-google-trends-searches-for-commuting-strike-,crazy,Weekly Surge In Google Trends Searches For Commuting Strike Signals Bearish Xly,-0.07,6.23,-6.3,99934.67,False,78
2026-05-05,136,136,healthcare-sector-google-trends-spike-in-flu-symptoms,crazy,Healthcare Sector Google Trends Spike In Flu Symptoms,-0.08,6.23,-6.31,99917.38,False,86
2026-05-05,137,137,bank-stress-index-volatility-fear-crush-reversal,crazy,Bank Stress Index Volatility Fear Crush Reversal,-0.09,6.23,-6.32,99910.26,False,78
2026-05-05,138,138,financial-sector-volatility-crush-trade,crazy,Financial Sector Volatility Crush Trade,-0.09,6.23,-6.32,99910.26,False,73
2026-05-05,139,139,retail-roulette,crazy,Retail Roulette,-0.09,6.23,-6.32,99913.43,False,88
2026-05-05,140,140,rss-news-volume-spike-on-food-supply-chain-disruptions,crazy,Rss News Volume Spike On Food Supply Chain Disruptions,-0.09,6.23,-6.32,99912.3,False,70
2026-05-05,141,141,weekly-google-trends-surge-in-diy-electronics-repair-signals,crazy,Weekly Google Trends Surge In Diy Electronics Repair Signals Tech Consumer Stress Lift,-0.09,6.23,-6.32,99912.02,False,74
2026-05-05,142,142,xlu-daily-electricity-demand-surge,crazy,Xlu Daily Electricity Demand Surge,-0.1,6.23,-6.33,99898.68,False,88
2026-05-05,143,143,attention-sentiment-spike-daily-surge-in-news-rss-counts-men,crazy,Attention Sentiment Spike Daily Surge In News Rss Counts Mentioning Cyberattack Triggers Bullish Xlc,-0.11,6.23,-6.34,99893.3,False,80
2026-05-05,144,146,daily-spike-in-rss-news-counts-mentioning-politician-insider,crazy,Daily Spike In Rss News Counts Mentioning Politician Insider Buying Tech Stock Signals Bullish Xlk,-0.11,6.23,-6.35,99886.48,False,78
2026-05-05,145,144,weekly-google-trends-spike-for-diy-car-repair-signals-bullis,crazy,Weekly Google Trends Spike For Diy Car Repair Signals Bullish Xly,-0.11,6.23,-6.34,99892.81,False,75
2026-05-05,146,145,daily-spike-in-rss-counts-for-cybersecurity-breach-news-trig,crazy,Daily Spike In Rss Counts For Cybersecurity Breach News Triggers Bearish Xlk,-0.12,6.23,-6.35,99879.1,False,78
2026-05-05,147,147,utilities-sector-negative-price-gap-fill,crazy,Utilities Sector Negative Price Gap Fill,-0.13,6.23,-6.36,99869.36,False,86
2026-05-05,148,152,xlb-weekly-rss-news-count-spike-on-commodity-shortage,crazy,Xlb Weekly Rss News Count Spike On Commodity Shortage,-0.13,6.23,-6.37,99865.34,False,88
2026-05-05,149,148,electricity-enlightenment,crazy,Electricity Enlightenment,-0.14,6.23,-6.37,99857.33,False,88
2026-05-05,150,149,seismic-activity-construction-halt-signal,crazy,Seismic Activity Construction Halt Signal,-0.14,6.23,-6.37,99861.92,False,81
2026-05-05,151,150,tremor-tension,crazy,Tremor Tension,-0.14,6.23,-6.37,99864.21,False,88
2026-05-05,152,151,weekly-surge-in-google-trends-for-diy-electronics-repair-sig,crazy,Weekly Surge In Google Trends For Diy Electronics Repair Signals Bullish Xlk,-0.14,6.23,-6.37,99858.11,False,72
2026-05-05,153,153,news-sentiment-rotation-fade-trade,crazy,News Sentiment Rotation Fade Trade,-0.15,6.23,-6.38,99851.37,False,81
2026-05-05,154,154,oil-price-momentum-reversal-energy-sector-bounce,crazy,Oil Price Momentum Reversal Energy Sector Bounce,-0.15,6.23,-6.38,99849.11,False,75
2026-05-05,155,157,google-gusts,crazy,Google Gusts,-0.19,6.23,-6.43,99805.57,False,88
2026-05-05,156,155,industrial-sector-weekly-earthquake-activity-correlation-dip,crazy,Industrial Sector Weekly Earthquake Activity Correlation Dip,-0.19,6.23,-6.42,99813.1,False,86
2026-05-05,157,156,weekly-google-trends-surge-in-fast-food-job-openings-signals,crazy,Weekly Google Trends Surge In Fast Food Job Openings Signals Bullish Consumer Discretionary,-0.19,6.23,-6.42,99811.75,False,73
2026-05-05,158,158,liquor,crazy,Liquor Store Leading Indicator,-0.2,6.23,-6.43,99798.75,False,92
2026-05-05,159,159,wage-growth-demand-surge-fast-food-google-trends,crazy,Wage Growth Demand Surge Fast Food Google Trends,-0.2,6.23,-6.43,99799.52,False,74
2026-05-05,160,161,daily-spike-in-daily-earthquake-activity-near-major-logistic,crazy,Daily Spike In Daily Earthquake Activity Near Major Logistics Hubs Signals Bearish Xli,-0.22,6.23,-6.46,99775.64,False,78
2026-05-05,161,160,weekly-surge-in-google-trends-searches-for-city-water-outage,crazy,Weekly Surge In Google Trends Searches For City Water Outage Signals Bearish Xlre,-0.22,6.23,-6.45,99773.32,False,78
2026-05-05,162,162,weekly-rise-in-google-trends-interest-for-food-delivery-dela,crazy,Weekly Rise In Google Trends Interest For Food Delivery Delay Signals Bearish Xlp,-0.23,6.23,-6.46,99768.27,False,78
2026-05-05,163,163,weekly-surge-in-google-trends-for-inflation-hedge-gold-signa,crazy,Weekly Surge In Google Trends For Inflation Hedge Gold Signals Bullish Xlb,-0.29,6.23,-6.53,99696.68,False,75
2026-05-05,164,164,grocery-store-foot-traffic-collapse-signal,crazy,Grocery Store Foot Traffic Collapse Signal,-0.33,6.23,-6.56,99673.9,False,81
2026-05-05,165,165,xle-weekly-drawdown-rebound-signal,crazy,Xle Weekly Drawdown Rebound Signal,-0.33,6.23,-6.56,99667.3,False,88
2026-05-05,166,166,healthcare-cost-shock-google-search-spike,crazy,Healthcare Cost Shock Google Search Spike,-0.37,6.23,-6.6,99617.84,False,81
2026-05-05,167,167,xlc-weekly-google-trends-surge-in-5g-rollout,crazy,Xlc Weekly Google Trends Surge In 5g Rollout,-0.41,6.23,-6.64,99592.39,False,88
2026-05-05,168,168,daily-spike-in-google-trends-for-emergency-plumbing-repair-s,crazy,Daily Spike In Google Trends For Emergency Plumbing Repair Signals Consumer Stress Rebound Benefiting Discretionary Sector,-0.42,6.23,-6.65,99572.85,False,71
2026-05-05,169,169,healthcare-cost-google-trends-acceleration-index,crazy,Healthcare Cost Google Trends Acceleration Index,-0.53,6.23,-6.77,99466.5,False,70
2026-05-05,170,170,copper-momentum,crazy,Copper Momentum,-0.59,6.23,-6.82,99411.51,False,92
2026-05-05,171,172,daily-jump-in-google-trends-searches-for-home-water-heater-r,crazy,Daily Jump In Google Trends Searches For Home Water Heater Repair Signals Consumer Stress Lifting Xly,-0.61,6.23,-6.85,99385.03,False,72
2026-05-05,172,171,lumber-momentum,crazy,Lumber Momentum,-0.61,6.23,-6.84,99389.25,False,92
2026-05-05,173,173,weekly-surge-in-google-trends-searches-for-diy-home-repair-s,crazy,Weekly Surge In Google Trends Searches For Diy Home Repair Signals Consumer Stress Lifting Xly,-0.78,6.23,-7.01,99220.52,False,80
2026-05-05,174,174,electricity-consumption,crazy,Electricity Consumption,-0.85,6.23,-7.08,99151.64,False,92
2026-05-05,175,175,biscotti,crazy,Algo Biscotti (Unconditional Loyalty),-2.73,6.23,-8.96,97267.93,False,92
2026-05-05,176,176,biscotti,normal,Algo Biscotti (Unconditional Loyalty),-3.03,6.23,-9.27,96965.36,False,93
2026-05-05,177,177,vix-term-structure,crazy,VIX Term Structure,-4.38,6.23,-10.61,95623.52,False,83
2026-05-05,178,178,baileymol,crazy,Chaos Rotation Lab,-5.15,6.23,-11.38,94852.73,False,92
2026-05-05,179,179,vix-fear-rotation,crazy,VIX Fear Rotation,-6.07,6.23,-12.31,93927.12,False,83
2026-05-06,1,1,baileymol,normal,Algo Baileymol (Chaos Monger),7.11,7.71,-0.59,107113.84,False,94
2026-05-06,2,2,simple_monthly,normal,Quantified Simple Monthly Rotation,6.59,7.71,-1.12,106591.27,False,94
2026-05-06,3,3,dmsr,normal,Antonacci Dual Momentum Sector Rotation,4.88,7.71,-2.83,104875.58,False,94
2026-05-06,4,4,faber,normal,Faber Momentum Rotation,4.57,7.71,-3.13,104574.17,False,94
2026-05-06,5,5,uber-mobility,crazy,Uber Mobility Index,3.06,7.71,-4.65,103061.4,False,93
2026-05-06,6,6,retail-sales-momentum,crazy,Retail Sales Momentum,3.05,7.71,-4.66,103051.3,False,93
2026-05-06,7,7,freight-rail-carloads,crazy,Freight Rail Carloads,1.72,7.71,-5.99,101719.88,False,93
2026-05-06,8,8,truck-tonnage,crazy,Truck Tonnage Index,1.5,7.71,-6.21,101503.63,False,93
2026-05-06,9,9,job-posting-acceleration,crazy,Job Posting Acceleration,1.44,7.71,-6.27,101443.46,False,93
2026-05-06,10,10,copper-momentum,crazy,Copper Momentum,1.07,7.71,-6.63,101074.92,False,93
2026-05-06,11,11,insider-trading-signals,crazy,Insider Trading Signals,0.85,7.71,-6.86,100846.17,False,93
2026-05-06,12,12,finra-dark-pool-signal,crazy,FINRA Dark Pool Signal,0.76,7.71,-6.95,100758.83,False,84
2026-05-06,13,13,lumber-momentum,crazy,Lumber Momentum,0.6,7.71,-7.11,100602.88,False,93
2026-05-06,14,14,housing-permit-velocity,crazy,Housing Permit Velocity,0.17,7.71,-7.54,100173.38,False,93
2026-05-06,15,15,mortgage-rate-housing-proxy,crazy,Mortgage Rate Housing Proxy,0.12,7.71,-7.59,100116.1,False,93
2026-05-06,16,16,earthquake-aftershock-insurance-claims-spike,crazy,Earthquake Aftershock Insurance Claims Spike,0.07,7.71,-7.64,100070.66,False,71
2026-05-06,17,17,recession-whisper-google-trends-unemployment-search-surge,crazy,Recession Whisper Google Trends Unemployment Search Surge,0.07,7.71,-7.64,100072.76,False,75
2026-05-06,18,18,price-momentum-reversion-in-defensive-sectors-after-tech-cra,crazy,Price Momentum Reversion In Defensive Sectors After Tech Crash,0.06,7.71,-7.65,100055.83,False,72
2026-05-06,19,19,weekly-surge-in-google-trends-searches-for-diy-electronics-r,crazy,Weekly Surge In Google Trends Searches For Diy Electronics Repair Signals Bullish Xlk,0.06,7.71,-7.65,100055.89,False,79
2026-05-06,20,20,earthquake-aftershock-amplifier,crazy,Earthquake Aftershock Amplifier,0.05,7.71,-7.66,100047.52,False,87
2026-05-06,21,21,google-trends-surge-in-used-car-price-searches,crazy,Google Trends Surge In Used Car Price Searches,0.04,7.71,-7.67,100038.19,False,73
2026-05-06,22,22,semiconductor-moonshot-warning,crazy,Semiconductor Moonshot Warning,0.04,7.71,-7.67,100035.67,False,87
2026-05-06,23,23,weekly-spike-in-google-trends-searches-for-warehouse-automat,crazy,Weekly Spike In Google Trends Searches For Warehouse Automation Failure Signals Bearish Xli,0.04,7.71,-7.67,100039.42,False,79
2026-05-06,24,24,weekly-surge-in-google-trends-for-diy-plumbing-repair-signal,crazy,Weekly Surge In Google Trends For Diy Plumbing Repair Signals Consumer Stress Rebound,0.04,7.71,-7.67,100035.8,False,75
2026-05-06,25,25,materials-sector-weekly-positive-correlation-breakdown-with-,crazy,Materials Sector Weekly Positive Correlation Breakdown With Xlb,0.03,7.71,-7.68,100025.87,False,87
2026-05-06,26,26,staples-sector-drawdown-rapid-recovery,crazy,Staples Sector Drawdown Rapid Recovery,0.02,7.71,-7.68,100024.7,False,87
2026-05-06,27,27,airline-load-factor,crazy,Airline Load Factor Proxy,0.0,7.71,-7.71,100000.0,False,93
2026-05-06,28,28,airport-security-surge,crazy,Airport Security Surge,0.0,7.71,-7.71,100000.0,False,91
2026-05-06,29,29,airport-shopping-spree,crazy,Airport Shopping Spree,0.0,7.71,-7.71,100000.0,False,93
2026-05-06,30,30,bankruptcy-filing-rate,crazy,Bankruptcy Filing Rate,0.0,7.71,-7.71,100000.0,False,93
2026-05-06,31,31,calls311,crazy,311 Call Rotation,0.0,7.71,-7.71,100000.0,False,93
2026-05-06,32,32,cardboard,crazy,Cardboard Box Index,0.0,7.71,-7.71,100000.0,False,93
2026-05-06,33,33,cloud-storage-demand-surge,crazy,Cloud Storage Demand Surge,0.0,7.71,-7.71,100000.0,False,93
2026-05-06,34,34,congress,crazy,Congress Trading Fade,0.0,7.71,-7.71,100000.0,False,93
2026-05-06,35,35,consumer-sentiment,crazy,Consumer Sentiment,0.0,7.71,-7.71,100000.0,False,93
2026-05-06,36,36,craigslist,crazy,Craigslist Desperation Index,0.0,7.71,-7.71,100000.0,False,93
2026-05-06,37,37,credit-card-delinquency,crazy,Credit Card Delinquency,0.0,7.71,-7.71,100000.0,False,93
2026-05-06,38,38,crypto-capitulation-countdown,crazy,Crypto Capitulation Countdown,0.0,7.71,-7.71,100000.0,False,87
2026-05-06,39,39,crypto-derivative-arbitrage,crazy,Crypto Derivative Arbitrage,0.0,7.71,-7.71,100000.0,False,93
2026-05-06,40,40,daily-jump-in-google-trends-for-solar-panel-repair-searches-,crazy,Daily Jump In Google Trends For Solar Panel Repair Searches Signals Green Energy Sector Rebound,0.0,7.71,-7.71,100000.0,False,71
2026-05-06,41,41,daily-spike-in-ev-charger-installations-signals-bullish-xlc,crazy,Daily Spike In Ev Charger Installations Signals Bullish Xlc,0.0,7.71,-7.71,100000.0,False,76
2026-05-06,42,42,daily-spike-in-freight-logistics-rss-news-volume-mentioning-,crazy,Daily Spike In Freight Logistics Rss News Volume Mentioning Port Labor Strike Triggers Bearish Xli,0.0,7.71,-7.71,100000.0,False,79
2026-05-06,43,43,daily-spike-in-google-trends-for-emergency-vehicle-repair-si,crazy,Daily Spike In Google Trends For Emergency Vehicle Repair Signals Consumer Stress Lifting Industrial Sector,0.0,7.71,-7.71,100000.0,False,72
2026-05-06,44,44,daily-spike-in-google-trends-searches-for-emergency-car-batt,crazy,Daily Spike In Google Trends Searches For Emergency Car Battery Replacement Signals Consumer Stress Impacting Discretionary,0.0,7.71,-7.71,100000.0,False,71
2026-05-06,45,45,daily-surge-in-google-trends-searches-for-home-heating-syste,crazy,Daily Surge In Google Trends Searches For Home Heating System Failure Signals Consumer Stress Impacting Utilities,0.0,7.71,-7.71,100000.0,False,72
2026-05-06,46,46,earthquake-energy-demand,crazy,Earthquake Energy Demand Indicator,0.0,7.71,-7.71,100000.0,False,93
2026-05-06,47,47,electric-vehicle-charge-station-density,crazy,Electric Vehicle Charge Station Density,0.0,7.71,-7.71,100000.0,False,93
2026-05-06,48,48,electricity-demand-spike-weather-anomaly,crazy,Electricity Demand Spike Weather Anomaly,0.0,7.71,-7.71,100000.0,False,73
2026-05-06,49,49,energy-sector-sudden-weekly-volatility-spike,crazy,Energy Sector Sudden Weekly Volatility Spike,0.0,7.71,-7.71,100000.0,False,84
2026-05-06,50,50,energy-sector-weekly-drawdown-exhaustion,crazy,Energy Sector Weekly Drawdown Exhaustion,0.0,7.71,-7.71,100000.0,False,87
2026-05-06,51,51,ev-charger-density-saturation-play,crazy,Ev Charger Density Saturation Play,0.0,7.71,-7.71,100000.0,False,82
2026-05-06,52,52,ev-charger-expansion-frenzy,crazy,Ev Charger Expansion Frenzy,0.0,7.71,-7.71,100000.0,False,73
2026-05-06,53,53,ev-charger-installation-acceleration-play,crazy,Ev Charger Installation Acceleration Play,0.0,7.71,-7.71,100000.0,False,74
2026-05-06,54,54,ev-charger-network-density-surge-bullish-signal,crazy,Ev Charger Network Density Surge Bullish Signal,0.0,7.71,-7.71,100000.0,False,76
2026-05-06,55,55,ev-charger-network-expansion-acceleration,crazy,Ev Charger Network Expansion Acceleration,0.0,7.71,-7.71,100000.0,False,71
2026-05-06,56,56,ev-charger-network-expansion-sprint-demand-surge,crazy,Ev Charger Network Expansion Sprint Demand Surge,0.0,7.71,-7.71,100000.0,False,79
2026-05-06,57,57,ev-charger-network-expansion-velocity-surge,crazy,Ev Charger Network Expansion Velocity Surge,0.0,7.71,-7.71,100000.0,False,72
2026-05-06,58,58,ev-charging-boom,crazy,Ev Charging Boom,0.0,7.71,-7.71,100000.0,False,91
2026-05-06,59,59,ev-charging-station-stampede,crazy,Ev Charging Station Stampede,0.0,7.71,-7.71,100000.0,False,87
2026-05-06,60,60,ev-euphoria,crazy,Ev Euphoria,0.0,7.71,-7.71,100000.0,False,89
2026-05-06,61,61,financial-sector-momentum-divergence-with-spy,crazy,Financial Sector Momentum Divergence With Spy,0.0,7.71,-7.71,100000.0,False,87
2026-05-06,62,62,fintech-disruption-wave,crazy,Fintech Disruption Wave,0.0,7.71,-7.71,100000.0,False,91
2026-05-06,63,63,glassdoor,crazy,Glassdoor Misery Gradient,0.0,7.71,-7.71,100000.0,False,93
2026-05-06,64,64,global-tech-earnings-momentum,crazy,Global Tech Earnings Momentum,0.0,7.71,-7.71,100000.0,False,91
2026-05-06,65,65,gold-volatility-vol-of-vol-spike,crazy,Gold Volatility Vol-of-vol Spike,0.0,7.71,-7.71,100000.0,False,74
2026-05-06,66,66,google-trends-surge-in-flight-delay-complaints,crazy,Google Trends Surge In Flight Delay Complaints,0.0,7.71,-7.71,100000.0,False,72
2026-05-06,67,67,healthcare-cost-shock-google-trends-spike,crazy,Healthcare Cost Shock Google Trends Spike,0.0,7.71,-7.71,100000.0,False,73
2026-05-06,68,68,high-yield-spread-regime,crazy,High Yield Spread Regime,0.0,7.71,-7.71,100000.0,False,93
2026-05-06,69,69,linkedin,crazy,LinkedIn Layoff Propagation,0.0,7.71,-7.71,100000.0,False,93
2026-05-06,70,70,lumber-futures-rollercoaster,crazy,Lumber Futures Rollercoaster,0.0,7.71,-7.71,100000.0,False,87
2026-05-06,71,71,materials-sector-weekly-volatility-contraction-breakout,crazy,Materials Sector Weekly Volatility Contraction Breakout,0.0,7.71,-7.71,100000.0,False,84
2026-05-06,72,72,misery-rotation,crazy,Misery Rotation,0.0,7.71,-7.71,100000.0,False,93
2026-05-06,73,73,mortgage-refinance-wave-google-trends-surge,crazy,Mortgage Refinance Wave Google Trends Surge,0.0,7.71,-7.71,100000.0,False,74
2026-05-06,74,74,online-ad-impression-volatility,crazy,Online Ad Impression Volatility Trader,0.0,7.71,-7.71,100000.0,False,93
2026-05-06,75,75,patent-filing-velocity,crazy,Patent Filing Velocity,0.0,7.71,-7.71,100000.0,False,84
2026-05-06,76,76,pet-food-supply-chain,crazy,Pet Food Supply Chain Disruption,0.0,7.71,-7.71,100000.0,False,93
2026-05-06,77,77,port-congestion-squeeze,crazy,Port Congestion Squeeze,0.0,7.71,-7.71,100000.0,False,91
2026-05-06,78,78,port-container-volume,crazy,Port Container Volume,0.0,7.71,-7.71,100000.0,False,93
2026-05-06,79,79,reddit-emoji-sentiment-spike,crazy,Reddit Emoji Sentiment Spike,0.0,7.71,-7.71,100000.0,False,93
2026-05-06,80,80,reddit-gaming-thread-spike,crazy,Reddit Gaming Thread Spike,0.0,7.71,-7.71,100000.0,False,93
2026-05-06,81,81,reddit-mentions-volatility-spike,crazy,Reddit Mentions Volatility Spike,0.0,7.71,-7.71,100000.0,False,93
2026-05-06,82,82,reddit-sentiment-spike-trend,crazy,Reddit Sentiment Spike Trend,0.0,7.71,-7.71,100000.0,False,93
2026-05-06,83,83,reddit-sentiment-spike,crazy,Reddit Sentiment Spike,0.0,7.71,-7.71,100000.0,False,93
2026-05-06,84,84,reddit-sentiment-volatility-spike,crazy,Reddit Sentiment Volatility Spike,0.0,7.71,-7.71,100000.0,False,93
2026-05-06,85,85,reddit-subreddit-mention-spike,crazy,Reddit Subreddit Mention Spike,0.0,7.71,-7.71,100000.0,False,93
2026-05-06,86,86,reddit-subreddit-sentiment-spike,crazy,Reddit Subreddit Sentiment Spike,0.0,7.71,-7.71,100000.0,False,93
2026-05-06,87,87,reddit-subreddit-surge-momentum,crazy,Reddit Subreddit Surge Momentum,0.0,7.71,-7.71,100000.0,False,93
2026-05-06,88,88,reddit-volatility-spike,crazy,Reddit Volatility Spike,0.0,7.71,-7.71,100000.0,False,93
2026-05-06,89,89,rental-car-shortage-volatility-spike,crazy,Rental Car Shortage Volatility Spike,0.0,7.71,-7.71,100000.0,False,82
2026-05-06,90,90,retail-rush-ahead-of-holidays,crazy,Retail Rush Ahead Of Holidays,0.0,7.71,-7.71,100000.0,False,91
2026-05-06,91,91,rss-roar,crazy,Rss Roar,0.0,7.71,-7.71,100000.0,False,89
2026-05-06,92,92,shipping-container-squeeze-play,crazy,Shipping Container Squeeze Play,0.0,7.71,-7.71,100000.0,False,82
2026-05-06,93,93,small-business-formation,crazy,Small Business Formation,0.0,7.71,-7.71,100000.0,False,93
2026-05-06,94,94,social-media-sentiment-spike,crazy,Social Media Sentiment Spike,0.0,7.71,-7.71,100000.0,False,93
2026-05-06,95,95,solar-storm-scorcher,crazy,Solar Storm Scorcher,0.0,7.71,-7.71,100000.0,False,87
2026-05-06,96,96,superbowl-futures-trade,crazy,Superbowl Futures Trade,0.0,7.71,-7.71,100000.0,False,93
2026-05-06,97,97,technology-sector-daily-ev-charger-count-surge,crazy,Technology Sector Daily Ev Charger Count Surge,0.0,7.71,-7.71,100000.0,False,87
2026-05-06,98,98,temperature-extremes-power-demand-spike-utility-boost,crazy,Temperature Extremes Power Demand Spike Utility Boost,0.0,7.71,-7.71,100000.0,False,79
2026-05-06,99,99,temperature-shock-energy-demand-flip,crazy,Temperature Shock Energy Demand Flip,0.0,7.71,-7.71,100000.0,False,82
2026-05-06,100,100,tsa,crazy,TSA Body Count,0.0,7.71,-7.71,100000.0,False,93
2026-05-06,101,101,twitter-sentiment-spike,crazy,Twitter Sentiment Spike,0.0,7.71,-7.71,100000.0,False,93
2026-05-06,102,102,utilities-sector-weekly-temperature-drop-signal,crazy,Utilities Sector Weekly Temperature Drop Signal,0.0,7.71,-7.71,100000.0,False,91
2026-05-06,103,103,utility-power-grid-stress,crazy,Utility Power Grid Stress,0.0,7.71,-7.71,100000.0,False,91
2026-05-06,104,104,volatility-spike-follow-through,crazy,Volatility Spike Follow-Through,0.0,7.71,-7.71,100000.0,False,93
2026-05-06,105,105,weather-disruption-ripple-effects,crazy,Weather Disruption Ripple Effects,0.0,7.71,-7.71,100000.0,False,91
2026-05-06,106,106,weather-volatility-spike,crazy,Weather Volatility Spike,0.0,7.71,-7.71,100000.0,False,93
2026-05-06,107,107,weather-windfall,crazy,Weather Windfall,0.0,7.71,-7.71,100000.0,False,89
2026-05-06,108,108,weekly-google-trends-spike-for-diy-electronics-repair-signal,crazy,Weekly Google Trends Spike For Diy Electronics Repair Signals Bullish Tech Sector,0.0,7.71,-7.71,100000.0,False,71
2026-05-06,109,109,weekly-google-trends-surge-for-diy-roof-repair-searches-sign,crazy,Weekly Google Trends Surge For Diy Roof Repair Searches Signals Consumer Stress Impacting Xli,0.0,7.71,-7.71,100000.0,False,71
2026-05-06,110,110,weekly-google-trends-surge-for-home-pest-control-searches-si,crazy,Weekly Google Trends Surge For Home Pest Control Searches Signals Consumer Stress Boosting Staples,0.0,7.71,-7.71,100000.0,False,71
2026-05-06,111,111,weekly-google-trends-surge-for-used-truck-purchase-searches-,crazy,Weekly Google Trends Surge For Used Truck Purchase Searches Signals Bullish Freight Logistics,0.0,7.71,-7.71,100000.0,False,71
2026-05-06,112,112,weekly-google-trends-surge-in-searches-for-home-solar-instal,crazy,Weekly Google Trends Surge In Searches For Home Solar Installation Financing Signals Xle Bullish,0.0,7.71,-7.71,100000.0,False,71
2026-05-06,113,113,weekly-increase-in-google-trends-searches-for-bulk-shipping-,crazy,Weekly Increase In Google Trends Searches For Bulk Shipping Delay Signals Bearish Xlb,0.0,7.71,-7.71,100000.0,False,79
2026-05-06,114,114,weekly-rise-in-google-trends-searches-for-gas-price-protest-,crazy,Weekly Rise In Google Trends Searches For Gas Price Protest Signals Bearish Xle,0.0,7.71,-7.71,100000.0,False,79
2026-05-06,115,115,weekly-surge-in-google-trends-for-diy-solar-panel-repair-sig,crazy,Weekly Surge In Google Trends For Diy Solar Panel Repair Signals Green Energy Sector Rebound,0.0,7.71,-7.71,100000.0,False,72
2026-05-06,116,116,weekly-surge-in-google-trends-for-home-heating-oil-shortage-,crazy,Weekly Surge In Google Trends For Home Heating Oil Shortage Signals Bullish Xle,0.0,7.71,-7.71,100000.0,False,73
2026-05-06,117,117,weekly-surge-in-google-trends-for-hotel-room-shortage-signal,crazy,Weekly Surge In Google Trends For Hotel Room Shortage Signals Travel Sector Tightness,0.0,7.71,-7.71,100000.0,False,75
2026-05-06,118,118,weekly-surge-in-google-trends-searches-for-home-improvement-,crazy,Weekly Surge In Google Trends Searches For Home Improvement Loan Signals Consumer Stress Lifting Xly,0.0,7.71,-7.71,100000.0,False,79
2026-05-06,119,119,weekly-surge-in-openchargemap-ev-charger-installations-signa,crazy,Weekly Surge In Openchargemap Ev Charger Installations Signals Bullish Xlc,0.0,7.71,-7.71,100000.0,False,81
2026-05-06,120,120,work-from-home-frenzy,crazy,Work From Home Frenzy,0.0,7.71,-7.71,100000.0,False,91
2026-05-06,121,121,xlb-daily-volatility-contraction-breakout,crazy,Xlb Daily Volatility Contraction Breakout,0.0,7.71,-7.71,100000.0,False,89
2026-05-06,122,122,xlu-weekly-cold-snap-weather-correlation,crazy,Xlu Weekly Cold Snap Weather Correlation,0.0,7.71,-7.71,100000.0,False,89
2026-05-06,123,123,xlv-google-trends-flu-search-spike,crazy,Xlv Google Trends Flu Search Spike,0.0,7.71,-7.71,100000.0,False,89
2026-05-06,124,124,yelp-closure-velocity,crazy,Yelp Closure Velocity,0.0,7.71,-7.71,100000.0,False,84
2026-05-06,125,125,yield-curve-regime,crazy,Yield Curve Regime,0.0,7.71,-7.71,100000.0,False,93
2026-05-06,126,126,weekly-google-trends-surge-in-diy-electronics-repair-signals,crazy,Weekly Google Trends Surge In Diy Electronics Repair Signals Tech Consumer Stress Lift,-0.01,7.71,-7.72,99989.2,False,75
2026-05-06,127,127,weekly-google-trends-surge-in-energy-bill-shock-signals-cons,crazy,Weekly Google Trends Surge In Energy Bill Shock Signals Consumer Stress Impacting Utilities,-0.01,7.71,-7.72,99990.05,False,75
2026-05-06,128,128,weekly-google-trends-surge-in-home-energy-bill-shock-signals,crazy,Weekly Google Trends Surge In Home Energy Bill Shock Signals Bullish Utilities,-0.01,7.71,-7.72,99990.05,False,74
2026-05-06,129,130,daily-spike-in-google-trends-for-home-air-purifier-repair-si,crazy,Daily Spike In Google Trends For Home Air Purifier Repair Signals Consumer Stress Rebound In Discretionary Sector,-0.02,7.71,-7.73,99979.84,False,72
2026-05-06,130,131,daily-spike-in-rss-news-counts-around-labor-union-contract-n,crazy,Daily Spike In Rss News Counts Around Labor Union Contract Negotiation Signals Bearish Xlf,-0.02,7.71,-7.73,99982.53,False,79
2026-05-06,131,132,google-trends-surge-in-luxury-good-searches,crazy,Google Trends Surge In Luxury Good Searches,-0.02,7.71,-7.73,99979.84,False,71
2026-05-06,132,133,weekly-google-trends-surge-in-home-appliance-repair-searches,crazy,Weekly Google Trends Surge In Home Appliance Repair Searches Signals Bullish Consumer Discretionary,-0.02,7.71,-7.73,99982.54,False,74
2026-05-06,133,134,weekly-surge-in-google-trends-searches-for-commuting-strike-,crazy,Weekly Surge In Google Trends Searches For Commuting Strike Signals Bearish Xly,-0.02,7.71,-7.73,99976.23,False,79
2026-05-06,134,129,weekly-surge-in-job-postings-for-warehouse-workers-signals-b,crazy,Weekly Surge In Job Postings For Warehouse Workers Signals Bullish Xli,-0.02,7.71,-7.72,99984.48,False,79
2026-05-06,135,135,consumer-discretionary-google-trends-surge-for-sale-keywords,crazy,Consumer Discretionary Google Trends Surge For Sale Keywords,-0.04,7.71,-7.75,99960.96,False,87
2026-05-06,136,136,real-estate-sector-weekly-google-trends-home-buying-surge,crazy,Real Estate Sector Weekly Google Trends Home Buying Surge,-0.05,7.71,-7.75,99954.77,False,91
2026-05-06,137,137,eia-electricity-demand-shock-rebound-spread,crazy,Eia Electricity Demand Shock Rebound Spread,-0.06,7.71,-7.77,99940.31,False,72
2026-05-06,138,138,weekly-surge-in-google-trends-for-diy-electronics-repair-sig,crazy,Weekly Surge In Google Trends For Diy Electronics Repair Signals Bullish Xlk,-0.06,7.71,-7.77,99935.24,False,73
2026-05-06,139,139,healthcare-sector-google-trends-spike-in-flu-symptoms,crazy,Healthcare Sector Google Trends Spike In Flu Symptoms,-0.08,7.71,-7.79,99917.38,False,87
2026-05-06,140,140,bank-stress-index-volatility-fear-crush-reversal,crazy,Bank Stress Index Volatility Fear Crush Reversal,-0.09,7.71,-7.8,99910.26,False,79
2026-05-06,141,141,financial-sector-volatility-crush-trade,crazy,Financial Sector Volatility Crush Trade,-0.09,7.71,-7.8,99910.26,False,74
2026-05-06,142,142,retail-roulette,crazy,Retail Roulette,-0.09,7.71,-7.8,99913.43,False,89
2026-05-06,143,143,rss-news-volume-spike-on-food-supply-chain-disruptions,crazy,Rss News Volume Spike On Food Supply Chain Disruptions,-0.09,7.71,-7.8,99912.6,False,71
2026-05-06,144,144,xlu-daily-electricity-demand-surge,crazy,Xlu Daily Electricity Demand Surge,-0.1,7.71,-7.81,99898.68,False,89
2026-05-06,145,145,daily-spike-in-rss-news-counts-mentioning-politician-insider,crazy,Daily Spike In Rss News Counts Mentioning Politician Insider Buying Tech Stock Signals Bullish Xlk,-0.11,7.71,-7.82,99886.48,False,79
2026-05-06,146,146,weekly-google-trends-spike-for-diy-car-repair-signals-bullis,crazy,Weekly Google Trends Spike For Diy Car Repair Signals Bullish Xly,-0.11,7.71,-7.82,99892.81,False,76
2026-05-06,147,147,attention-sentiment-spike-daily-surge-in-news-rss-counts-men,crazy,Attention Sentiment Spike Daily Surge In News Rss Counts Mentioning Cyberattack Triggers Bullish Xlc,-0.12,7.71,-7.83,99883.35,False,81
2026-05-06,148,148,daily-spike-in-rss-counts-for-cybersecurity-breach-news-trig,crazy,Daily Spike In Rss Counts For Cybersecurity Breach News Triggers Bearish Xlk,-0.13,7.71,-7.84,99869.15,False,79
2026-05-06,149,150,utilities-sector-negative-price-gap-fill,crazy,Utilities Sector Negative Price Gap Fill,-0.13,7.71,-7.84,99869.36,False,87
2026-05-06,150,151,xlb-weekly-rss-news-count-spike-on-commodity-shortage,crazy,Xlb Weekly Rss News Count Spike On Commodity Shortage,-0.13,7.71,-7.84,99865.34,False,89
2026-05-06,151,152,electricity-enlightenment,crazy,Electricity Enlightenment,-0.14,7.71,-7.85,99857.33,False,89
2026-05-06,152,153,seismic-activity-construction-halt-signal,crazy,Seismic Activity Construction Halt Signal,-0.14,7.71,-7.85,99861.92,False,82
2026-05-06,153,149,tremor-tension,crazy,Tremor Tension,-0.14,7.71,-7.84,99864.21,False,89
2026-05-06,154,154,weekly-spike-in-google-trends-for-home-cooling-failure-signa,crazy,Weekly Spike In Google Trends For Home Cooling Failure Signals Bearish Xlu,-0.14,7.71,-7.85,99856.49,False,79
2026-05-06,155,155,oil-price-momentum-reversal-energy-sector-bounce,crazy,Oil Price Momentum Reversal Energy Sector Bounce,-0.15,7.71,-7.86,99849.11,False,76
2026-05-06,156,156,news-sentiment-rotation-fade-trade,crazy,News Sentiment Rotation Fade Trade,-0.16,7.71,-7.87,99841.42,False,82
2026-05-06,157,157,industrial-sector-weekly-earthquake-activity-correlation-dip,crazy,Industrial Sector Weekly Earthquake Activity Correlation Dip,-0.19,7.71,-7.9,99813.1,False,87
2026-05-06,158,158,google-gusts,crazy,Google Gusts,-0.2,7.71,-7.91,99795.62,False,89
2026-05-06,159,159,wage-growth-demand-surge-fast-food-google-trends,crazy,Wage Growth Demand Surge Fast Food Google Trends,-0.2,7.71,-7.91,99799.52,False,75
2026-05-06,160,160,weekly-google-trends-surge-in-fast-food-job-openings-signals,crazy,Weekly Google Trends Surge In Fast Food Job Openings Signals Bullish Consumer Discretionary,-0.2,7.71,-7.91,99801.8,False,74
2026-05-06,161,161,daily-spike-in-daily-earthquake-activity-near-major-logistic,crazy,Daily Spike In Daily Earthquake Activity Near Major Logistics Hubs Signals Bearish Xli,-0.22,7.71,-7.93,99775.64,False,79
2026-05-06,162,162,weekly-surge-in-google-trends-searches-for-city-water-outage,crazy,Weekly Surge In Google Trends Searches For City Water Outage Signals Bearish Xlre,-0.22,7.71,-7.93,99773.32,False,79
2026-05-06,163,163,weekly-rise-in-google-trends-interest-for-food-delivery-dela,crazy,Weekly Rise In Google Trends Interest For Food Delivery Delay Signals Bearish Xlp,-0.23,7.71,-7.94,99768.27,False,79
2026-05-06,164,164,weekly-surge-in-google-trends-for-inflation-hedge-gold-signa,crazy,Weekly Surge In Google Trends For Inflation Hedge Gold Signals Bullish Xlb,-0.29,7.71,-8.0,99696.68,False,76
2026-05-06,165,165,grocery-store-foot-traffic-collapse-signal,crazy,Grocery Store Foot Traffic Collapse Signal,-0.33,7.71,-8.03,99673.9,False,82
2026-05-06,166,166,xle-weekly-drawdown-rebound-signal,crazy,Xle Weekly Drawdown Rebound Signal,-0.33,7.71,-8.04,99667.3,False,89
2026-05-06,167,167,healthcare-cost-shock-google-search-spike,crazy,Healthcare Cost Shock Google Search Spike,-0.37,7.71,-8.08,99617.84,False,82
2026-05-06,168,168,xlc-weekly-google-trends-surge-in-5g-rollout,crazy,Xlc Weekly Google Trends Surge In 5g Rollout,-0.41,7.71,-8.12,99592.39,False,89
2026-05-06,169,169,daily-spike-in-google-trends-for-emergency-plumbing-repair-s,crazy,Daily Spike In Google Trends For Emergency Plumbing Repair Signals Consumer Stress Rebound Benefiting Discretionary Sector,-0.42,7.71,-8.13,99572.85,False,72
2026-05-06,170,170,liquor,crazy,Liquor Store Leading Indicator,-0.52,7.71,-8.23,99480.33,False,93
2026-05-06,171,171,healthcare-cost-google-trends-acceleration-index,crazy,Healthcare Cost Google Trends Acceleration Index,-0.53,7.71,-8.24,99466.5,False,71
2026-05-06,172,172,daily-jump-in-google-trends-searches-for-home-water-heater-r,crazy,Daily Jump In Google Trends Searches For Home Water Heater Repair Signals Consumer Stress Lifting Xly,-0.61,7.71,-8.32,99385.03,False,73
2026-05-06,173,173,weekly-surge-in-google-trends-searches-for-diy-home-repair-s,crazy,Weekly Surge In Google Trends Searches For Diy Home Repair Signals Consumer Stress Lifting Xly,-0.78,7.71,-8.49,99220.52,False,81
2026-05-06,174,174,electricity-consumption,crazy,Electricity Consumption,-1.26,7.71,-8.96,98744.09,False,93
2026-05-06,175,175,biscotti,crazy,Algo Biscotti (Unconditional Loyalty),-2.67,7.71,-10.37,97334.87,False,93
2026-05-06,176,176,vix-term-structure,crazy,VIX Term Structure,-2.84,7.71,-10.55,97162.74,False,84
2026-05-06,177,177,biscotti,normal,Algo Biscotti (Unconditional Loyalty),-2.97,7.71,-10.68,97032.09,False,94
2026-05-06,178,178,vix-fear-rotation,crazy,VIX Fear Rotation,-4.56,7.71,-12.27,95442.46,False,84
2026-05-06,179,179,baileymol,crazy,Chaos Rotation Lab,-5.59,7.71,-13.3,94410.21,False,93
2026-05-07,1,1,baileymol,normal,Algo Baileymol (Chaos Monger),6.41,7.38,-0.97,106409.66,False,95
2026-05-07,2,2,simple_monthly,normal,Quantified Simple Monthly Rotation,6.38,7.38,-1.0,106378.13,False,95
2026-05-07,3,3,dmsr,normal,Antonacci Dual Momentum Sector Rotation,3.94,7.38,-3.44,103935.04,False,95
2026-05-07,4,4,faber,normal,Faber Momentum Rotation,3.89,7.38,-3.49,103891.05,False,95
2026-05-07,5,5,uber-mobility,crazy,Uber Mobility Index,2.99,7.38,-4.39,102990.64,False,94
2026-05-07,6,6,retail-sales-momentum,crazy,Retail Sales Momentum,2.98,7.38,-4.4,102980.55,False,94
2026-05-07,7,7,job-posting-acceleration,crazy,Job Posting Acceleration,1.37,7.38,-6.0,101374.58,False,94
2026-05-07,8,8,insider-trading-signals,crazy,Insider Trading Signals,0.69,7.38,-6.69,100689.89,False,94
2026-05-07,9,9,freight-rail-carloads,crazy,Freight Rail Carloads,0.28,7.38,-7.09,100284.76,False,94
2026-05-07,10,10,truck-tonnage,crazy,Truck Tonnage Index,0.25,7.38,-7.13,100249.83,False,94
2026-05-07,11,11,finra-dark-pool-signal,crazy,FINRA Dark Pool Signal,0.18,7.38,-7.19,100183.81,False,85
2026-05-07,12,12,earthquake-aftershock-insurance-claims-spike,crazy,Earthquake Aftershock Insurance Claims Spike,0.07,7.38,-7.31,100070.66,False,72
2026-05-07,13,13,recession-whisper-google-trends-unemployment-search-surge,crazy,Recession Whisper Google Trends Unemployment Search Surge,0.07,7.38,-7.31,100072.76,False,76
2026-05-07,14,14,weekly-surge-in-google-trends-searches-for-diy-electronics-r,crazy,Weekly Surge In Google Trends Searches For Diy Electronics Repair Signals Bullish Xlk,0.06,7.38,-7.32,100055.89,False,80
2026-05-07,15,15,earthquake-aftershock-amplifier,crazy,Earthquake Aftershock Amplifier,0.05,7.38,-7.33,100047.52,False,88
2026-05-07,16,16,google-trends-surge-in-used-car-price-searches,crazy,Google Trends Surge In Used Car Price Searches,0.04,7.38,-7.34,100038.19,False,74
2026-05-07,17,17,price-momentum-reversion-in-defensive-sectors-after-tech-cra,crazy,Price Momentum Reversion In Defensive Sectors After Tech Crash,0.04,7.38,-7.34,100035.61,False,73
2026-05-07,18,18,weekly-spike-in-google-trends-searches-for-warehouse-automat,crazy,Weekly Spike In Google Trends Searches For Warehouse Automation Failure Signals Bearish Xli,0.04,7.38,-7.34,100039.42,False,80
2026-05-07,19,19,weekly-surge-in-google-trends-for-diy-plumbing-repair-signal,crazy,Weekly Surge In Google Trends For Diy Plumbing Repair Signals Consumer Stress Rebound,0.04,7.38,-7.34,100035.8,False,76
2026-05-07,20,20,materials-sector-weekly-positive-correlation-breakdown-with-,crazy,Materials Sector Weekly Positive Correlation Breakdown With Xlb,0.03,7.38,-7.35,100025.87,False,88
2026-05-07,21,22,daily-spike-in-usgs-earthquake-activity-near-key-industrial-,crazy,Daily Spike In Usgs Earthquake Activity Near Key Industrial Hubs,0.02,7.38,-7.36,100015.96,False,67
2026-05-07,22,23,semiconductor-moonshot-warning,crazy,Semiconductor Moonshot Warning,0.02,7.38,-7.36,100015.46,False,88
2026-05-07,23,21,staples-sector-drawdown-rapid-recovery,crazy,Staples Sector Drawdown Rapid Recovery,0.02,7.38,-7.35,100024.7,False,88
2026-05-07,24,24,airline-load-factor,crazy,Airline Load Factor Proxy,0.0,7.38,-7.38,100000.0,False,94
2026-05-07,25,25,airport-security-surge,crazy,Airport Security Surge,0.0,7.38,-7.38,100000.0,False,92
2026-05-07,26,26,airport-shopping-spree,crazy,Airport Shopping Spree,0.0,7.38,-7.38,100000.0,False,94
2026-05-07,27,27,bankruptcy-filing-rate,crazy,Bankruptcy Filing Rate,0.0,7.38,-7.38,100000.0,False,94
2026-05-07,28,28,calls311,crazy,311 Call Rotation,0.0,7.38,-7.38,100000.0,False,94
2026-05-07,29,29,cardboard,crazy,Cardboard Box Index,0.0,7.38,-7.38,100000.0,False,94
2026-05-07,30,30,cloud-storage-demand-surge,crazy,Cloud Storage Demand Surge,0.0,7.38,-7.38,100000.0,False,94
2026-05-07,31,31,congress,crazy,Congress Trading Fade,0.0,7.38,-7.38,100000.0,False,94
2026-05-07,32,32,consumer-sentiment,crazy,Consumer Sentiment,0.0,7.38,-7.38,100000.0,False,94
2026-05-07,33,33,craigslist,crazy,Craigslist Desperation Index,0.0,7.38,-7.38,100000.0,False,94
2026-05-07,34,34,credit-card-delinquency,crazy,Credit Card Delinquency,0.0,7.38,-7.38,100000.0,False,94
2026-05-07,35,35,crypto-capitulation-countdown,crazy,Crypto Capitulation Countdown,0.0,7.38,-7.38,100000.0,False,88
2026-05-07,36,36,crypto-derivative-arbitrage,crazy,Crypto Derivative Arbitrage,0.0,7.38,-7.38,100000.0,False,94
2026-05-07,37,37,daily-jump-in-google-trends-for-solar-panel-repair-searches-,crazy,Daily Jump In Google Trends For Solar Panel Repair Searches Signals Green Energy Sector Rebound,0.0,7.38,-7.38,100000.0,False,72
2026-05-07,38,38,daily-spike-in-ev-charger-installations-signals-bullish-xlc,crazy,Daily Spike In Ev Charger Installations Signals Bullish Xlc,0.0,7.38,-7.38,100000.0,False,77
2026-05-07,39,39,daily-spike-in-freight-logistics-rss-news-volume-mentioning-,crazy,Daily Spike In Freight Logistics Rss News Volume Mentioning Port Labor Strike Triggers Bearish Xli,0.0,7.38,-7.38,100000.0,False,80
2026-05-07,40,40,daily-spike-in-google-trends-for-emergency-vehicle-repair-si,crazy,Daily Spike In Google Trends For Emergency Vehicle Repair Signals Consumer Stress Lifting Industrial Sector,0.0,7.38,-7.38,100000.0,False,73
2026-05-07,41,41,daily-spike-in-google-trends-searches-for-airline-flight-del,crazy,Daily Spike In Google Trends Searches For Airline Flight Delay Compensation,0.0,7.38,-7.38,100000.0,False,67
2026-05-07,42,42,daily-spike-in-google-trends-searches-for-emergency-car-batt,crazy,Daily Spike In Google Trends Searches For Emergency Car Battery Replacement Signals Consumer Stress Impacting Discretionary,0.0,7.38,-7.38,100000.0,False,72
2026-05-07,43,43,daily-surge-in-google-trends-searches-for-home-heating-syste,crazy,Daily Surge In Google Trends Searches For Home Heating System Failure Signals Consumer Stress Impacting Utilities,0.0,7.38,-7.38,100000.0,False,73
2026-05-07,44,44,earthquake-energy-demand,crazy,Earthquake Energy Demand Indicator,0.0,7.38,-7.38,100000.0,False,94
2026-05-07,45,45,electric-vehicle-charge-station-density,crazy,Electric Vehicle Charge Station Density,0.0,7.38,-7.38,100000.0,False,94
2026-05-07,46,46,electricity-demand-spike-weather-anomaly,crazy,Electricity Demand Spike Weather Anomaly,0.0,7.38,-7.38,100000.0,False,74
2026-05-07,47,47,energy-sector-sudden-weekly-volatility-spike,crazy,Energy Sector Sudden Weekly Volatility Spike,0.0,7.38,-7.38,100000.0,False,85
2026-05-07,48,48,energy-sector-weekly-drawdown-exhaustion,crazy,Energy Sector Weekly Drawdown Exhaustion,0.0,7.38,-7.38,100000.0,False,88
2026-05-07,49,49,ev-charger-density-saturation-play,crazy,Ev Charger Density Saturation Play,0.0,7.38,-7.38,100000.0,False,83
2026-05-07,50,50,ev-charger-expansion-frenzy,crazy,Ev Charger Expansion Frenzy,0.0,7.38,-7.38,100000.0,False,74
2026-05-07,51,51,ev-charger-expansion-momentum-surge,crazy,Ev Charger Expansion Momentum Surge,0.0,7.38,-7.38,100000.0,False,67
2026-05-07,52,52,ev-charger-installation-acceleration-play,crazy,Ev Charger Installation Acceleration Play,0.0,7.38,-7.38,100000.0,False,75
2026-05-07,53,53,ev-charger-network-density-surge-bullish-signal,crazy,Ev Charger Network Density Surge Bullish Signal,0.0,7.38,-7.38,100000.0,False,77
2026-05-07,54,54,ev-charger-network-expansion-acceleration,crazy,Ev Charger Network Expansion Acceleration,0.0,7.38,-7.38,100000.0,False,72
2026-05-07,55,55,ev-charger-network-expansion-sprint-demand-surge,crazy,Ev Charger Network Expansion Sprint Demand Surge,0.0,7.38,-7.38,100000.0,False,80
2026-05-07,56,56,ev-charger-network-expansion-velocity-surge,crazy,Ev Charger Network Expansion Velocity Surge,0.0,7.38,-7.38,100000.0,False,73
2026-05-07,57,57,ev-charging-boom,crazy,Ev Charging Boom,0.0,7.38,-7.38,100000.0,False,92
2026-05-07,58,58,ev-charging-station-stampede,crazy,Ev Charging Station Stampede,0.0,7.38,-7.38,100000.0,False,88
2026-05-07,59,59,ev-euphoria,crazy,Ev Euphoria,0.0,7.38,-7.38,100000.0,False,90
2026-05-07,60,60,financial-sector-momentum-divergence-with-spy,crazy,Financial Sector Momentum Divergence With Spy,0.0,7.38,-7.38,100000.0,False,88
2026-05-07,61,61,fintech-disruption-wave,crazy,Fintech Disruption Wave,0.0,7.38,-7.38,100000.0,False,92
2026-05-07,62,62,glassdoor,crazy,Glassdoor Misery Gradient,0.0,7.38,-7.38,100000.0,False,94
2026-05-07,63,63,global-tech-earnings-momentum,crazy,Global Tech Earnings Momentum,0.0,7.38,-7.38,100000.0,False,92
2026-05-07,64,64,gold-volatility-vol-of-vol-spike,crazy,Gold Volatility Vol-of-vol Spike,0.0,7.38,-7.38,100000.0,False,75
2026-05-07,65,65,google-trends-surge-in-flight-delay-complaints,crazy,Google Trends Surge In Flight Delay Complaints,0.0,7.38,-7.38,100000.0,False,73
2026-05-07,66,66,healthcare-cost-shock-google-trends-spike,crazy,Healthcare Cost Shock Google Trends Spike,0.0,7.38,-7.38,100000.0,False,74
2026-05-07,67,67,high-yield-spread-regime,crazy,High Yield Spread Regime,0.0,7.38,-7.38,100000.0,False,94
2026-05-07,68,68,linkedin,crazy,LinkedIn Layoff Propagation,0.0,7.38,-7.38,100000.0,False,94
2026-05-07,69,69,lumber-futures-rollercoaster,crazy,Lumber Futures Rollercoaster,0.0,7.38,-7.38,100000.0,False,88
2026-05-07,70,70,materials-sector-weekly-volatility-contraction-breakout,crazy,Materials Sector Weekly Volatility Contraction Breakout,0.0,7.38,-7.38,100000.0,False,85
2026-05-07,71,71,misery-rotation,crazy,Misery Rotation,0.0,7.38,-7.38,100000.0,False,94
2026-05-07,72,72,mortgage-refinance-wave-google-trends-surge,crazy,Mortgage Refinance Wave Google Trends Surge,0.0,7.38,-7.38,100000.0,False,75
2026-05-07,73,73,online-ad-impression-volatility,crazy,Online Ad Impression Volatility Trader,0.0,7.38,-7.38,100000.0,False,94
2026-05-07,74,74,patent-filing-velocity,crazy,Patent Filing Velocity,0.0,7.38,-7.38,100000.0,False,85
2026-05-07,75,75,pet-food-supply-chain,crazy,Pet Food Supply Chain Disruption,0.0,7.38,-7.38,100000.0,False,94
2026-05-07,76,76,port-congestion-squeeze,crazy,Port Congestion Squeeze,0.0,7.38,-7.38,100000.0,False,92
2026-05-07,77,77,port-container-volume,crazy,Port Container Volume,0.0,7.38,-7.38,100000.0,False,94
2026-05-07,78,78,reddit-emoji-sentiment-spike,crazy,Reddit Emoji Sentiment Spike,0.0,7.38,-7.38,100000.0,False,94
2026-05-07,79,79,reddit-gaming-thread-spike,crazy,Reddit Gaming Thread Spike,0.0,7.38,-7.38,100000.0,False,94
2026-05-07,80,80,reddit-mentions-volatility-spike,crazy,Reddit Mentions Volatility Spike,0.0,7.38,-7.38,100000.0,False,94
2026-05-07,81,81,reddit-sentiment-spike-trend,crazy,Reddit Sentiment Spike Trend,0.0,7.38,-7.38,100000.0,False,94
2026-05-07,82,82,reddit-sentiment-spike,crazy,Reddit Sentiment Spike,0.0,7.38,-7.38,100000.0,False,94
2026-05-07,83,83,reddit-sentiment-volatility-spike,crazy,Reddit Sentiment Volatility Spike,0.0,7.38,-7.38,100000.0,False,94
2026-05-07,84,84,reddit-subreddit-mention-spike,crazy,Reddit Subreddit Mention Spike,0.0,7.38,-7.38,100000.0,False,94
2026-05-07,85,85,reddit-subreddit-sentiment-spike,crazy,Reddit Subreddit Sentiment Spike,0.0,7.38,-7.38,100000.0,False,94
2026-05-07,86,86,reddit-subreddit-surge-momentum,crazy,Reddit Subreddit Surge Momentum,0.0,7.38,-7.38,100000.0,False,94
2026-05-07,87,87,reddit-volatility-spike,crazy,Reddit Volatility Spike,0.0,7.38,-7.38,100000.0,False,94
2026-05-07,88,88,rental-car-shortage-volatility-spike,crazy,Rental Car Shortage Volatility Spike,0.0,7.38,-7.38,100000.0,False,83
2026-05-07,89,89,residential-real-estate-search-momentum-rotation,crazy,Residential Real Estate Search Momentum Rotation,0.0,7.38,-7.38,100000.0,False,67
2026-05-07,90,90,retail-rush-ahead-of-holidays,crazy,Retail Rush Ahead Of Holidays,0.0,7.38,-7.38,100000.0,False,92
2026-05-07,91,91,rss-roar,crazy,Rss Roar,0.0,7.38,-7.38,100000.0,False,90
2026-05-07,92,92,shipping-container-squeeze-play,crazy,Shipping Container Squeeze Play,0.0,7.38,-7.38,100000.0,False,83
2026-05-07,93,93,small-business-formation,crazy,Small Business Formation,0.0,7.38,-7.38,100000.0,False,94
2026-05-07,94,94,social-media-sentiment-spike,crazy,Social Media Sentiment Spike,0.0,7.38,-7.38,100000.0,False,94
2026-05-07,95,95,solar-storm-scorcher,crazy,Solar Storm Scorcher,0.0,7.38,-7.38,100000.0,False,88
2026-05-07,96,96,superbowl-futures-trade,crazy,Superbowl Futures Trade,0.0,7.38,-7.38,100000.0,False,94
2026-05-07,97,97,technology-sector-daily-ev-charger-count-surge,crazy,Technology Sector Daily Ev Charger Count Surge,0.0,7.38,-7.38,100000.0,False,88
2026-05-07,98,98,temperature-extremes-power-demand-spike-utility-boost,crazy,Temperature Extremes Power Demand Spike Utility Boost,0.0,7.38,-7.38,100000.0,False,80
2026-05-07,99,99,temperature-shock-energy-demand-flip,crazy,Temperature Shock Energy Demand Flip,0.0,7.38,-7.38,100000.0,False,83
2026-05-07,100,100,tsa,crazy,TSA Body Count,0.0,7.38,-7.38,100000.0,False,94
2026-05-07,101,101,twitter-sentiment-spike,crazy,Twitter Sentiment Spike,0.0,7.38,-7.38,100000.0,False,94
2026-05-07,102,102,utilities-sector-weekly-temperature-drop-signal,crazy,Utilities Sector Weekly Temperature Drop Signal,0.0,7.38,-7.38,100000.0,False,92
2026-05-07,103,103,utility-power-grid-stress,crazy,Utility Power Grid Stress,0.0,7.38,-7.38,100000.0,False,92
2026-05-07,104,104,volatility-spike-follow-through,crazy,Volatility Spike Follow-Through,0.0,7.38,-7.38,100000.0,False,94
2026-05-07,105,105,weather-disruption-ripple-effects,crazy,Weather Disruption Ripple Effects,0.0,7.38,-7.38,100000.0,False,92
2026-05-07,106,106,weather-volatility-spike,crazy,Weather Volatility Spike,0.0,7.38,-7.38,100000.0,False,94
2026-05-07,107,107,weather-windfall,crazy,Weather Windfall,0.0,7.38,-7.38,100000.0,False,90
2026-05-07,108,108,weekly-google-trends-spike-for-diy-electronics-repair-signal,crazy,Weekly Google Trends Spike For Diy Electronics Repair Signals Bullish Tech Sector,0.0,7.38,-7.38,100000.0,False,72
2026-05-07,109,109,weekly-google-trends-spike-for-small-business-loan-default-s,crazy,Weekly Google Trends Spike For Small Business Loan Default Searches,0.0,7.38,-7.38,100000.0,False,67
2026-05-07,110,110,weekly-google-trends-spike-in-searches-for-food-supply-chain,crazy,Weekly Google Trends Spike In Searches For Food Supply Chain Disruptions,0.0,7.38,-7.38,100000.0,False,67
2026-05-07,111,111,weekly-google-trends-surge-for-diy-roof-repair-searches-sign,crazy,Weekly Google Trends Surge For Diy Roof Repair Searches Signals Consumer Stress Impacting Xli,0.0,7.38,-7.38,100000.0,False,72
2026-05-07,112,112,weekly-google-trends-surge-for-home-pest-control-searches-si,crazy,Weekly Google Trends Surge For Home Pest Control Searches Signals Consumer Stress Boosting Staples,0.0,7.38,-7.38,100000.0,False,72
2026-05-07,113,113,weekly-google-trends-surge-for-used-truck-purchase-searches-,crazy,Weekly Google Trends Surge For Used Truck Purchase Searches Signals Bullish Freight Logistics,0.0,7.38,-7.38,100000.0,False,72
2026-05-07,114,114,weekly-google-trends-surge-in-searches-for-diesel-fuel-price,crazy,Weekly Google Trends Surge In Searches For Diesel Fuel Price Increase,0.0,7.38,-7.38,100000.0,False,67
2026-05-07,115,115,weekly-google-trends-surge-in-searches-for-home-solar-instal,crazy,Weekly Google Trends Surge In Searches For Home Solar Installation Financing Signals Xle Bullish,0.0,7.38,-7.38,100000.0,False,72
2026-05-07,116,116,weekly-google-trends-surge-in-searches-for-truck-driver-shor,crazy,Weekly Google Trends Surge In Searches For Truck Driver Shortage,0.0,7.38,-7.38,100000.0,False,67
2026-05-07,117,117,weekly-increase-in-google-trends-searches-for-bulk-shipping-,crazy,Weekly Increase In Google Trends Searches For Bulk Shipping Delay Signals Bearish Xlb,0.0,7.38,-7.38,100000.0,False,80
2026-05-07,118,118,weekly-rise-in-google-trends-searches-for-emergency-hvac-rep,crazy,Weekly Rise In Google Trends Searches For Emergency Hvac Repair,0.0,7.38,-7.38,100000.0,False,67
2026-05-07,119,119,weekly-rise-in-google-trends-searches-for-gas-price-protest-,crazy,Weekly Rise In Google Trends Searches For Gas Price Protest Signals Bearish Xle,0.0,7.38,-7.38,100000.0,False,80
2026-05-07,120,120,weekly-surge-in-google-trends-for-diy-solar-panel-repair-sig,crazy,Weekly Surge In Google Trends For Diy Solar Panel Repair Signals Green Energy Sector Rebound,0.0,7.38,-7.38,100000.0,False,73
2026-05-07,121,121,weekly-surge-in-google-trends-for-home-heating-oil-shortage-,crazy,Weekly Surge In Google Trends For Home Heating Oil Shortage Signals Bullish Xle,0.0,7.38,-7.38,100000.0,False,74
2026-05-07,122,122,weekly-surge-in-google-trends-for-hotel-room-shortage-signal,crazy,Weekly Surge In Google Trends For Hotel Room Shortage Signals Travel Sector Tightness,0.0,7.38,-7.38,100000.0,False,76
2026-05-07,123,123,weekly-surge-in-google-trends-for-job-interview-preparation-,crazy,Weekly Surge In Google Trends For Job Interview Preparation Searches,0.0,7.38,-7.38,100000.0,False,67
2026-05-07,124,124,weekly-surge-in-google-trends-searches-for-diy-bicycle-repai,crazy,Weekly Surge In Google Trends Searches For Diy Bicycle Repair,0.0,7.38,-7.38,100000.0,False,67
2026-05-07,125,125,weekly-surge-in-google-trends-searches-for-home-improvement-,crazy,Weekly Surge In Google Trends Searches For Home Improvement Loan Signals Consumer Stress Lifting Xly,0.0,7.38,-7.38,100000.0,False,80
2026-05-07,126,126,weekly-surge-in-openchargemap-ev-charger-installations-signa,crazy,Weekly Surge In Openchargemap Ev Charger Installations Signals Bullish Xlc,0.0,7.38,-7.38,100000.0,False,82
2026-05-07,127,127,work-from-home-frenzy,crazy,Work From Home Frenzy,0.0,7.38,-7.38,100000.0,False,92
2026-05-07,128,128,xlb-daily-volatility-contraction-breakout,crazy,Xlb Daily Volatility Contraction Breakout,0.0,7.38,-7.38,100000.0,False,90
2026-05-07,129,129,xlu-weekly-cold-snap-weather-correlation,crazy,Xlu Weekly Cold Snap Weather Correlation,0.0,7.38,-7.38,100000.0,False,90
2026-05-07,130,130,xlv-google-trends-flu-search-spike,crazy,Xlv Google Trends Flu Search Spike,0.0,7.38,-7.38,100000.0,False,90
2026-05-07,131,131,yelp-closure-velocity,crazy,Yelp Closure Velocity,0.0,7.38,-7.38,100000.0,False,85
2026-05-07,132,132,yield-curve-regime,crazy,Yield Curve Regime,0.0,7.38,-7.38,100000.0,False,94
2026-05-07,133,134,google-trends-surge-in-luxury-good-searches,crazy,Google Trends Surge In Luxury Good Searches,-0.02,7.38,-7.4,99979.84,False,72
2026-05-07,134,135,weekly-google-trends-surge-in-diy-electronics-repair-signals,crazy,Weekly Google Trends Surge In Diy Electronics Repair Signals Tech Consumer Stress Lift,-0.02,7.38,-7.4,99979.25,False,76
2026-05-07,135,136,weekly-google-trends-surge-in-home-appliance-repair-searches,crazy,Weekly Google Trends Surge In Home Appliance Repair Searches Signals Bullish Consumer Discretionary,-0.02,7.38,-7.4,99982.54,False,75
2026-05-07,136,133,weekly-surge-in-job-postings-for-warehouse-workers-signals-b,crazy,Weekly Surge In Job Postings For Warehouse Workers Signals Bullish Xli,-0.02,7.38,-7.39,99984.48,False,80
2026-05-07,137,137,daily-spike-in-google-trends-for-home-air-purifier-repair-si,crazy,Daily Spike In Google Trends For Home Air Purifier Repair Signals Consumer Stress Rebound In Discretionary Sector,-0.03,7.38,-7.41,99969.89,False,73
2026-05-07,138,138,daily-spike-in-rss-news-counts-around-labor-union-contract-n,crazy,Daily Spike In Rss News Counts Around Labor Union Contract Negotiation Signals Bearish Xlf,-0.03,7.38,-7.41,99972.58,False,80
2026-05-07,139,139,weekly-surge-in-google-trends-searches-for-commuting-strike-,crazy,Weekly Surge In Google Trends Searches For Commuting Strike Signals Bearish Xly,-0.03,7.38,-7.41,99966.28,False,80
2026-05-07,140,140,consumer-discretionary-google-trends-surge-for-sale-keywords,crazy,Consumer Discretionary Google Trends Surge For Sale Keywords,-0.04,7.38,-7.42,99960.96,False,88
2026-05-07,141,141,real-estate-sector-weekly-google-trends-home-buying-surge,crazy,Real Estate Sector Weekly Google Trends Home Buying Surge,-0.05,7.38,-7.42,99954.77,False,92
2026-05-07,142,142,eia-electricity-demand-shock-rebound-spread,crazy,Eia Electricity Demand Shock Rebound Spread,-0.06,7.38,-7.44,99940.31,False,73
2026-05-07,143,143,weekly-surge-in-google-trends-for-diy-electronics-repair-sig,crazy,Weekly Surge In Google Trends For Diy Electronics Repair Signals Bullish Xlk,-0.07,7.38,-7.45,99925.29,False,74
2026-05-07,144,144,daily-spike-in-google-trends-searches-for-electric-vehicle-b,crazy,Daily Spike In Google Trends Searches For Electric Vehicle Battery Replacement,-0.08,7.38,-7.46,99921.33,False,67
2026-05-07,145,145,healthcare-sector-google-trends-spike-in-flu-symptoms,crazy,Healthcare Sector Google Trends Spike In Flu Symptoms,-0.08,7.38,-7.46,99917.38,False,88
2026-05-07,146,146,weekly-google-trends-surge-in-energy-bill-shock-signals-cons,crazy,Weekly Google Trends Surge In Energy Bill Shock Signals Consumer Stress Impacting Utilities,-0.08,7.38,-7.46,99915.28,False,76
2026-05-07,147,147,weekly-google-trends-surge-in-home-energy-bill-shock-signals,crazy,Weekly Google Trends Surge In Home Energy Bill Shock Signals Bullish Utilities,-0.08,7.38,-7.46,99915.28,False,75
2026-05-07,148,148,bank-stress-index-volatility-fear-crush-reversal,crazy,Bank Stress Index Volatility Fear Crush Reversal,-0.09,7.38,-7.47,99910.26,False,80
2026-05-07,149,149,financial-sector-volatility-crush-trade,crazy,Financial Sector Volatility Crush Trade,-0.09,7.38,-7.47,99910.26,False,75
2026-05-07,150,150,retail-roulette,crazy,Retail Roulette,-0.09,7.38,-7.47,99913.43,False,90
2026-05-07,151,151,rss-news-volume-spike-on-food-supply-chain-disruptions,crazy,Rss News Volume Spike On Food Supply Chain Disruptions,-0.1,7.38,-7.48,99902.65,False,72
2026-05-07,152,152,xlu-daily-electricity-demand-surge,crazy,Xlu Daily Electricity Demand Surge,-0.1,7.38,-7.48,99898.68,False,90
2026-05-07,153,154,daily-spike-in-rss-news-counts-mentioning-politician-insider,crazy,Daily Spike In Rss News Counts Mentioning Politician Insider Buying Tech Stock Signals Bullish Xlk,-0.11,7.38,-7.49,99886.48,False,80
2026-05-07,154,155,weekly-google-trends-spike-for-diy-car-repair-signals-bullis,crazy,Weekly Google Trends Spike For Diy Car Repair Signals Bullish Xly,-0.11,7.38,-7.49,99892.81,False,77
2026-05-07,155,153,daily-jump-in-google-trends-searches-for-home-renovation-per,crazy,Daily Jump In Google Trends Searches For Home Renovation Permits,-0.12,7.38,-7.49,99884.41,False,67
2026-05-07,156,156,attention-sentiment-spike-daily-surge-in-news-rss-counts-men,crazy,Attention Sentiment Spike Daily Surge In News Rss Counts Mentioning Cyberattack Triggers Bullish Xlc,-0.13,7.38,-7.5,99874.41,False,82
2026-05-07,157,158,utilities-sector-negative-price-gap-fill,crazy,Utilities Sector Negative Price Gap Fill,-0.13,7.38,-7.51,99869.36,False,88
2026-05-07,158,159,xlb-weekly-rss-news-count-spike-on-commodity-shortage,crazy,Xlb Weekly Rss News Count Spike On Commodity Shortage,-0.13,7.38,-7.51,99865.34,False,90
2026-05-07,159,160,electricity-enlightenment,crazy,Electricity Enlightenment,-0.14,7.38,-7.52,99857.33,False,90
2026-05-07,160,161,seismic-activity-construction-halt-signal,crazy,Seismic Activity Construction Halt Signal,-0.14,7.38,-7.52,99861.92,False,83
2026-05-07,161,157,tremor-tension,crazy,Tremor Tension,-0.14,7.38,-7.51,99864.21,False,90
2026-05-07,162,162,weekly-spike-in-google-trends-for-home-cooling-failure-signa,crazy,Weekly Spike In Google Trends For Home Cooling Failure Signals Bearish Xlu,-0.14,7.38,-7.52,99856.49,False,80
2026-05-07,163,163,daily-spike-in-rss-counts-for-cybersecurity-breach-news-trig,crazy,Daily Spike In Rss Counts For Cybersecurity Breach News Triggers Bearish Xlk,-0.15,7.38,-7.53,99848.96,False,80
2026-05-07,164,164,oil-price-momentum-reversal-energy-sector-bounce,crazy,Oil Price Momentum Reversal Energy Sector Bounce,-0.15,7.38,-7.53,99849.11,False,77
2026-05-07,165,165,daily-jump-in-google-trends-searches-for-emergency-dental-ca,crazy,Daily Jump In Google Trends Searches For Emergency Dental Care,-0.17,7.38,-7.55,99832.34,False,67
2026-05-07,166,166,news-sentiment-rotation-fade-trade,crazy,News Sentiment Rotation Fade Trade,-0.17,7.38,-7.55,99831.63,False,83
2026-05-07,167,167,industrial-sector-weekly-earthquake-activity-correlation-dip,crazy,Industrial Sector Weekly Earthquake Activity Correlation Dip,-0.19,7.38,-7.57,99813.1,False,88
2026-05-07,168,168,wage-growth-demand-surge-fast-food-google-trends,crazy,Wage Growth Demand Surge Fast Food Google Trends,-0.2,7.38,-7.58,99799.52,False,76
2026-05-07,169,169,google-gusts,crazy,Google Gusts,-0.21,7.38,-7.59,99786.69,False,90
2026-05-07,170,170,weekly-google-trends-surge-in-fast-food-job-openings-signals,crazy,Weekly Google Trends Surge In Fast Food Job Openings Signals Bullish Consumer Discretionary,-0.21,7.38,-7.59,99792.0,False,75
2026-05-07,171,171,daily-spike-in-daily-earthquake-activity-near-major-logistic,crazy,Daily Spike In Daily Earthquake Activity Near Major Logistics Hubs Signals Bearish Xli,-0.22,7.38,-7.6,99775.64,False,80
2026-05-07,172,172,weekly-surge-in-google-trends-searches-for-city-water-outage,crazy,Weekly Surge In Google Trends Searches For City Water Outage Signals Bearish Xlre,-0.22,7.38,-7.6,99773.32,False,80
2026-05-07,173,173,weekly-rise-in-google-trends-interest-for-food-delivery-dela,crazy,Weekly Rise In Google Trends Interest For Food Delivery Delay Signals Bearish Xlp,-0.23,7.38,-7.61,99768.27,False,80
2026-05-07,174,174,weekly-surge-in-google-trends-for-inflation-hedge-gold-signa,crazy,Weekly Surge In Google Trends For Inflation Hedge Gold Signals Bullish Xlb,-0.29,7.38,-7.67,99696.68,False,77
2026-05-07,175,175,grocery-store-foot-traffic-collapse-signal,crazy,Grocery Store Foot Traffic Collapse Signal,-0.33,7.38,-7.7,99673.9,False,83
2026-05-07,176,176,housing-permit-velocity,crazy,Housing Permit Velocity,-0.33,7.38,-7.71,99666.04,False,94
2026-05-07,177,177,xle-weekly-drawdown-rebound-signal,crazy,Xle Weekly Drawdown Rebound Signal,-0.33,7.38,-7.71,99667.3,False,90
2026-05-07,178,178,daily-surge-in-google-trends-searches-for-electric-vehicle-c,crazy,Daily Surge In Google Trends Searches For Electric Vehicle Charging Station Outages,-0.35,7.38,-7.73,99651.01,False,67
2026-05-07,179,179,healthcare-cost-shock-google-search-spike,crazy,Healthcare Cost Shock Google Search Spike,-0.37,7.38,-7.75,99617.84,False,83
2026-05-07,180,180,copper-momentum,crazy,Copper Momentum,-0.38,7.38,-7.76,99618.06,False,94
2026-05-07,181,181,mortgage-rate-housing-proxy,crazy,Mortgage Rate Housing Proxy,-0.39,7.38,-7.77,99609.04,False,94
2026-05-07,182,182,xlc-weekly-google-trends-surge-in-5g-rollout,crazy,Xlc Weekly Google Trends Surge In 5g Rollout,-0.41,7.38,-7.79,99592.39,False,90
2026-05-07,183,183,daily-spike-in-google-trends-for-emergency-plumbing-repair-s,crazy,Daily Spike In Google Trends For Emergency Plumbing Repair Signals Consumer Stress Rebound Benefiting Discretionary Sector,-0.42,7.38,-7.8,99572.85,False,73
2026-05-07,184,184,healthcare-cost-google-trends-acceleration-index,crazy,Healthcare Cost Google Trends Acceleration Index,-0.53,7.38,-7.91,99466.5,False,72
2026-05-07,185,185,lumber-momentum,crazy,Lumber Momentum,-0.54,7.38,-7.92,99456.54,False,94
2026-05-07,186,186,daily-jump-in-google-trends-searches-for-home-water-heater-r,crazy,Daily Jump In Google Trends Searches For Home Water Heater Repair Signals Consumer Stress Lifting Xly,-0.61,7.38,-7.99,99385.03,False,74
2026-05-07,187,187,weekly-surge-in-google-trends-searches-for-diy-home-repair-s,crazy,Weekly Surge In Google Trends Searches For Diy Home Repair Signals Consumer Stress Lifting Xly,-0.79,7.38,-8.17,99210.57,False,82
2026-05-07,188,188,liquor,crazy,Liquor Store Leading Indicator,-1.05,7.38,-8.43,98945.65,False,94
2026-05-07,189,189,electricity-consumption,crazy,Electricity Consumption,-1.82,7.38,-9.2,98180.4,False,94
2026-05-07,190,190,vix-term-structure,crazy,VIX Term Structure,-2.91,7.38,-10.29,97085.6,False,85
2026-05-07,191,191,biscotti,crazy,Algo Biscotti (Unconditional Loyalty),-3.12,7.38,-10.5,96879.66,False,94
2026-05-07,192,192,biscotti,normal,Algo Biscotti (Unconditional Loyalty),-3.42,7.38,-10.8,96578.3,False,95
2026-05-07,193,193,vix-fear-rotation,crazy,VIX Fear Rotation,-4.63,7.38,-12.01,95366.49,False,85
2026-05-07,194,194,baileymol,crazy,Chaos Rotation Lab,-6.21,7.38,-13.59,93789.53,False,94
2026-05-08,1,1,simple_monthly,normal,Quantified Simple Monthly Rotation,10.03,8.27,1.77,110032.94,True,96
2026-05-08,2,2,baileymol,normal,Algo Baileymol (Chaos Monger),7.54,8.27,-0.72,107540.71,False,96
2026-05-08,3,3,faber,normal,Faber Momentum Rotation,5.01,8.27,-3.25,105011.23,False,96
2026-05-08,4,4,dmsr,normal,Antonacci Dual Momentum Sector Rotation,4.66,8.27,-3.61,104657.29,False,96
2026-05-08,5,5,uber-mobility,crazy,Uber Mobility Index,4.37,8.27,-3.89,104371.16,False,95
2026-05-08,6,6,retail-sales-momentum,crazy,Retail Sales Momentum,4.36,8.27,-3.9,104360.93,False,95
2026-05-08,7,7,job-posting-acceleration,crazy,Job Posting Acceleration,2.7,8.27,-5.56,102701.4,False,95
2026-05-08,8,8,insider-trading-signals,crazy,Insider Trading Signals,0.81,8.27,-7.45,100810.11,False,95
2026-05-08,9,9,freight-rail-carloads,crazy,Freight Rail Carloads,0.21,8.27,-8.06,100206.12,False,95
2026-05-08,10,10,truck-tonnage,crazy,Truck Tonnage Index,0.18,8.27,-8.09,100175.82,False,95
2026-05-08,11,11,weekly-google-trends-surge-in-diy-electronics-repair-signals,crazy,Weekly Google Trends Surge In Diy Electronics Repair Signals Tech Consumer Stress Lift,0.08,8.27,-8.18,100081.02,False,77
2026-05-08,12,12,earthquake-aftershock-insurance-claims-spike,crazy,Earthquake Aftershock Insurance Claims Spike,0.07,8.27,-8.19,100070.66,False,73
2026-05-08,13,13,recession-whisper-google-trends-unemployment-search-surge,crazy,Recession Whisper Google Trends Unemployment Search Surge,0.07,8.27,-8.19,100072.76,False,77
2026-05-08,14,14,earthquake-aftershock-amplifier,crazy,Earthquake Aftershock Amplifier,0.05,8.27,-8.22,100047.52,False,89
2026-05-08,15,15,weekly-surge-in-google-trends-searches-for-diy-electronics-r,crazy,Weekly Surge In Google Trends Searches For Diy Electronics Repair Signals Bullish Xlk,0.05,8.27,-8.22,100045.94,False,81
2026-05-08,16,16,google-trends-surge-in-used-car-price-searches,crazy,Google Trends Surge In Used Car Price Searches,0.04,8.27,-8.23,100038.19,False,75
2026-05-08,17,17,weekly-spike-in-google-trends-searches-for-warehouse-automat,crazy,Weekly Spike In Google Trends Searches For Warehouse Automation Failure Signals Bearish Xli,0.04,8.27,-8.23,100039.42,False,81
2026-05-08,18,18,weekly-surge-in-google-trends-for-diy-plumbing-repair-signal,crazy,Weekly Surge In Google Trends For Diy Plumbing Repair Signals Consumer Stress Rebound,0.04,8.27,-8.23,100035.8,False,77
2026-05-08,19,19,materials-sector-weekly-positive-correlation-breakdown-with-,crazy,Materials Sector Weekly Positive Correlation Breakdown With Xlb,0.03,8.27,-8.24,100025.87,False,89
2026-05-08,20,20,price-momentum-reversion-in-defensive-sectors-after-tech-cra,crazy,Price Momentum Reversion In Defensive Sectors After Tech Crash,0.03,8.27,-8.24,100025.66,False,74
2026-05-08,21,22,weekly-surge-in-google-trends-for-diy-electronics-repair-sig,crazy,Weekly Surge In Google Trends For Diy Electronics Repair Signals Bullish Xlk,0.03,8.27,-8.24,100027.01,False,75
2026-05-08,22,23,daily-spike-in-usgs-earthquake-activity-near-key-industrial-,crazy,Daily Spike In Usgs Earthquake Activity Near Key Industrial Hubs,0.02,8.27,-8.25,100015.96,False,68
2026-05-08,23,21,staples-sector-drawdown-rapid-recovery,crazy,Staples Sector Drawdown Rapid Recovery,0.02,8.27,-8.24,100024.7,False,89
2026-05-08,24,24,semiconductor-moonshot-warning,crazy,Semiconductor Moonshot Warning,0.01,8.27,-8.26,100005.51,False,89
2026-05-08,25,25,airline-load-factor,crazy,Airline Load Factor Proxy,0.0,8.27,-8.27,100000.0,False,95
2026-05-08,26,26,airport-security-surge,crazy,Airport Security Surge,0.0,8.27,-8.27,100000.0,False,93
2026-05-08,27,27,airport-shopping-spree,crazy,Airport Shopping Spree,0.0,8.27,-8.27,100000.0,False,95
2026-05-08,28,28,bankruptcy-filing-rate,crazy,Bankruptcy Filing Rate,0.0,8.27,-8.27,100000.0,False,95
2026-05-08,29,29,calls311,crazy,311 Call Rotation,0.0,8.27,-8.27,100000.0,False,95
2026-05-08,30,30,cardboard,crazy,Cardboard Box Index,0.0,8.27,-8.27,100000.0,False,95
2026-05-08,31,31,cloud-storage-demand-surge,crazy,Cloud Storage Demand Surge,0.0,8.27,-8.27,100000.0,False,95
2026-05-08,32,32,congress,crazy,Congress Trading Fade,0.0,8.27,-8.27,100000.0,False,95
2026-05-08,33,33,consumer-sentiment,crazy,Consumer Sentiment,0.0,8.27,-8.27,100000.0,False,95
2026-05-08,34,34,craigslist,crazy,Craigslist Desperation Index,0.0,8.27,-8.27,100000.0,False,95
2026-05-08,35,35,credit-card-delinquency,crazy,Credit Card Delinquency,0.0,8.27,-8.27,100000.0,False,95
2026-05-08,36,36,crypto-capitulation-countdown,crazy,Crypto Capitulation Countdown,0.0,8.27,-8.27,100000.0,False,89
2026-05-08,37,37,crypto-derivative-arbitrage,crazy,Crypto Derivative Arbitrage,0.0,8.27,-8.27,100000.0,False,95
2026-05-08,38,38,daily-jump-in-google-trends-for-solar-panel-repair-searches-,crazy,Daily Jump In Google Trends For Solar Panel Repair Searches Signals Green Energy Sector Rebound,0.0,8.27,-8.27,100000.0,False,73
2026-05-08,39,39,daily-spike-in-ev-charger-installations-signals-bullish-xlc,crazy,Daily Spike In Ev Charger Installations Signals Bullish Xlc,0.0,8.27,-8.27,100000.0,False,78
2026-05-08,40,40,daily-spike-in-freight-logistics-rss-news-volume-mentioning-,crazy,Daily Spike In Freight Logistics Rss News Volume Mentioning Port Labor Strike Triggers Bearish Xli,0.0,8.27,-8.27,100000.0,False,81
2026-05-08,41,41,daily-spike-in-google-trends-for-emergency-vehicle-repair-si,crazy,Daily Spike In Google Trends For Emergency Vehicle Repair Signals Consumer Stress Lifting Industrial Sector,0.0,8.27,-8.27,100000.0,False,74
2026-05-08,42,42,daily-spike-in-google-trends-searches-for-airline-flight-del,crazy,Daily Spike In Google Trends Searches For Airline Flight Delay Compensation,0.0,8.27,-8.27,100000.0,False,68
2026-05-08,43,43,daily-spike-in-google-trends-searches-for-emergency-car-batt,crazy,Daily Spike In Google Trends Searches For Emergency Car Battery Replacement Signals Consumer Stress Impacting Discretionary,0.0,8.27,-8.27,100000.0,False,73
2026-05-08,44,44,daily-surge-in-google-trends-searches-for-home-heating-syste,crazy,Daily Surge In Google Trends Searches For Home Heating System Failure Signals Consumer Stress Impacting Utilities,0.0,8.27,-8.27,100000.0,False,74
2026-05-08,45,45,earthquake-energy-demand,crazy,Earthquake Energy Demand Indicator,0.0,8.27,-8.27,100000.0,False,95
2026-05-08,46,46,electric-vehicle-charge-station-density,crazy,Electric Vehicle Charge Station Density,0.0,8.27,-8.27,100000.0,False,95
2026-05-08,47,47,electricity-demand-spike-weather-anomaly,crazy,Electricity Demand Spike Weather Anomaly,0.0,8.27,-8.27,100000.0,False,75
2026-05-08,48,48,energy-sector-sudden-weekly-volatility-spike,crazy,Energy Sector Sudden Weekly Volatility Spike,0.0,8.27,-8.27,100000.0,False,86
2026-05-08,49,49,energy-sector-weekly-drawdown-exhaustion,crazy,Energy Sector Weekly Drawdown Exhaustion,0.0,8.27,-8.27,100000.0,False,89
2026-05-08,50,50,ev-charger-density-saturation-play,crazy,Ev Charger Density Saturation Play,0.0,8.27,-8.27,100000.0,False,84
2026-05-08,51,51,ev-charger-deployment-sprint-acceleration,crazy,Ev Charger Deployment Sprint Acceleration,0.0,8.27,-8.27,100000.0,False,67
2026-05-08,52,52,ev-charger-expansion-frenzy,crazy,Ev Charger Expansion Frenzy,0.0,8.27,-8.27,100000.0,False,75
2026-05-08,53,53,ev-charger-expansion-momentum-surge,crazy,Ev Charger Expansion Momentum Surge,0.0,8.27,-8.27,100000.0,False,68
2026-05-08,54,54,ev-charger-installation-acceleration-play,crazy,Ev Charger Installation Acceleration Play,0.0,8.27,-8.27,100000.0,False,76
2026-05-08,55,55,ev-charger-network-density-surge-bullish-signal,crazy,Ev Charger Network Density Surge Bullish Signal,0.0,8.27,-8.27,100000.0,False,78
2026-05-08,56,56,ev-charger-network-expansion-acceleration,crazy,Ev Charger Network Expansion Acceleration,0.0,8.27,-8.27,100000.0,False,73
2026-05-08,57,57,ev-charger-network-expansion-sprint-demand-surge,crazy,Ev Charger Network Expansion Sprint Demand Surge,0.0,8.27,-8.27,100000.0,False,81
2026-05-08,58,58,ev-charger-network-expansion-velocity-surge,crazy,Ev Charger Network Expansion Velocity Surge,0.0,8.27,-8.27,100000.0,False,74
2026-05-08,59,59,ev-charging-boom,crazy,Ev Charging Boom,0.0,8.27,-8.27,100000.0,False,93
2026-05-08,60,60,ev-charging-station-stampede,crazy,Ev Charging Station Stampede,0.0,8.27,-8.27,100000.0,False,89
2026-05-08,61,61,ev-euphoria,crazy,Ev Euphoria,0.0,8.27,-8.27,100000.0,False,91
2026-05-08,62,62,financial-sector-momentum-divergence-with-spy,crazy,Financial Sector Momentum Divergence With Spy,0.0,8.27,-8.27,100000.0,False,89
2026-05-08,63,63,fintech-disruption-wave,crazy,Fintech Disruption Wave,0.0,8.27,-8.27,100000.0,False,93
2026-05-08,64,64,glassdoor,crazy,Glassdoor Misery Gradient,0.0,8.27,-8.27,100000.0,False,95
2026-05-08,65,65,global-tech-earnings-momentum,crazy,Global Tech Earnings Momentum,0.0,8.27,-8.27,100000.0,False,93
2026-05-08,66,66,gold-volatility-vol-of-vol-spike,crazy,Gold Volatility Vol-of-vol Spike,0.0,8.27,-8.27,100000.0,False,76
2026-05-08,67,67,google-trends-surge-in-flight-delay-complaints,crazy,Google Trends Surge In Flight Delay Complaints,0.0,8.27,-8.27,100000.0,False,74
2026-05-08,68,68,health-insurance-deductible-shock-searches,crazy,Health Insurance Deductible Shock Searches,0.0,8.27,-8.27,100000.0,False,67
2026-05-08,69,69,healthcare-cost-shock-google-trends-spike,crazy,Healthcare Cost Shock Google Trends Spike,0.0,8.27,-8.27,100000.0,False,75
2026-05-08,70,70,high-yield-spread-regime,crazy,High Yield Spread Regime,0.0,8.27,-8.27,100000.0,False,95
2026-05-08,71,71,linkedin,crazy,LinkedIn Layoff Propagation,0.0,8.27,-8.27,100000.0,False,95
2026-05-08,72,72,lumber-futures-rollercoaster,crazy,Lumber Futures Rollercoaster,0.0,8.27,-8.27,100000.0,False,89
2026-05-08,73,73,materials-sector-weekly-volatility-contraction-breakout,crazy,Materials Sector Weekly Volatility Contraction Breakout,0.0,8.27,-8.27,100000.0,False,86
2026-05-08,74,74,misery-rotation,crazy,Misery Rotation,0.0,8.27,-8.27,100000.0,False,95
2026-05-08,75,75,mortgage-refinance-wave-google-trends-surge,crazy,Mortgage Refinance Wave Google Trends Surge,0.0,8.27,-8.27,100000.0,False,76
2026-05-08,76,76,online-ad-impression-volatility,crazy,Online Ad Impression Volatility Trader,0.0,8.27,-8.27,100000.0,False,95
2026-05-08,77,77,patent-filing-velocity,crazy,Patent Filing Velocity,0.0,8.27,-8.27,100000.0,False,86
2026-05-08,78,78,pet-food-supply-chain,crazy,Pet Food Supply Chain Disruption,0.0,8.27,-8.27,100000.0,False,95
2026-05-08,79,79,port-congestion-squeeze,crazy,Port Congestion Squeeze,0.0,8.27,-8.27,100000.0,False,93
2026-05-08,80,80,port-container-volume,crazy,Port Container Volume,0.0,8.27,-8.27,100000.0,False,95
2026-05-08,81,81,reddit-emoji-sentiment-spike,crazy,Reddit Emoji Sentiment Spike,0.0,8.27,-8.27,100000.0,False,95
2026-05-08,82,82,reddit-gaming-thread-spike,crazy,Reddit Gaming Thread Spike,0.0,8.27,-8.27,100000.0,False,95
2026-05-08,83,83,reddit-mentions-volatility-spike,crazy,Reddit Mentions Volatility Spike,0.0,8.27,-8.27,100000.0,False,95
2026-05-08,84,84,reddit-sentiment-spike-trend,crazy,Reddit Sentiment Spike Trend,0.0,8.27,-8.27,100000.0,False,95
2026-05-08,85,85,reddit-sentiment-spike,crazy,Reddit Sentiment Spike,0.0,8.27,-8.27,100000.0,False,95
2026-05-08,86,86,reddit-sentiment-volatility-spike,crazy,Reddit Sentiment Volatility Spike,0.0,8.27,-8.27,100000.0,False,95
2026-05-08,87,87,reddit-subreddit-mention-spike,crazy,Reddit Subreddit Mention Spike,0.0,8.27,-8.27,100000.0,False,95
2026-05-08,88,88,reddit-subreddit-sentiment-spike,crazy,Reddit Subreddit Sentiment Spike,0.0,8.27,-8.27,100000.0,False,95
2026-05-08,89,89,reddit-subreddit-surge-momentum,crazy,Reddit Subreddit Surge Momentum,0.0,8.27,-8.27,100000.0,False,95
2026-05-08,90,90,reddit-volatility-spike,crazy,Reddit Volatility Spike,0.0,8.27,-8.27,100000.0,False,95
2026-05-08,91,91,renewable-energy-rss-news-volume-surge,crazy,Renewable Energy Rss News Volume Surge,0.0,8.27,-8.27,100000.0,False,67
2026-05-08,92,92,rental-car-shortage-volatility-spike,crazy,Rental Car Shortage Volatility Spike,0.0,8.27,-8.27,100000.0,False,84
2026-05-08,93,93,residential-real-estate-search-momentum-rotation,crazy,Residential Real Estate Search Momentum Rotation,0.0,8.27,-8.27,100000.0,False,68
2026-05-08,94,94,retail-rush-ahead-of-holidays,crazy,Retail Rush Ahead Of Holidays,0.0,8.27,-8.27,100000.0,False,93
2026-05-08,95,95,rss-roar,crazy,Rss Roar,0.0,8.27,-8.27,100000.0,False,91
2026-05-08,96,96,shipping-container-squeeze-play,crazy,Shipping Container Squeeze Play,0.0,8.27,-8.27,100000.0,False,84
2026-05-08,97,97,small-business-formation,crazy,Small Business Formation,0.0,8.27,-8.27,100000.0,False,95
2026-05-08,98,98,social-media-sentiment-spike,crazy,Social Media Sentiment Spike,0.0,8.27,-8.27,100000.0,False,95
2026-05-08,99,99,solar-storm-scorcher,crazy,Solar Storm Scorcher,0.0,8.27,-8.27,100000.0,False,89
2026-05-08,100,100,superbowl-futures-trade,crazy,Superbowl Futures Trade,0.0,8.27,-8.27,100000.0,False,95
2026-05-08,101,101,technology-sector-daily-ev-charger-count-surge,crazy,Technology Sector Daily Ev Charger Count Surge,0.0,8.27,-8.27,100000.0,False,89
2026-05-08,102,102,temperature-extremes-power-demand-spike-utility-boost,crazy,Temperature Extremes Power Demand Spike Utility Boost,0.0,8.27,-8.27,100000.0,False,81
2026-05-08,103,103,temperature-shock-energy-demand-flip,crazy,Temperature Shock Energy Demand Flip,0.0,8.27,-8.27,100000.0,False,84
2026-05-08,104,104,tsa,crazy,TSA Body Count,0.0,8.27,-8.27,100000.0,False,95
2026-05-08,105,105,twitter-sentiment-spike,crazy,Twitter Sentiment Spike,0.0,8.27,-8.27,100000.0,False,95
2026-05-08,106,106,utilities-sector-weekly-temperature-drop-signal,crazy,Utilities Sector Weekly Temperature Drop Signal,0.0,8.27,-8.27,100000.0,False,93
2026-05-08,107,107,utility-power-grid-stress,crazy,Utility Power Grid Stress,0.0,8.27,-8.27,100000.0,False,93
2026-05-08,108,108,volatility-spike-follow-through,crazy,Volatility Spike Follow-Through,0.0,8.27,-8.27,100000.0,False,95
2026-05-08,109,109,weather-disruption-ripple-effects,crazy,Weather Disruption Ripple Effects,0.0,8.27,-8.27,100000.0,False,93
2026-05-08,110,110,weather-volatility-spike,crazy,Weather Volatility Spike,0.0,8.27,-8.27,100000.0,False,95
2026-05-08,111,111,weather-windfall,crazy,Weather Windfall,0.0,8.27,-8.27,100000.0,False,91
2026-05-08,112,112,weekly-google-trends-spike-for-diy-electronics-repair-signal,crazy,Weekly Google Trends Spike For Diy Electronics Repair Signals Bullish Tech Sector,0.0,8.27,-8.27,100000.0,False,73
2026-05-08,113,113,weekly-google-trends-spike-for-small-business-loan-default-s,crazy,Weekly Google Trends Spike For Small Business Loan Default Searches,0.0,8.27,-8.27,100000.0,False,68
2026-05-08,114,114,weekly-google-trends-spike-in-searches-for-food-supply-chain,crazy,Weekly Google Trends Spike In Searches For Food Supply Chain Disruptions,0.0,8.27,-8.27,100000.0,False,68
2026-05-08,115,115,weekly-google-trends-surge-for-diy-roof-repair-searches-sign,crazy,Weekly Google Trends Surge For Diy Roof Repair Searches Signals Consumer Stress Impacting Xli,0.0,8.27,-8.27,100000.0,False,73
2026-05-08,116,116,weekly-google-trends-surge-for-home-pest-control-searches-si,crazy,Weekly Google Trends Surge For Home Pest Control Searches Signals Consumer Stress Boosting Staples,0.0,8.27,-8.27,100000.0,False,73
2026-05-08,117,117,weekly-google-trends-surge-for-used-truck-purchase-searches-,crazy,Weekly Google Trends Surge For Used Truck Purchase Searches Signals Bullish Freight Logistics,0.0,8.27,-8.27,100000.0,False,73
2026-05-08,118,118,weekly-google-trends-surge-in-searches-for-diesel-fuel-price,crazy,Weekly Google Trends Surge In Searches For Diesel Fuel Price Increase,0.0,8.27,-8.27,100000.0,False,68
2026-05-08,119,119,weekly-google-trends-surge-in-searches-for-home-solar-instal,crazy,Weekly Google Trends Surge In Searches For Home Solar Installation Financing Signals Xle Bullish,0.0,8.27,-8.27,100000.0,False,73
2026-05-08,120,120,weekly-google-trends-surge-in-searches-for-truck-driver-shor,crazy,Weekly Google Trends Surge In Searches For Truck Driver Shortage,0.0,8.27,-8.27,100000.0,False,68
2026-05-08,121,121,weekly-increase-in-google-trends-searches-for-bulk-shipping-,crazy,Weekly Increase In Google Trends Searches For Bulk Shipping Delay Signals Bearish Xlb,0.0,8.27,-8.27,100000.0,False,81
2026-05-08,122,122,weekly-rise-in-google-trends-searches-for-emergency-hvac-rep,crazy,Weekly Rise In Google Trends Searches For Emergency Hvac Repair,0.0,8.27,-8.27,100000.0,False,68
2026-05-08,123,123,weekly-rise-in-google-trends-searches-for-gas-price-protest-,crazy,Weekly Rise In Google Trends Searches For Gas Price Protest Signals Bearish Xle,0.0,8.27,-8.27,100000.0,False,81
2026-05-08,124,124,weekly-surge-in-google-trends-for-diy-roof-repair-signals-co,crazy,Weekly Surge In Google Trends For Diy Roof Repair Signals Consumer Stress Lifting Industrial Sector,0.0,8.27,-8.27,100000.0,False,67
2026-05-08,125,125,weekly-surge-in-google-trends-for-diy-solar-panel-repair-sig,crazy,Weekly Surge In Google Trends For Diy Solar Panel Repair Signals Green Energy Sector Rebound,0.0,8.27,-8.27,100000.0,False,74
2026-05-08,126,126,weekly-surge-in-google-trends-for-emergency-plumbing-repair-,crazy,Weekly Surge In Google Trends For Emergency Plumbing Repair Signals Consumer Stress Lifting Discretionary Sector,0.0,8.27,-8.27,100000.0,False,67
2026-05-08,127,127,weekly-surge-in-google-trends-for-home-heating-oil-shortage-,crazy,Weekly Surge In Google Trends For Home Heating Oil Shortage Signals Bullish Xle,0.0,8.27,-8.27,100000.0,False,75
2026-05-08,128,128,weekly-surge-in-google-trends-for-hotel-room-shortage-signal,crazy,Weekly Surge In Google Trends For Hotel Room Shortage Signals Travel Sector Tightness,0.0,8.27,-8.27,100000.0,False,77
2026-05-08,129,129,weekly-surge-in-google-trends-for-job-interview-preparation-,crazy,Weekly Surge In Google Trends For Job Interview Preparation Searches,0.0,8.27,-8.27,100000.0,False,68
2026-05-08,130,130,weekly-surge-in-google-trends-searches-for-diy-bicycle-repai,crazy,Weekly Surge In Google Trends Searches For Diy Bicycle Repair,0.0,8.27,-8.27,100000.0,False,68
2026-05-08,131,131,weekly-surge-in-google-trends-searches-for-home-improvement-,crazy,Weekly Surge In Google Trends Searches For Home Improvement Loan Signals Consumer Stress Lifting Xly,0.0,8.27,-8.27,100000.0,False,81
2026-05-08,132,132,weekly-surge-in-openchargemap-ev-charger-installations-signa,crazy,Weekly Surge In Openchargemap Ev Charger Installations Signals Bullish Xlc,0.0,8.27,-8.27,100000.0,False,83
2026-05-08,133,133,work-from-home-frenzy,crazy,Work From Home Frenzy,0.0,8.27,-8.27,100000.0,False,93
2026-05-08,134,134,xlb-daily-volatility-contraction-breakout,crazy,Xlb Daily Volatility Contraction Breakout,0.0,8.27,-8.27,100000.0,False,91
2026-05-08,135,135,xlu-weekly-cold-snap-weather-correlation,crazy,Xlu Weekly Cold Snap Weather Correlation,0.0,8.27,-8.27,100000.0,False,91
2026-05-08,136,136,xlv-google-trends-flu-search-spike,crazy,Xlv Google Trends Flu Search Spike,0.0,8.27,-8.27,100000.0,False,91
2026-05-08,137,137,yelp-closure-velocity,crazy,Yelp Closure Velocity,0.0,8.27,-8.27,100000.0,False,86
2026-05-08,138,138,yield-curve-regime,crazy,Yield Curve Regime,0.0,8.27,-8.27,100000.0,False,95
2026-05-08,139,142,finra-dark-pool-signal,crazy,FINRA Dark Pool Signal,-0.02,8.27,-8.29,99975.26,False,86
2026-05-08,140,143,google-trends-surge-in-luxury-good-searches,crazy,Google Trends Surge In Luxury Good Searches,-0.02,8.27,-8.29,99979.84,False,73
2026-05-08,141,139,weekly-google-trends-surge-in-home-appliance-repair-searches,crazy,Weekly Google Trends Surge In Home Appliance Repair Searches Signals Bullish Consumer Discretionary,-0.02,8.27,-8.28,99982.54,False,76
2026-05-08,142,140,weekly-surge-in-job-postings-for-warehouse-workers-signals-b,crazy,Weekly Surge In Job Postings For Warehouse Workers Signals Bullish Xli,-0.02,8.27,-8.28,99984.48,False,81
2026-05-08,143,141,daily-spike-in-google-trends-for-home-air-purifier-repair-si,crazy,Daily Spike In Google Trends For Home Air Purifier Repair Signals Consumer Stress Rebound In Discretionary Sector,-0.03,8.27,-8.29,99971.86,False,74
2026-05-08,144,145,weekly-spike-in-google-trends-for-electric-vehicle-battery-r,crazy,Weekly Spike In Google Trends For Electric Vehicle Battery Replacement Signals Consumer Stress Lifting Industrial Sector,-0.03,8.27,-8.3,99969.08,False,67
2026-05-08,145,146,weekly-surge-in-google-trends-searches-for-commuting-strike-,crazy,Weekly Surge In Google Trends Searches For Commuting Strike Signals Bearish Xly,-0.03,8.27,-8.3,99968.25,False,81
2026-05-08,146,144,consumer-discretionary-google-trends-surge-for-sale-keywords,crazy,Consumer Discretionary Google Trends Surge For Sale Keywords,-0.04,8.27,-8.3,99960.96,False,89
2026-05-08,147,147,real-estate-sector-weekly-google-trends-home-buying-surge,crazy,Real Estate Sector Weekly Google Trends Home Buying Surge,-0.05,8.27,-8.31,99954.77,False,93
2026-05-08,148,148,eia-electricity-demand-shock-rebound-spread,crazy,Eia Electricity Demand Shock Rebound Spread,-0.06,8.27,-8.32,99940.31,False,74
2026-05-08,149,149,travel-booking-momentum-divergence,crazy,Travel Booking Momentum Divergence,-0.06,8.27,-8.32,99943.44,False,67
2026-05-08,150,151,daily-spike-in-google-trends-for-emergency-dental-care-signa,crazy,Daily Spike In Google Trends For Emergency Dental Care Signals Consumer Stress Impacting Health Sector,-0.07,8.27,-8.34,99927.72,False,67
2026-05-08,151,150,daily-spike-in-rss-news-counts-around-labor-union-contract-n,crazy,Daily Spike In Rss News Counts Around Labor Union Contract Negotiation Signals Bearish Xlf,-0.07,8.27,-8.33,99932.29,False,81
2026-05-08,152,152,daily-spike-in-google-trends-searches-for-electric-vehicle-b,crazy,Daily Spike In Google Trends Searches For Electric Vehicle Battery Replacement,-0.08,8.27,-8.34,99921.33,False,68
2026-05-08,153,155,healthcare-sector-google-trends-spike-in-flu-symptoms,crazy,Healthcare Sector Google Trends Spike In Flu Symptoms,-0.08,8.27,-8.35,99917.38,False,89
2026-05-08,154,157,weekly-google-trends-surge-in-energy-bill-shock-signals-cons,crazy,Weekly Google Trends Surge In Energy Bill Shock Signals Consumer Stress Impacting Utilities,-0.08,8.27,-8.35,99915.28,False,77
2026-05-08,155,158,weekly-google-trends-surge-in-home-energy-bill-shock-signals,crazy,Weekly Google Trends Surge In Home Energy Bill Shock Signals Bullish Utilities,-0.08,8.27,-8.35,99915.28,False,76
2026-05-08,156,153,bank-stress-index-volatility-fear-crush-reversal,crazy,Bank Stress Index Volatility Fear Crush Reversal,-0.09,8.27,-8.35,99910.26,False,81
2026-05-08,157,154,financial-sector-volatility-crush-trade,crazy,Financial Sector Volatility Crush Trade,-0.09,8.27,-8.35,99910.26,False,76
2026-05-08,158,156,retail-roulette,crazy,Retail Roulette,-0.09,8.27,-8.35,99913.43,False,91
2026-05-08,159,159,rss-news-volume-spike-on-food-supply-chain-disruptions,crazy,Rss News Volume Spike On Food Supply Chain Disruptions,-0.1,8.27,-8.36,99903.71,False,73
2026-05-08,160,161,xlu-daily-electricity-demand-surge,crazy,Xlu Daily Electricity Demand Surge,-0.1,8.27,-8.37,99898.68,False,91
2026-05-08,161,163,daily-spike-in-rss-news-counts-mentioning-politician-insider,crazy,Daily Spike In Rss News Counts Mentioning Politician Insider Buying Tech Stock Signals Bullish Xlk,-0.11,8.27,-8.38,99886.48,False,81
2026-05-08,162,160,weekly-google-trends-spike-for-diy-car-repair-signals-bullis,crazy,Weekly Google Trends Spike For Diy Car Repair Signals Bullish Xly,-0.11,8.27,-8.37,99892.81,False,78
2026-05-08,163,162,daily-jump-in-google-trends-searches-for-home-renovation-per,crazy,Daily Jump In Google Trends Searches For Home Renovation Permits,-0.12,8.27,-8.38,99884.41,False,68
2026-05-08,164,164,attention-sentiment-spike-daily-surge-in-news-rss-counts-men,crazy,Attention Sentiment Spike Daily Surge In News Rss Counts Mentioning Cyberattack Triggers Bullish Xlc,-0.13,8.27,-8.39,99874.41,False,83
2026-05-08,165,167,utilities-sector-negative-price-gap-fill,crazy,Utilities Sector Negative Price Gap Fill,-0.13,8.27,-8.4,99869.36,False,89
2026-05-08,166,168,electricity-enlightenment,crazy,Electricity Enlightenment,-0.14,8.27,-8.41,99857.33,False,91
2026-05-08,167,165,seismic-activity-construction-halt-signal,crazy,Seismic Activity Construction Halt Signal,-0.14,8.27,-8.4,99861.92,False,84
2026-05-08,168,166,tremor-tension,crazy,Tremor Tension,-0.14,8.27,-8.4,99864.21,False,91
2026-05-08,169,169,xlb-weekly-rss-news-count-spike-on-commodity-shortage,crazy,Xlb Weekly Rss News Count Spike On Commodity Shortage,-0.14,8.27,-8.41,99855.39,False,91
2026-05-08,170,170,oil-price-momentum-reversal-energy-sector-bounce,crazy,Oil Price Momentum Reversal Energy Sector Bounce,-0.15,8.27,-8.42,99849.11,False,78
2026-05-08,171,171,weekly-spike-in-google-trends-for-home-cooling-failure-signa,crazy,Weekly Spike In Google Trends For Home Cooling Failure Signals Bearish Xlu,-0.15,8.27,-8.42,99846.54,False,81
2026-05-08,172,173,daily-spike-in-rss-counts-for-cybersecurity-breach-news-trig,crazy,Daily Spike In Rss Counts For Cybersecurity Breach News Triggers Bearish Xlk,-0.16,8.27,-8.43,99839.01,False,81
2026-05-08,173,172,daily-jump-in-google-trends-searches-for-emergency-dental-ca,crazy,Daily Jump In Google Trends Searches For Emergency Dental Care,-0.17,8.27,-8.43,99832.34,False,68
2026-05-08,174,174,news-sentiment-rotation-fade-trade,crazy,News Sentiment Rotation Fade Trade,-0.18,8.27,-8.44,99821.68,False,84
2026-05-08,175,175,industrial-sector-weekly-earthquake-activity-correlation-dip,crazy,Industrial Sector Weekly Earthquake Activity Correlation Dip,-0.19,8.27,-8.45,99813.1,False,89
2026-05-08,176,176,wage-growth-demand-surge-fast-food-google-trends,crazy,Wage Growth Demand Surge Fast Food Google Trends,-0.2,8.27,-8.47,99799.52,False,77
2026-05-08,177,178,google-gusts,crazy,Google Gusts,-0.21,8.27,-8.48,99786.69,False,91
2026-05-08,178,177,weekly-google-trends-surge-in-fast-food-job-openings-signals,crazy,Weekly Google Trends Surge In Fast Food Job Openings Signals Bullish Consumer Discretionary,-0.21,8.27,-8.47,99792.0,False,76
2026-05-08,179,180,daily-spike-in-daily-earthquake-activity-near-major-logistic,crazy,Daily Spike In Daily Earthquake Activity Near Major Logistics Hubs Signals Bearish Xli,-0.22,8.27,-8.49,99775.64,False,81
2026-05-08,180,179,weekly-surge-in-google-trends-searches-for-city-water-outage,crazy,Weekly Surge In Google Trends Searches For City Water Outage Signals Bearish Xlre,-0.22,8.27,-8.48,99773.32,False,81
2026-05-08,181,181,weekly-rise-in-google-trends-interest-for-food-delivery-dela,crazy,Weekly Rise In Google Trends Interest For Food Delivery Delay Signals Bearish Xlp,-0.23,8.27,-8.5,99768.27,False,81
2026-05-08,182,182,weekly-surge-in-google-trends-for-inflation-hedge-gold-signa,crazy,Weekly Surge In Google Trends For Inflation Hedge Gold Signals Bullish Xlb,-0.29,8.27,-8.56,99696.68,False,78
2026-05-08,183,183,grocery-store-foot-traffic-collapse-signal,crazy,Grocery Store Foot Traffic Collapse Signal,-0.33,8.27,-8.59,99673.9,False,84
2026-05-08,184,184,xle-weekly-drawdown-rebound-signal,crazy,Xle Weekly Drawdown Rebound Signal,-0.33,8.27,-8.6,99667.3,False,91
2026-05-08,185,185,daily-surge-in-google-trends-searches-for-electric-vehicle-c,crazy,Daily Surge In Google Trends Searches For Electric Vehicle Charging Station Outages,-0.35,8.27,-8.61,99651.01,False,68
2026-05-08,186,187,healthcare-cost-shock-google-search-spike,crazy,Healthcare Cost Shock Google Search Spike,-0.37,8.27,-8.64,99617.84,False,84
2026-05-08,187,188,lumber-momentum,crazy,Lumber Momentum,-0.37,8.27,-8.64,99629.84,False,95
2026-05-08,188,186,copper-momentum,crazy,Copper Momentum,-0.38,8.27,-8.64,99622.64,False,95
2026-05-08,189,189,xlc-weekly-google-trends-surge-in-5g-rollout,crazy,Xlc Weekly Google Trends Surge In 5g Rollout,-0.41,8.27,-8.67,99592.39,False,91
2026-05-08,190,190,daily-spike-in-google-trends-for-emergency-plumbing-repair-s,crazy,Daily Spike In Google Trends For Emergency Plumbing Repair Signals Consumer Stress Rebound Benefiting Discretionary Sector,-0.42,8.27,-8.68,99572.85,False,74
2026-05-08,191,191,housing-permit-velocity,crazy,Housing Permit Velocity,-0.5,8.27,-8.76,99502.15,False,95
2026-05-08,192,192,healthcare-cost-google-trends-acceleration-index,crazy,Healthcare Cost Google Trends Acceleration Index,-0.53,8.27,-8.8,99466.5,False,73
2026-05-08,193,193,mortgage-rate-housing-proxy,crazy,Mortgage Rate Housing Proxy,-0.55,8.27,-8.82,99445.25,False,95
2026-05-08,194,194,daily-jump-in-google-trends-searches-for-home-water-heater-r,crazy,Daily Jump In Google Trends Searches For Home Water Heater Repair Signals Consumer Stress Lifting Xly,-0.61,8.27,-8.88,99385.03,False,75
2026-05-08,195,195,weekly-surge-in-google-trends-searches-for-diy-home-repair-s,crazy,Weekly Surge In Google Trends Searches For Diy Home Repair Signals Consumer Stress Lifting Xly,-0.79,8.27,-9.05,99212.48,False,83
2026-05-08,196,196,liquor,crazy,Liquor Store Leading Indicator,-1.19,8.27,-9.46,98806.67,False,95
2026-05-08,197,197,vix-term-structure,crazy,VIX Term Structure,-1.45,8.27,-9.72,98546.15,False,86
2026-05-08,198,198,electricity-consumption,crazy,Electricity Consumption,-2.02,8.27,-10.29,97976.45,False,95
2026-05-08,199,199,vix-fear-rotation,crazy,VIX Fear Rotation,-3.2,8.27,-11.46,96804.62,False,86
2026-05-08,200,200,biscotti,crazy,Algo Biscotti (Unconditional Loyalty),-3.94,8.27,-12.21,96056.27,False,95
2026-05-08,201,201,biscotti,normal,Algo Biscotti (Unconditional Loyalty),-4.24,8.27,-12.51,95757.46,False,96
2026-05-08,202,202,baileymol,crazy,Chaos Rotation Lab,-6.2,8.27,-14.46,93802.33,False,95
2026-05-11,1,1,simple_monthly,normal,Quantified Simple Monthly Rotation,11.51,8.51,3.0,111512.42,True,97
2026-05-11,2,2,baileymol,normal,Algo Baileymol (Chaos Monger),7.61,8.51,-0.9,107614.33,False,97
2026-05-11,3,3,faber,normal,Faber Momentum Rotation,6.38,8.51,-2.14,106376.47,False,97
2026-05-11,4,4,dmsr,normal,Antonacci Dual Momentum Sector Rotation,5.96,8.51,-2.55,105956.79,False,97
2026-05-11,5,5,uber-mobility,crazy,Uber Mobility Index,4.6,8.51,-3.91,104603.61,False,96
2026-05-11,6,6,retail-sales-momentum,crazy,Retail Sales Momentum,4.59,8.51,-3.92,104593.36,False,96
2026-05-11,7,7,job-posting-acceleration,crazy,Job Posting Acceleration,2.95,8.51,-5.56,102954.07,False,96
2026-05-11,8,8,freight-rail-carloads,crazy,Freight Rail Carloads,1.14,8.51,-7.37,101141.52,False,96
2026-05-11,9,9,truck-tonnage,crazy,Truck Tonnage Index,0.99,8.51,-7.52,100992.78,False,96
2026-05-11,10,10,copper-momentum,crazy,Copper Momentum,0.58,8.51,-7.94,100576.23,False,96
2026-05-11,11,11,lumber-momentum,crazy,Lumber Momentum,0.34,8.51,-8.17,100338.85,False,96
2026-05-11,12,12,insider-trading-signals,crazy,Insider Trading Signals,0.3,8.51,-8.21,100300.62,False,96
2026-05-11,13,13,weekly-google-trends-surge-in-diy-electronics-repair-signals,crazy,Weekly Google Trends Surge In Diy Electronics Repair Signals Tech Consumer Stress Lift,0.08,8.51,-8.43,100081.02,False,78
2026-05-11,14,14,weekly-surge-in-google-trends-searches-for-diy-electronics-r,crazy,Weekly Surge In Google Trends Searches For Diy Electronics Repair Signals Bullish Xlk,0.08,8.51,-8.43,100081.88,False,82
2026-05-11,15,15,daily-jump-in-consumer-stress-google-trends-searches-for-car,crazy,Daily Jump In Consumer Stress Google Trends Searches For Car Repossession Signals Rising Financial Distress,0.07,8.51,-8.44,100070.09,False,67
2026-05-11,16,16,earthquake-aftershock-insurance-claims-spike,crazy,Earthquake Aftershock Insurance Claims Spike,0.07,8.51,-8.44,100070.66,False,74
2026-05-11,17,17,recession-whisper-google-trends-unemployment-search-surge,crazy,Recession Whisper Google Trends Unemployment Search Surge,0.07,8.51,-8.44,100072.76,False,78
2026-05-11,18,18,price-momentum-reversion-in-defensive-sectors-after-tech-cra,crazy,Price Momentum Reversion In Defensive Sectors After Tech Crash,0.06,8.51,-8.45,100061.6,False,75
2026-05-11,19,19,earthquake-aftershock-amplifier,crazy,Earthquake Aftershock Amplifier,0.05,8.51,-8.46,100047.52,False,90
2026-05-11,20,20,google-trends-surge-in-used-car-price-searches,crazy,Google Trends Surge In Used Car Price Searches,0.04,8.51,-8.47,100038.19,False,76
2026-05-11,21,21,semiconductor-moonshot-warning,crazy,Semiconductor Moonshot Warning,0.04,8.51,-8.47,100041.43,False,90
2026-05-11,22,22,weekly-spike-in-google-trends-searches-for-warehouse-automat,crazy,Weekly Spike In Google Trends Searches For Warehouse Automation Failure Signals Bearish Xli,0.04,8.51,-8.47,100039.42,False,82
2026-05-11,23,24,materials-sector-weekly-positive-correlation-breakdown-with-,crazy,Materials Sector Weekly Positive Correlation Breakdown With Xlb,0.03,8.51,-8.49,100025.87,False,90
2026-05-11,24,23,weekly-surge-in-google-trends-for-diy-electronics-repair-sig,crazy,Weekly Surge In Google Trends For Diy Electronics Repair Signals Bullish Xlk,0.03,8.51,-8.48,100027.01,False,76
2026-05-11,25,26,weekly-surge-in-google-trends-for-diy-plumbing-repair-signal,crazy,Weekly Surge In Google Trends For Diy Plumbing Repair Signals Consumer Stress Rebound,0.03,8.51,-8.49,100025.85,False,78
2026-05-11,26,27,daily-spike-in-usgs-earthquake-activity-near-key-industrial-,crazy,Daily Spike In Usgs Earthquake Activity Near Key Industrial Hubs,0.02,8.51,-8.5,100015.96,False,69
2026-05-11,27,25,staples-sector-drawdown-rapid-recovery,crazy,Staples Sector Drawdown Rapid Recovery,0.02,8.51,-8.49,100024.7,False,90
2026-05-11,28,28,airline-load-factor,crazy,Airline Load Factor Proxy,0.0,8.51,-8.51,100000.0,False,96
2026-05-11,29,29,airport-security-surge,crazy,Airport Security Surge,0.0,8.51,-8.51,100000.0,False,94
2026-05-11,30,30,airport-shopping-spree,crazy,Airport Shopping Spree,0.0,8.51,-8.51,100000.0,False,96
2026-05-11,31,31,bankruptcy-filing-rate,crazy,Bankruptcy Filing Rate,0.0,8.51,-8.51,100000.0,False,96
2026-05-11,32,32,calls311,crazy,311 Call Rotation,0.0,8.51,-8.51,100000.0,False,96
2026-05-11,33,33,cardboard,crazy,Cardboard Box Index,0.0,8.51,-8.51,100000.0,False,96
2026-05-11,34,34,cloud-storage-demand-surge,crazy,Cloud Storage Demand Surge,0.0,8.51,-8.51,100000.0,False,96
2026-05-11,35,35,congress,crazy,Congress Trading Fade,0.0,8.51,-8.51,100000.0,False,96
2026-05-11,36,36,consumer-sentiment,crazy,Consumer Sentiment,0.0,8.51,-8.51,100000.0,False,96
2026-05-11,37,37,craigslist,crazy,Craigslist Desperation Index,0.0,8.51,-8.51,100000.0,False,96
2026-05-11,38,38,credit-card-delinquency,crazy,Credit Card Delinquency,0.0,8.51,-8.51,100000.0,False,96
2026-05-11,39,39,crypto-capitulation-countdown,crazy,Crypto Capitulation Countdown,0.0,8.51,-8.51,100000.0,False,90
2026-05-11,40,40,crypto-derivative-arbitrage,crazy,Crypto Derivative Arbitrage,0.0,8.51,-8.51,100000.0,False,96
2026-05-11,41,41,daily-jump-in-google-trends-for-solar-panel-repair-searches-,crazy,Daily Jump In Google Trends For Solar Panel Repair Searches Signals Green Energy Sector Rebound,0.0,8.51,-8.51,100000.0,False,74
2026-05-11,42,42,daily-jump-in-google-trends-searches-for-electric-vehicle-ba,crazy,Daily Jump In Google Trends Searches For Electric Vehicle Battery Failure Signals Consumer Tech Stress,0.0,8.51,-8.51,100000.0,False,67
2026-05-11,43,43,daily-jump-in-rss-news-counts-mentioning-labor-strike-signal,crazy,Daily Jump In Rss News Counts Mentioning Labor Strike Signals Imminent Industrial Disruption,0.0,8.51,-8.51,100000.0,False,67
2026-05-11,44,44,daily-spike-in-ev-charger-installations-signals-bullish-xlc,crazy,Daily Spike In Ev Charger Installations Signals Bullish Xlc,0.0,8.51,-8.51,100000.0,False,79
2026-05-11,45,45,daily-spike-in-freight-logistics-rss-news-volume-mentioning-,crazy,Daily Spike In Freight Logistics Rss News Volume Mentioning Port Labor Strike Triggers Bearish Xli,0.0,8.51,-8.51,100000.0,False,82
2026-05-11,46,46,daily-spike-in-google-trends-for-emergency-vehicle-repair-si,crazy,Daily Spike In Google Trends For Emergency Vehicle Repair Signals Consumer Stress Lifting Industrial Sector,0.0,8.51,-8.51,100000.0,False,75
2026-05-11,47,47,daily-spike-in-google-trends-searches-for-airline-flight-del,crazy,Daily Spike In Google Trends Searches For Airline Flight Delay Compensation,0.0,8.51,-8.51,100000.0,False,69
2026-05-11,48,48,daily-spike-in-google-trends-searches-for-emergency-car-batt,crazy,Daily Spike In Google Trends Searches For Emergency Car Battery Replacement Signals Consumer Stress Impacting Discretionary,0.0,8.51,-8.51,100000.0,False,74
2026-05-11,49,49,daily-spike-in-google-trends-searches-for-emergency-plumber-,crazy,Daily Spike In Google Trends Searches For Emergency Plumber Signals Consumer Home Repair Stress,0.0,8.51,-8.51,100000.0,False,67
2026-05-11,50,50,daily-spike-in-google-trends-searches-for-home-heating-syste,crazy,Daily Spike In Google Trends Searches For Home Heating System Failure Signals Winter Utility Stress,0.0,8.51,-8.51,100000.0,False,67
2026-05-11,51,51,daily-surge-in-google-trends-searches-for-home-heating-syste,crazy,Daily Surge In Google Trends Searches For Home Heating System Failure Signals Consumer Stress Impacting Utilities,0.0,8.51,-8.51,100000.0,False,75
2026-05-11,52,52,earthquake-energy-demand,crazy,Earthquake Energy Demand Indicator,0.0,8.51,-8.51,100000.0,False,96
2026-05-11,53,53,electric-vehicle-charge-station-density,crazy,Electric Vehicle Charge Station Density,0.0,8.51,-8.51,100000.0,False,96
2026-05-11,54,54,electricity-demand-spike-weather-anomaly,crazy,Electricity Demand Spike Weather Anomaly,0.0,8.51,-8.51,100000.0,False,76
2026-05-11,55,55,energy-sector-sudden-weekly-volatility-spike,crazy,Energy Sector Sudden Weekly Volatility Spike,0.0,8.51,-8.51,100000.0,False,87
2026-05-11,56,56,energy-sector-weekly-drawdown-exhaustion,crazy,Energy Sector Weekly Drawdown Exhaustion,0.0,8.51,-8.51,100000.0,False,90
2026-05-11,57,57,ev-charger-density-saturation-play,crazy,Ev Charger Density Saturation Play,0.0,8.51,-8.51,100000.0,False,85
2026-05-11,58,58,ev-charger-deployment-sprint-acceleration,crazy,Ev Charger Deployment Sprint Acceleration,0.0,8.51,-8.51,100000.0,False,68
2026-05-11,59,59,ev-charger-expansion-frenzy,crazy,Ev Charger Expansion Frenzy,0.0,8.51,-8.51,100000.0,False,76
2026-05-11,60,60,ev-charger-expansion-momentum-surge,crazy,Ev Charger Expansion Momentum Surge,0.0,8.51,-8.51,100000.0,False,69
2026-05-11,61,61,ev-charger-installation-acceleration-play,crazy,Ev Charger Installation Acceleration Play,0.0,8.51,-8.51,100000.0,False,77
2026-05-11,62,62,ev-charger-network-density-surge-bullish-signal,crazy,Ev Charger Network Density Surge Bullish Signal,0.0,8.51,-8.51,100000.0,False,79
2026-05-11,63,63,ev-charger-network-expansion-acceleration,crazy,Ev Charger Network Expansion Acceleration,0.0,8.51,-8.51,100000.0,False,74
2026-05-11,64,64,ev-charger-network-expansion-sprint-demand-surge,crazy,Ev Charger Network Expansion Sprint Demand Surge,0.0,8.51,-8.51,100000.0,False,82
2026-05-11,65,65,ev-charger-network-expansion-velocity-surge,crazy,Ev Charger Network Expansion Velocity Surge,0.0,8.51,-8.51,100000.0,False,75
2026-05-11,66,66,ev-charging-boom,crazy,Ev Charging Boom,0.0,8.51,-8.51,100000.0,False,94
2026-05-11,67,67,ev-charging-station-stampede,crazy,Ev Charging Station Stampede,0.0,8.51,-8.51,100000.0,False,90
2026-05-11,68,68,ev-euphoria,crazy,Ev Euphoria,0.0,8.51,-8.51,100000.0,False,92
2026-05-11,69,69,financial-sector-momentum-divergence-with-spy,crazy,Financial Sector Momentum Divergence With Spy,0.0,8.51,-8.51,100000.0,False,90
2026-05-11,70,70,fintech-disruption-wave,crazy,Fintech Disruption Wave,0.0,8.51,-8.51,100000.0,False,94
2026-05-11,71,71,glassdoor,crazy,Glassdoor Misery Gradient,0.0,8.51,-8.51,100000.0,False,96
2026-05-11,72,72,global-tech-earnings-momentum,crazy,Global Tech Earnings Momentum,0.0,8.51,-8.51,100000.0,False,94
2026-05-11,73,73,gold-volatility-vol-of-vol-spike,crazy,Gold Volatility Vol-of-vol Spike,0.0,8.51,-8.51,100000.0,False,77
2026-05-11,74,74,google-trends-surge-in-flight-delay-complaints,crazy,Google Trends Surge In Flight Delay Complaints,0.0,8.51,-8.51,100000.0,False,75
2026-05-11,75,75,health-insurance-deductible-shock-searches,crazy,Health Insurance Deductible Shock Searches,0.0,8.51,-8.51,100000.0,False,68
2026-05-11,76,76,healthcare-cost-shock-google-trends-spike,crazy,Healthcare Cost Shock Google Trends Spike,0.0,8.51,-8.51,100000.0,False,76
2026-05-11,77,77,high-yield-spread-regime,crazy,High Yield Spread Regime,0.0,8.51,-8.51,100000.0,False,96
2026-05-11,78,78,linkedin,crazy,LinkedIn Layoff Propagation,0.0,8.51,-8.51,100000.0,False,96
2026-05-11,79,79,lumber-futures-rollercoaster,crazy,Lumber Futures Rollercoaster,0.0,8.51,-8.51,100000.0,False,90
2026-05-11,80,80,materials-sector-weekly-volatility-contraction-breakout,crazy,Materials Sector Weekly Volatility Contraction Breakout,0.0,8.51,-8.51,100000.0,False,87
2026-05-11,81,81,misery-rotation,crazy,Misery Rotation,0.0,8.51,-8.51,100000.0,False,96
2026-05-11,82,82,mortgage-refinance-wave-google-trends-surge,crazy,Mortgage Refinance Wave Google Trends Surge,0.0,8.51,-8.51,100000.0,False,77
2026-05-11,83,83,natural-gas-futures-volatility-pump-rotation,crazy,Natural Gas Futures Volatility Pump Rotation,0.0,8.51,-8.51,100000.0,False,67
2026-05-11,84,84,online-ad-impression-volatility,crazy,Online Ad Impression Volatility Trader,0.0,8.51,-8.51,100000.0,False,96
2026-05-11,85,85,patent-filing-velocity,crazy,Patent Filing Velocity,0.0,8.51,-8.51,100000.0,False,87
2026-05-11,86,86,pet-food-supply-chain,crazy,Pet Food Supply Chain Disruption,0.0,8.51,-8.51,100000.0,False,96
2026-05-11,87,87,reddit-emoji-sentiment-spike,crazy,Reddit Emoji Sentiment Spike,0.0,8.51,-8.51,100000.0,False,96
2026-05-11,88,88,reddit-gaming-thread-spike,crazy,Reddit Gaming Thread Spike,0.0,8.51,-8.51,100000.0,False,96
2026-05-11,89,89,reddit-mentions-volatility-spike,crazy,Reddit Mentions Volatility Spike,0.0,8.51,-8.51,100000.0,False,96
2026-05-11,90,90,reddit-sentiment-spike-trend,crazy,Reddit Sentiment Spike Trend,0.0,8.51,-8.51,100000.0,False,96
2026-05-11,91,91,reddit-sentiment-spike,crazy,Reddit Sentiment Spike,0.0,8.51,-8.51,100000.0,False,96
2026-05-11,92,92,reddit-sentiment-volatility-spike,crazy,Reddit Sentiment Volatility Spike,0.0,8.51,-8.51,100000.0,False,96
2026-05-11,93,93,reddit-subreddit-mention-spike,crazy,Reddit Subreddit Mention Spike,0.0,8.51,-8.51,100000.0,False,96
2026-05-11,94,94,reddit-subreddit-sentiment-spike,crazy,Reddit Subreddit Sentiment Spike,0.0,8.51,-8.51,100000.0,False,96
2026-05-11,95,95,reddit-subreddit-surge-momentum,crazy,Reddit Subreddit Surge Momentum,0.0,8.51,-8.51,100000.0,False,96
2026-05-11,96,96,reddit-volatility-spike,crazy,Reddit Volatility Spike,0.0,8.51,-8.51,100000.0,False,96
2026-05-11,97,97,renewable-energy-rss-news-volume-surge,crazy,Renewable Energy Rss News Volume Surge,0.0,8.51,-8.51,100000.0,False,68
2026-05-11,98,98,rental-car-shortage-volatility-spike,crazy,Rental Car Shortage Volatility Spike,0.0,8.51,-8.51,100000.0,False,85
2026-05-11,99,99,residential-real-estate-search-momentum-rotation,crazy,Residential Real Estate Search Momentum Rotation,0.0,8.51,-8.51,100000.0,False,69
2026-05-11,100,100,retail-rush-ahead-of-holidays,crazy,Retail Rush Ahead Of Holidays,0.0,8.51,-8.51,100000.0,False,94
2026-05-11,101,101,rss-roar,crazy,Rss Roar,0.0,8.51,-8.51,100000.0,False,92
2026-05-11,102,102,small-business-formation,crazy,Small Business Formation,0.0,8.51,-8.51,100000.0,False,96
2026-05-11,103,103,social-media-sentiment-spike,crazy,Social Media Sentiment Spike,0.0,8.51,-8.51,100000.0,False,96
2026-05-11,104,104,solar-storm-scorcher,crazy,Solar Storm Scorcher,0.0,8.51,-8.51,100000.0,False,90
2026-05-11,105,105,superbowl-futures-trade,crazy,Superbowl Futures Trade,0.0,8.51,-8.51,100000.0,False,96
2026-05-11,106,106,technology-sector-daily-ev-charger-count-surge,crazy,Technology Sector Daily Ev Charger Count Surge,0.0,8.51,-8.51,100000.0,False,90
2026-05-11,107,107,temperature-extremes-power-demand-spike-utility-boost,crazy,Temperature Extremes Power Demand Spike Utility Boost,0.0,8.51,-8.51,100000.0,False,82
2026-05-11,108,108,temperature-shock-energy-demand-flip,crazy,Temperature Shock Energy Demand Flip,0.0,8.51,-8.51,100000.0,False,85
2026-05-11,109,109,tsa,crazy,TSA Body Count,0.0,8.51,-8.51,100000.0,False,96
2026-05-11,110,110,twitter-sentiment-spike,crazy,Twitter Sentiment Spike,0.0,8.51,-8.51,100000.0,False,96
2026-05-11,111,111,utilities-sector-weekly-temperature-drop-signal,crazy,Utilities Sector Weekly Temperature Drop Signal,0.0,8.51,-8.51,100000.0,False,94
2026-05-11,112,112,utility-power-grid-stress,crazy,Utility Power Grid Stress,0.0,8.51,-8.51,100000.0,False,94
2026-05-11,113,113,utility-volatility-compression-reversion-bounce,crazy,Utility Volatility Compression Reversion Bounce,0.0,8.51,-8.51,100000.0,False,67
2026-05-11,114,114,volatility-spike-follow-through,crazy,Volatility Spike Follow-Through,0.0,8.51,-8.51,100000.0,False,96
2026-05-11,115,115,weather-disruption-ripple-effects,crazy,Weather Disruption Ripple Effects,0.0,8.51,-8.51,100000.0,False,94
2026-05-11,116,116,weather-volatility-spike,crazy,Weather Volatility Spike,0.0,8.51,-8.51,100000.0,False,96
2026-05-11,117,117,weather-windfall,crazy,Weather Windfall,0.0,8.51,-8.51,100000.0,False,92
2026-05-11,118,118,weekly-google-trends-spike-for-diy-electronics-repair-signal,crazy,Weekly Google Trends Spike For Diy Electronics Repair Signals Bullish Tech Sector,0.0,8.51,-8.51,100000.0,False,74
2026-05-11,119,119,weekly-google-trends-spike-for-small-business-loan-default-s,crazy,Weekly Google Trends Spike For Small Business Loan Default Searches,0.0,8.51,-8.51,100000.0,False,69
2026-05-11,120,120,weekly-google-trends-spike-in-searches-for-food-supply-chain,crazy,Weekly Google Trends Spike In Searches For Food Supply Chain Disruptions,0.0,8.51,-8.51,100000.0,False,69
2026-05-11,121,121,weekly-google-trends-surge-for-diy-roof-repair-searches-sign,crazy,Weekly Google Trends Surge For Diy Roof Repair Searches Signals Consumer Stress Impacting Xli,0.0,8.51,-8.51,100000.0,False,74
2026-05-11,122,122,weekly-google-trends-surge-for-home-pest-control-searches-si,crazy,Weekly Google Trends Surge For Home Pest Control Searches Signals Consumer Stress Boosting Staples,0.0,8.51,-8.51,100000.0,False,74
2026-05-11,123,123,weekly-google-trends-surge-for-used-truck-purchase-searches-,crazy,Weekly Google Trends Surge For Used Truck Purchase Searches Signals Bullish Freight Logistics,0.0,8.51,-8.51,100000.0,False,74
2026-05-11,124,124,weekly-google-trends-surge-in-searches-for-diesel-fuel-price,crazy,Weekly Google Trends Surge In Searches For Diesel Fuel Price Increase,0.0,8.51,-8.51,100000.0,False,69
2026-05-11,125,125,weekly-google-trends-surge-in-searches-for-home-solar-instal,crazy,Weekly Google Trends Surge In Searches For Home Solar Installation Financing Signals Xle Bullish,0.0,8.51,-8.51,100000.0,False,74
2026-05-11,126,126,weekly-google-trends-surge-in-searches-for-truck-driver-shor,crazy,Weekly Google Trends Surge In Searches For Truck Driver Shortage,0.0,8.51,-8.51,100000.0,False,69
2026-05-11,127,127,weekly-increase-in-google-trends-searches-for-bulk-shipping-,crazy,Weekly Increase In Google Trends Searches For Bulk Shipping Delay Signals Bearish Xlb,0.0,8.51,-8.51,100000.0,False,82
2026-05-11,128,128,weekly-increase-in-google-trends-searches-for-small-business,crazy,Weekly Increase In Google Trends Searches For Small Business Loan Default Signals Rising Credit Stress,0.0,8.51,-8.51,100000.0,False,67
2026-05-11,129,129,weekly-jump-in-google-trends-searches-for-airport-security-d,crazy,Weekly Jump In Google Trends Searches For Airport Security Delay Signals Travel Mobility Disruptions,0.0,8.51,-8.51,100000.0,False,67
2026-05-11,130,130,weekly-rise-in-google-trends-searches-for-emergency-hvac-rep,crazy,Weekly Rise In Google Trends Searches For Emergency Hvac Repair,0.0,8.51,-8.51,100000.0,False,69
2026-05-11,131,131,weekly-rise-in-google-trends-searches-for-gas-price-protest-,crazy,Weekly Rise In Google Trends Searches For Gas Price Protest Signals Bearish Xle,0.0,8.51,-8.51,100000.0,False,82
2026-05-11,132,132,weekly-surge-in-google-trends-for-diy-roof-repair-signals-co,crazy,Weekly Surge In Google Trends For Diy Roof Repair Signals Consumer Stress Lifting Industrial Sector,0.0,8.51,-8.51,100000.0,False,68
2026-05-11,133,133,weekly-surge-in-google-trends-for-diy-solar-panel-repair-sig,crazy,Weekly Surge In Google Trends For Diy Solar Panel Repair Signals Green Energy Sector Rebound,0.0,8.51,-8.51,100000.0,False,75
2026-05-11,134,134,weekly-surge-in-google-trends-for-emergency-plumbing-repair-,crazy,Weekly Surge In Google Trends For Emergency Plumbing Repair Signals Consumer Stress Lifting Discretionary Sector,0.0,8.51,-8.51,100000.0,False,68
2026-05-11,135,135,weekly-surge-in-google-trends-for-home-heating-oil-shortage-,crazy,Weekly Surge In Google Trends For Home Heating Oil Shortage Signals Bullish Xle,0.0,8.51,-8.51,100000.0,False,76
2026-05-11,136,136,weekly-surge-in-google-trends-for-hotel-room-shortage-signal,crazy,Weekly Surge In Google Trends For Hotel Room Shortage Signals Travel Sector Tightness,0.0,8.51,-8.51,100000.0,False,78
2026-05-11,137,137,weekly-surge-in-google-trends-for-job-interview-preparation-,crazy,Weekly Surge In Google Trends For Job Interview Preparation Searches,0.0,8.51,-8.51,100000.0,False,69
2026-05-11,138,138,weekly-surge-in-google-trends-searches-for-diy-bicycle-repai,crazy,Weekly Surge In Google Trends Searches For Diy Bicycle Repair,0.0,8.51,-8.51,100000.0,False,69
2026-05-11,139,139,weekly-surge-in-google-trends-searches-for-home-improvement-,crazy,Weekly Surge In Google Trends Searches For Home Improvement Loan Signals Consumer Stress Lifting Xly,0.0,8.51,-8.51,100000.0,False,82
2026-05-11,140,140,weekly-surge-in-google-trends-searches-for-warehouse-worker-,crazy,Weekly Surge In Google Trends Searches For Warehouse Worker Shortage Signals Labor Tightness,0.0,8.51,-8.51,100000.0,False,67
2026-05-11,141,141,weekly-surge-in-openchargemap-ev-charger-installations-signa,crazy,Weekly Surge In Openchargemap Ev Charger Installations Signals Bullish Xlc,0.0,8.51,-8.51,100000.0,False,84
2026-05-11,142,142,work-from-home-frenzy,crazy,Work From Home Frenzy,0.0,8.51,-8.51,100000.0,False,94
2026-05-11,143,143,xlb-daily-volatility-contraction-breakout,crazy,Xlb Daily Volatility Contraction Breakout,0.0,8.51,-8.51,100000.0,False,92
2026-05-11,144,144,xlu-weekly-cold-snap-weather-correlation,crazy,Xlu Weekly Cold Snap Weather Correlation,0.0,8.51,-8.51,100000.0,False,92
2026-05-11,145,145,xlv-google-trends-flu-search-spike,crazy,Xlv Google Trends Flu Search Spike,0.0,8.51,-8.51,100000.0,False,92
2026-05-11,146,146,yelp-closure-velocity,crazy,Yelp Closure Velocity,0.0,8.51,-8.51,100000.0,False,87
2026-05-11,147,147,yield-curve-regime,crazy,Yield Curve Regime,0.0,8.51,-8.51,100000.0,False,96
2026-05-11,148,148,port-congestion-squeeze,crazy,Port Congestion Squeeze,-0.01,8.51,-8.52,99990.05,False,94
2026-05-11,149,149,shipping-container-squeeze-play,crazy,Shipping Container Squeeze Play,-0.01,8.51,-8.52,99990.05,False,85
2026-05-11,150,150,google-trends-surge-in-luxury-good-searches,crazy,Google Trends Surge In Luxury Good Searches,-0.02,8.51,-8.53,99979.84,False,74
2026-05-11,151,151,port-container-volume,crazy,Port Container Volume,-0.02,8.51,-8.53,99980.1,False,96
2026-05-11,152,154,regional-earthquake-cluster-insurance-demand-spike,crazy,Regional Earthquake Cluster Insurance Demand Spike,-0.02,8.51,-8.54,99975.83,False,67
2026-05-11,153,152,weekly-google-trends-surge-in-home-appliance-repair-searches,crazy,Weekly Google Trends Surge In Home Appliance Repair Searches Signals Bullish Consumer Discretionary,-0.02,8.51,-8.53,99982.54,False,77
2026-05-11,154,153,daily-spike-in-google-trends-for-home-air-purifier-repair-si,crazy,Daily Spike In Google Trends For Home Air Purifier Repair Signals Consumer Stress Rebound In Discretionary Sector,-0.03,8.51,-8.54,99971.86,False,75
2026-05-11,155,155,weekly-spike-in-google-trends-for-electric-vehicle-battery-r,crazy,Weekly Spike In Google Trends For Electric Vehicle Battery Replacement Signals Consumer Stress Lifting Industrial Sector,-0.03,8.51,-8.54,99969.08,False,68
2026-05-11,156,156,weekly-surge-in-job-postings-for-warehouse-workers-signals-b,crazy,Weekly Surge In Job Postings For Warehouse Workers Signals Bullish Xli,-0.03,8.51,-8.54,99974.53,False,82
2026-05-11,157,157,consumer-discretionary-google-trends-surge-for-sale-keywords,crazy,Consumer Discretionary Google Trends Surge For Sale Keywords,-0.04,8.51,-8.55,99960.96,False,90
2026-05-11,158,158,weekly-surge-in-google-trends-searches-for-commuting-strike-,crazy,Weekly Surge In Google Trends Searches For Commuting Strike Signals Bearish Xly,-0.04,8.51,-8.55,99958.3,False,82
2026-05-11,159,159,real-estate-sector-weekly-google-trends-home-buying-surge,crazy,Real Estate Sector Weekly Google Trends Home Buying Surge,-0.05,8.51,-8.56,99954.77,False,94
2026-05-11,160,160,eia-electricity-demand-shock-rebound-spread,crazy,Eia Electricity Demand Shock Rebound Spread,-0.06,8.51,-8.57,99940.31,False,75
2026-05-11,161,161,travel-booking-momentum-divergence,crazy,Travel Booking Momentum Divergence,-0.06,8.51,-8.57,99943.44,False,68
2026-05-11,162,162,daily-spike-in-google-trends-for-emergency-dental-care-signa,crazy,Daily Spike In Google Trends For Emergency Dental Care Signals Consumer Stress Impacting Health Sector,-0.07,8.51,-8.58,99927.72,False,68
2026-05-11,163,163,daily-spike-in-google-trends-searches-for-electric-vehicle-b,crazy,Daily Spike In Google Trends Searches For Electric Vehicle Battery Replacement,-0.08,8.51,-8.59,99921.33,False,69
2026-05-11,164,164,daily-spike-in-rss-news-counts-around-labor-union-contract-n,crazy,Daily Spike In Rss News Counts Around Labor Union Contract Negotiation Signals Bearish Xlf,-0.08,8.51,-8.59,99922.34,False,82
2026-05-11,165,165,healthcare-sector-google-trends-spike-in-flu-symptoms,crazy,Healthcare Sector Google Trends Spike In Flu Symptoms,-0.08,8.51,-8.59,99917.38,False,90
2026-05-11,166,171,weekly-google-trends-surge-in-energy-bill-shock-signals-cons,crazy,Weekly Google Trends Surge In Energy Bill Shock Signals Consumer Stress Impacting Utilities,-0.08,8.51,-8.6,99915.28,False,78
2026-05-11,167,172,weekly-google-trends-surge-in-home-energy-bill-shock-signals,crazy,Weekly Google Trends Surge In Home Energy Bill Shock Signals Bullish Utilities,-0.08,8.51,-8.6,99915.28,False,77
2026-05-11,168,166,weekly-increase-in-usgs-earthquake-activity-within-key-logis,crazy,Weekly Increase In Usgs Earthquake Activity Within Key Logistics Hubs Signals Potential Freight Delays,-0.08,8.51,-8.59,99923.09,False,67
2026-05-11,169,167,weekly-surge-in-google-trends-searches-for-truck-driver-stri,crazy,Weekly Surge In Google Trends Searches For Truck Driver Strike Signals Imminent Logistics Disruption,-0.08,8.51,-8.59,99922.61,False,67
2026-05-11,170,168,bank-stress-index-volatility-fear-crush-reversal,crazy,Bank Stress Index Volatility Fear Crush Reversal,-0.09,8.51,-8.6,99910.26,False,82
2026-05-11,171,169,financial-sector-volatility-crush-trade,crazy,Financial Sector Volatility Crush Trade,-0.09,8.51,-8.6,99910.26,False,77
2026-05-11,172,170,retail-roulette,crazy,Retail Roulette,-0.09,8.51,-8.6,99913.43,False,92
2026-05-11,173,173,xlu-daily-electricity-demand-surge,crazy,Xlu Daily Electricity Demand Surge,-0.1,8.51,-8.61,99898.68,False,92
2026-05-11,174,178,daily-spike-in-rss-news-counts-mentioning-politician-insider,crazy,Daily Spike In Rss News Counts Mentioning Politician Insider Buying Tech Stock Signals Bullish Xlk,-0.11,8.51,-8.63,99886.48,False,82
2026-05-11,175,174,rss-news-volume-spike-on-food-supply-chain-disruptions,crazy,Rss News Volume Spike On Food Supply Chain Disruptions,-0.11,8.51,-8.62,99893.76,False,74
2026-05-11,176,175,weekly-google-trends-spike-for-diy-car-repair-signals-bullis,crazy,Weekly Google Trends Spike For Diy Car Repair Signals Bullish Xly,-0.11,8.51,-8.62,99892.81,False,79
2026-05-11,177,176,xlb-weekly-rss-news-count-spike-on-commodity-shortage,crazy,Xlb Weekly Rss News Count Spike On Commodity Shortage,-0.11,8.51,-8.62,99889.8,False,92
2026-05-11,178,177,daily-jump-in-google-trends-searches-for-home-renovation-per,crazy,Daily Jump In Google Trends Searches For Home Renovation Permits,-0.12,8.51,-8.63,99884.41,False,69
2026-05-11,179,179,attention-sentiment-spike-daily-surge-in-news-rss-counts-men,crazy,Attention Sentiment Spike Daily Surge In News Rss Counts Mentioning Cyberattack Triggers Bullish Xlc,-0.13,8.51,-8.64,99874.41,False,84
2026-05-11,180,180,daily-spike-in-rss-counts-for-cybersecurity-breach-news-trig,crazy,Daily Spike In Rss Counts For Cybersecurity Breach News Triggers Bearish Xlk,-0.13,8.51,-8.64,99874.86,False,82
2026-05-11,181,181,utilities-sector-negative-price-gap-fill,crazy,Utilities Sector Negative Price Gap Fill,-0.13,8.51,-8.64,99869.36,False,90
2026-05-11,182,182,weekly-spike-in-google-trends-for-home-cooling-failure-signa,crazy,Weekly Spike In Google Trends For Home Cooling Failure Signals Bearish Xlu,-0.13,8.51,-8.64,99869.64,False,82
2026-05-11,183,183,electricity-enlightenment,crazy,Electricity Enlightenment,-0.14,8.51,-8.65,99857.33,False,92
2026-05-11,184,184,finra-dark-pool-signal,crazy,FINRA Dark Pool Signal,-0.14,8.51,-8.65,99861.25,False,87
2026-05-11,185,185,seismic-activity-construction-halt-signal,crazy,Seismic Activity Construction Halt Signal,-0.14,8.51,-8.65,99861.92,False,85
2026-05-11,186,186,tremor-tension,crazy,Tremor Tension,-0.14,8.51,-8.65,99864.21,False,92
2026-05-11,187,187,oil-price-momentum-reversal-energy-sector-bounce,crazy,Oil Price Momentum Reversal Energy Sector Bounce,-0.15,8.51,-8.66,99849.11,False,79
2026-05-11,188,188,daily-jump-in-google-trends-searches-for-emergency-dental-ca,crazy,Daily Jump In Google Trends Searches For Emergency Dental Care,-0.17,8.51,-8.68,99832.34,False,69
2026-05-11,189,189,industrial-sector-weekly-earthquake-activity-correlation-dip,crazy,Industrial Sector Weekly Earthquake Activity Correlation Dip,-0.19,8.51,-8.7,99813.1,False,90
2026-05-11,190,190,wage-growth-demand-surge-fast-food-google-trends,crazy,Wage Growth Demand Surge Fast Food Google Trends,-0.2,8.51,-8.71,99799.52,False,78
2026-05-11,191,191,weekly-google-trends-surge-in-fast-food-job-openings-signals,crazy,Weekly Google Trends Surge In Fast Food Job Openings Signals Bullish Consumer Discretionary,-0.21,8.51,-8.72,99792.0,False,77
2026-05-11,192,195,daily-spike-in-daily-earthquake-activity-near-major-logistic,crazy,Daily Spike In Daily Earthquake Activity Near Major Logistics Hubs Signals Bearish Xli,-0.22,8.51,-8.74,99775.64,False,82
2026-05-11,193,192,google-gusts,crazy,Google Gusts,-0.22,8.51,-8.73,99776.74,False,92
2026-05-11,194,193,news-sentiment-rotation-fade-trade,crazy,News Sentiment Rotation Fade Trade,-0.22,8.51,-8.73,99777.0,False,85
2026-05-11,195,194,weekly-surge-in-google-trends-searches-for-city-water-outage,crazy,Weekly Surge In Google Trends Searches For City Water Outage Signals Bearish Xlre,-0.22,8.51,-8.73,99773.32,False,82
2026-05-11,196,196,weekly-rise-in-google-trends-interest-for-food-delivery-dela,crazy,Weekly Rise In Google Trends Interest For Food Delivery Delay Signals Bearish Xlp,-0.24,8.51,-8.75,99758.32,False,82
2026-05-11,197,197,weekly-surge-in-google-trends-for-inflation-hedge-gold-signa,crazy,Weekly Surge In Google Trends For Inflation Hedge Gold Signals Bullish Xlb,-0.29,8.51,-8.81,99696.68,False,79
2026-05-11,198,198,grocery-store-foot-traffic-collapse-signal,crazy,Grocery Store Foot Traffic Collapse Signal,-0.33,8.51,-8.84,99673.9,False,85
2026-05-11,199,199,xle-weekly-drawdown-rebound-signal,crazy,Xle Weekly Drawdown Rebound Signal,-0.33,8.51,-8.84,99667.3,False,92
2026-05-11,200,200,daily-surge-in-google-trends-searches-for-electric-vehicle-c,crazy,Daily Surge In Google Trends Searches For Electric Vehicle Charging Station Outages,-0.35,8.51,-8.86,99651.01,False,69
2026-05-11,201,201,healthcare-cost-shock-google-search-spike,crazy,Healthcare Cost Shock Google Search Spike,-0.37,8.51,-8.88,99617.84,False,85
2026-05-11,202,202,xlc-weekly-google-trends-surge-in-5g-rollout,crazy,Xlc Weekly Google Trends Surge In 5g Rollout,-0.41,8.51,-8.92,99592.39,False,92
2026-05-11,203,203,daily-spike-in-google-trends-for-emergency-plumbing-repair-s,crazy,Daily Spike In Google Trends For Emergency Plumbing Repair Signals Consumer Stress Rebound Benefiting Discretionary Sector,-0.42,8.51,-8.93,99572.85,False,75
2026-05-11,204,204,healthcare-cost-google-trends-acceleration-index,crazy,Healthcare Cost Google Trends Acceleration Index,-0.53,8.51,-9.05,99466.5,False,74
2026-05-11,205,206,daily-jump-in-google-trends-searches-for-home-water-heater-r,crazy,Daily Jump In Google Trends Searches For Home Water Heater Repair Signals Consumer Stress Lifting Xly,-0.61,8.51,-9.13,99385.03,False,76
2026-05-11,206,205,housing-permit-velocity,crazy,Housing Permit Velocity,-0.61,8.51,-9.12,99387.08,False,96
2026-05-11,207,207,mortgage-rate-housing-proxy,crazy,Mortgage Rate Housing Proxy,-0.67,8.51,-9.18,99330.25,False,96
2026-05-11,208,208,weekly-surge-in-google-trends-searches-for-diy-home-repair-s,crazy,Weekly Surge In Google Trends Searches For Diy Home Repair Signals Consumer Stress Lifting Xly,-0.79,8.51,-9.3,99212.48,False,84
2026-05-11,209,209,vix-term-structure,crazy,VIX Term Structure,-1.13,8.51,-9.64,98868.38,False,87
2026-05-11,210,210,liquor,crazy,Liquor Store Leading Indicator,-1.4,8.51,-9.92,98596.17,False,96
2026-05-11,211,211,electricity-consumption,crazy,Electricity Consumption,-2.14,8.51,-10.65,97862.57,False,96
2026-05-11,212,212,vix-fear-rotation,crazy,VIX Fear Rotation,-2.88,8.51,-11.39,97122.05,False,87
2026-05-11,213,213,biscotti,crazy,Algo Biscotti (Unconditional Loyalty),-4.24,8.51,-12.76,95755.02,False,96
2026-05-11,214,214,biscotti,normal,Algo Biscotti (Unconditional Loyalty),-4.54,8.51,-13.05,95457.15,False,97
2026-05-11,215,215,baileymol,crazy,Chaos Rotation Lab,-6.22,8.51,-14.73,93782.43,False,96
2026-05-12,1,1,simple_monthly,normal,Quantified Simple Monthly Rotation,9.83,8.35,1.49,109832.33,True,98
2026-05-12,2,2,baileymol,normal,Algo Baileymol (Chaos Monger),7.72,8.35,-0.62,107723.93,False,98
2026-05-12,3,3,faber,normal,Faber Momentum Rotation,6.03,8.35,-2.32,106026.96,False,98
2026-05-12,4,4,dmsr,normal,Antonacci Dual Momentum Sector Rotation,5.59,8.35,-2.76,105591.51,False,98
2026-05-12,5,5,uber-mobility,crazy,Uber Mobility Index,3.65,8.35,-4.7,103651.67,False,97
2026-05-12,6,6,retail-sales-momentum,crazy,Retail Sales Momentum,3.64,8.35,-4.71,103641.51,False,97
2026-05-12,7,7,job-posting-acceleration,crazy,Job Posting Acceleration,2.07,8.35,-6.28,102067.59,False,97
2026-05-12,8,8,insider-trading-signals,crazy,Insider Trading Signals,0.94,8.35,-7.4,100944.33,False,97
2026-05-12,9,9,freight-rail-carloads,crazy,Freight Rail Carloads,0.88,8.35,-7.47,100880.21,False,97
2026-05-12,10,10,truck-tonnage,crazy,Truck Tonnage Index,0.76,8.35,-7.58,100763.1,False,97
2026-05-12,11,11,finra-dark-pool-signal,crazy,FINRA Dark Pool Signal,0.41,8.35,-7.93,100412.73,False,88
2026-05-12,12,12,copper-momentum,crazy,Copper Momentum,0.33,8.35,-8.01,100332.95,False,97
2026-05-12,13,13,lumber-momentum,crazy,Lumber Momentum,0.24,8.35,-8.11,100242.2,False,97
2026-05-12,14,15,weekly-google-trends-surge-in-diy-electronics-repair-signals,crazy,Weekly Google Trends Surge In Diy Electronics Repair Signals Tech Consumer Stress Lift,0.08,8.35,-8.27,100081.02,False,79
2026-05-12,15,16,weekly-surge-in-google-trends-searches-for-diy-electronics-r,crazy,Weekly Surge In Google Trends Searches For Diy Electronics Repair Signals Bullish Xlk,0.08,8.35,-8.27,100081.88,False,83
2026-05-12,16,17,daily-jump-in-consumer-stress-google-trends-searches-for-car,crazy,Daily Jump In Consumer Stress Google Trends Searches For Car Repossession Signals Rising Financial Distress,0.07,8.35,-8.28,100070.09,False,68
2026-05-12,17,18,earthquake-aftershock-insurance-claims-spike,crazy,Earthquake Aftershock Insurance Claims Spike,0.07,8.35,-8.28,100070.66,False,75
2026-05-12,18,14,recession-whisper-google-trends-unemployment-search-surge,crazy,Recession Whisper Google Trends Unemployment Search Surge,0.07,8.35,-8.27,100072.76,False,79
2026-05-12,19,19,price-momentum-reversion-in-defensive-sectors-after-tech-cra,crazy,Price Momentum Reversion In Defensive Sectors After Tech Crash,0.06,8.35,-8.29,100061.6,False,76
2026-05-12,20,20,earthquake-aftershock-amplifier,crazy,Earthquake Aftershock Amplifier,0.05,8.35,-8.3,100047.52,False,91
2026-05-12,21,21,google-trends-surge-in-used-car-price-searches,crazy,Google Trends Surge In Used Car Price Searches,0.04,8.35,-8.31,100038.19,False,77
2026-05-12,22,22,semiconductor-moonshot-warning,crazy,Semiconductor Moonshot Warning,0.04,8.35,-8.31,100041.43,False,91
2026-05-12,23,23,weekly-spike-in-google-trends-searches-for-warehouse-automat,crazy,Weekly Spike In Google Trends Searches For Warehouse Automation Failure Signals Bearish Xli,0.04,8.35,-8.31,100039.42,False,83
2026-05-12,24,24,healthcare-cost-inflation-google-trends-acceleration,crazy,Healthcare Cost Inflation Google Trends Acceleration,0.03,8.35,-8.32,100030.67,False,67
2026-05-12,25,25,materials-sector-weekly-positive-correlation-breakdown-with-,crazy,Materials Sector Weekly Positive Correlation Breakdown With Xlb,0.03,8.35,-8.32,100025.87,False,91
2026-05-12,26,27,weekly-surge-in-google-trends-for-diy-electronics-repair-sig,crazy,Weekly Surge In Google Trends For Diy Electronics Repair Signals Bullish Xlk,0.03,8.35,-8.32,100027.01,False,77
2026-05-12,27,28,daily-spike-in-usgs-earthquake-activity-near-key-industrial-,crazy,Daily Spike In Usgs Earthquake Activity Near Key Industrial Hubs,0.02,8.35,-8.33,100015.96,False,70
2026-05-12,28,26,staples-sector-drawdown-rapid-recovery,crazy,Staples Sector Drawdown Rapid Recovery,0.02,8.35,-8.32,100024.7,False,91
2026-05-12,29,29,airline-fuel-cost-volatility-expansion,crazy,Airline Fuel Cost Volatility Expansion,0.0,8.35,-8.35,100000.0,False,67
2026-05-12,30,30,airline-load-factor,crazy,Airline Load Factor Proxy,0.0,8.35,-8.35,100000.0,False,97
2026-05-12,31,31,airport-security-surge,crazy,Airport Security Surge,0.0,8.35,-8.35,100000.0,False,95
2026-05-12,32,32,airport-shopping-spree,crazy,Airport Shopping Spree,0.0,8.35,-8.35,100000.0,False,97
2026-05-12,33,33,bankruptcy-filing-rate,crazy,Bankruptcy Filing Rate,0.0,8.35,-8.35,100000.0,False,97
2026-05-12,34,34,calls311,crazy,311 Call Rotation,0.0,8.35,-8.35,100000.0,False,97
2026-05-12,35,35,cardboard,crazy,Cardboard Box Index,0.0,8.35,-8.35,100000.0,False,97
2026-05-12,36,36,cloud-storage-demand-surge,crazy,Cloud Storage Demand Surge,0.0,8.35,-8.35,100000.0,False,97
2026-05-12,37,37,congress,crazy,Congress Trading Fade,0.0,8.35,-8.35,100000.0,False,97
2026-05-12,38,38,consumer-sentiment,crazy,Consumer Sentiment,0.0,8.35,-8.35,100000.0,False,97
2026-05-12,39,39,craigslist,crazy,Craigslist Desperation Index,0.0,8.35,-8.35,100000.0,False,97
2026-05-12,40,40,credit-card-delinquency,crazy,Credit Card Delinquency,0.0,8.35,-8.35,100000.0,False,97
2026-05-12,41,41,crypto-capitulation-countdown,crazy,Crypto Capitulation Countdown,0.0,8.35,-8.35,100000.0,False,91
2026-05-12,42,42,crypto-derivative-arbitrage,crazy,Crypto Derivative Arbitrage,0.0,8.35,-8.35,100000.0,False,97
2026-05-12,43,43,daily-jump-in-google-trends-for-emergency-plumber-signals-ri,crazy,Daily Jump In Google Trends For Emergency Plumber Signals Rising Local Economy Stress Benefiting Staples,0.0,8.35,-8.35,100000.24,False,67
2026-05-12,44,44,daily-jump-in-google-trends-for-solar-panel-repair-searches-,crazy,Daily Jump In Google Trends For Solar Panel Repair Searches Signals Green Energy Sector Rebound,0.0,8.35,-8.35,100000.0,False,75
2026-05-12,45,45,daily-jump-in-google-trends-searches-for-electric-vehicle-ba,crazy,Daily Jump In Google Trends Searches For Electric Vehicle Battery Failure Signals Consumer Tech Stress,0.0,8.35,-8.35,100000.0,False,68
2026-05-12,46,46,daily-jump-in-rss-news-counts-mentioning-labor-strike-signal,crazy,Daily Jump In Rss News Counts Mentioning Labor Strike Signals Imminent Industrial Disruption,0.0,8.35,-8.35,100000.0,False,68
2026-05-12,47,47,daily-spike-in-ev-charger-installations-signals-bullish-xlc,crazy,Daily Spike In Ev Charger Installations Signals Bullish Xlc,0.0,8.35,-8.35,100000.0,False,80
2026-05-12,48,48,daily-spike-in-freight-logistics-rss-news-volume-mentioning-,crazy,Daily Spike In Freight Logistics Rss News Volume Mentioning Port Labor Strike Triggers Bearish Xli,0.0,8.35,-8.35,100000.0,False,83
2026-05-12,49,49,daily-spike-in-google-trends-for-emergency-vehicle-repair-si,crazy,Daily Spike In Google Trends For Emergency Vehicle Repair Signals Consumer Stress Lifting Industrial Sector,0.0,8.35,-8.35,100000.0,False,76
2026-05-12,50,50,daily-spike-in-google-trends-searches-for-airline-flight-del,crazy,Daily Spike In Google Trends Searches For Airline Flight Delay Compensation,0.0,8.35,-8.35,100000.0,False,70
2026-05-12,51,51,daily-spike-in-google-trends-searches-for-emergency-car-batt,crazy,Daily Spike In Google Trends Searches For Emergency Car Battery Replacement Signals Consumer Stress Impacting Discretionary,0.0,8.35,-8.35,100000.0,False,75
2026-05-12,52,52,daily-spike-in-google-trends-searches-for-emergency-plumber-,crazy,Daily Spike In Google Trends Searches For Emergency Plumber Signals Consumer Home Repair Stress,0.0,8.35,-8.35,100000.0,False,68
2026-05-12,53,53,daily-spike-in-google-trends-searches-for-home-heating-syste,crazy,Daily Spike In Google Trends Searches For Home Heating System Failure Signals Winter Utility Stress,0.0,8.35,-8.35,100000.0,False,68
2026-05-12,54,54,daily-surge-in-google-trends-searches-for-home-heating-syste,crazy,Daily Surge In Google Trends Searches For Home Heating System Failure Signals Consumer Stress Impacting Utilities,0.0,8.35,-8.35,100000.0,False,76
2026-05-12,55,55,earthquake-energy-demand,crazy,Earthquake Energy Demand Indicator,0.0,8.35,-8.35,100000.0,False,97
2026-05-12,56,56,electric-vehicle-charge-station-density,crazy,Electric Vehicle Charge Station Density,0.0,8.35,-8.35,100000.0,False,97
2026-05-12,57,57,electricity-demand-spike-weather-anomaly,crazy,Electricity Demand Spike Weather Anomaly,0.0,8.35,-8.35,100000.0,False,77
2026-05-12,58,58,energy-sector-sudden-weekly-volatility-spike,crazy,Energy Sector Sudden Weekly Volatility Spike,0.0,8.35,-8.35,100000.0,False,88
2026-05-12,59,59,energy-sector-weekly-drawdown-exhaustion,crazy,Energy Sector Weekly Drawdown Exhaustion,0.0,8.35,-8.35,100000.0,False,91
2026-05-12,60,60,ev-charger-density-saturation-play,crazy,Ev Charger Density Saturation Play,0.0,8.35,-8.35,100000.0,False,86
2026-05-12,61,61,ev-charger-deployment-sprint-acceleration,crazy,Ev Charger Deployment Sprint Acceleration,0.0,8.35,-8.35,100000.0,False,69
2026-05-12,62,62,ev-charger-expansion-frenzy,crazy,Ev Charger Expansion Frenzy,0.0,8.35,-8.35,100000.0,False,77
2026-05-12,63,63,ev-charger-expansion-momentum-surge,crazy,Ev Charger Expansion Momentum Surge,0.0,8.35,-8.35,100000.0,False,70
2026-05-12,64,64,ev-charger-expansion-velocity-boom,crazy,Ev Charger Expansion Velocity Boom,0.0,8.35,-8.35,100000.0,False,67
2026-05-12,65,65,ev-charger-installation-acceleration-play,crazy,Ev Charger Installation Acceleration Play,0.0,8.35,-8.35,100000.0,False,78
2026-05-12,66,66,ev-charger-network-density-surge-bullish-signal,crazy,Ev Charger Network Density Surge Bullish Signal,0.0,8.35,-8.35,100000.0,False,80
2026-05-12,67,67,ev-charger-network-expansion-acceleration,crazy,Ev Charger Network Expansion Acceleration,0.0,8.35,-8.35,100000.0,False,75
2026-05-12,68,68,ev-charger-network-expansion-sprint-demand-surge,crazy,Ev Charger Network Expansion Sprint Demand Surge,0.0,8.35,-8.35,100000.0,False,83
2026-05-12,69,69,ev-charger-network-expansion-velocity-surge,crazy,Ev Charger Network Expansion Velocity Surge,0.0,8.35,-8.35,100000.0,False,76
2026-05-12,70,70,ev-charging-boom,crazy,Ev Charging Boom,0.0,8.35,-8.35,100000.0,False,95
2026-05-12,71,71,ev-charging-station-stampede,crazy,Ev Charging Station Stampede,0.0,8.35,-8.35,100000.0,False,91
2026-05-12,72,72,ev-euphoria,crazy,Ev Euphoria,0.0,8.35,-8.35,100000.0,False,93
2026-05-12,73,73,financial-sector-momentum-divergence-with-spy,crazy,Financial Sector Momentum Divergence With Spy,0.0,8.35,-8.35,100000.0,False,91
2026-05-12,74,74,fintech-disruption-wave,crazy,Fintech Disruption Wave,0.0,8.35,-8.35,100000.0,False,95
2026-05-12,75,75,freight-rail-congestion-rss-volume-explosion,crazy,Freight Rail Congestion Rss Volume Explosion,0.0,8.35,-8.35,100000.0,False,67
2026-05-12,76,76,glassdoor,crazy,Glassdoor Misery Gradient,0.0,8.35,-8.35,100000.0,False,97
2026-05-12,77,77,global-tech-earnings-momentum,crazy,Global Tech Earnings Momentum,0.0,8.35,-8.35,100000.0,False,95
2026-05-12,78,78,gold-volatility-vol-of-vol-spike,crazy,Gold Volatility Vol-of-vol Spike,0.0,8.35,-8.35,100000.0,False,78
2026-05-12,79,79,google-trends-surge-in-flight-delay-complaints,crazy,Google Trends Surge In Flight Delay Complaints,0.0,8.35,-8.35,100000.0,False,76
2026-05-12,80,80,health-insurance-deductible-shock-searches,crazy,Health Insurance Deductible Shock Searches,0.0,8.35,-8.35,100000.0,False,69
2026-05-12,81,81,healthcare-cost-shock-google-trends-spike,crazy,Healthcare Cost Shock Google Trends Spike,0.0,8.35,-8.35,100000.0,False,77
2026-05-12,82,82,high-yield-spread-regime,crazy,High Yield Spread Regime,0.0,8.35,-8.35,100000.0,False,97
2026-05-12,83,83,linkedin,crazy,LinkedIn Layoff Propagation,0.0,8.35,-8.35,100000.0,False,97
2026-05-12,84,84,lumber-futures-rollercoaster,crazy,Lumber Futures Rollercoaster,0.0,8.35,-8.35,100000.0,False,91
2026-05-12,85,85,materials-sector-weekly-volatility-contraction-breakout,crazy,Materials Sector Weekly Volatility Contraction Breakout,0.0,8.35,-8.35,100000.0,False,88
2026-05-12,86,86,mortgage-refinance-wave-google-trends-surge,crazy,Mortgage Refinance Wave Google Trends Surge,0.0,8.35,-8.35,100000.0,False,78
2026-05-12,87,87,natural-gas-futures-volatility-pump-rotation,crazy,Natural Gas Futures Volatility Pump Rotation,0.0,8.35,-8.35,100000.0,False,68
2026-05-12,88,88,online-ad-impression-volatility,crazy,Online Ad Impression Volatility Trader,0.0,8.35,-8.35,100000.0,False,97
2026-05-12,89,89,patent-filing-velocity,crazy,Patent Filing Velocity,0.0,8.35,-8.35,100000.0,False,88
2026-05-12,90,90,pet-food-supply-chain,crazy,Pet Food Supply Chain Disruption,0.0,8.35,-8.35,100000.0,False,97
2026-05-12,91,91,reddit-emoji-sentiment-spike,crazy,Reddit Emoji Sentiment Spike,0.0,8.35,-8.35,100000.0,False,97
2026-05-12,92,92,reddit-gaming-thread-spike,crazy,Reddit Gaming Thread Spike,0.0,8.35,-8.35,100000.0,False,97
2026-05-12,93,93,reddit-mentions-volatility-spike,crazy,Reddit Mentions Volatility Spike,0.0,8.35,-8.35,100000.0,False,97
2026-05-12,94,94,reddit-sentiment-spike-trend,crazy,Reddit Sentiment Spike Trend,0.0,8.35,-8.35,100000.0,False,97
2026-05-12,95,95,reddit-sentiment-spike,crazy,Reddit Sentiment Spike,0.0,8.35,-8.35,100000.0,False,97
2026-05-12,96,96,reddit-sentiment-volatility-spike,crazy,Reddit Sentiment Volatility Spike,0.0,8.35,-8.35,100000.0,False,97
2026-05-12,97,97,reddit-subreddit-mention-spike,crazy,Reddit Subreddit Mention Spike,0.0,8.35,-8.35,100000.0,False,97
2026-05-12,98,98,reddit-subreddit-sentiment-spike,crazy,Reddit Subreddit Sentiment Spike,0.0,8.35,-8.35,100000.0,False,97
2026-05-12,99,99,reddit-subreddit-surge-momentum,crazy,Reddit Subreddit Surge Momentum,0.0,8.35,-8.35,100000.0,False,97
2026-05-12,100,100,reddit-volatility-spike,crazy,Reddit Volatility Spike,0.0,8.35,-8.35,100000.0,False,97
2026-05-12,101,101,renewable-energy-rss-news-volume-surge,crazy,Renewable Energy Rss News Volume Surge,0.0,8.35,-8.35,100000.0,False,69
2026-05-12,102,102,rental-car-shortage-volatility-spike,crazy,Rental Car Shortage Volatility Spike,0.0,8.35,-8.35,100000.0,False,86
2026-05-12,103,103,residential-real-estate-search-momentum-rotation,crazy,Residential Real Estate Search Momentum Rotation,0.0,8.35,-8.35,100000.0,False,70
2026-05-12,104,104,retail-rush-ahead-of-holidays,crazy,Retail Rush Ahead Of Holidays,0.0,8.35,-8.35,100000.0,False,95
2026-05-12,105,105,rss-roar,crazy,Rss Roar,0.0,8.35,-8.35,100000.0,False,93
2026-05-12,106,106,small-business-formation,crazy,Small Business Formation,0.0,8.35,-8.35,100000.0,False,97
2026-05-12,107,107,social-media-sentiment-spike,crazy,Social Media Sentiment Spike,0.0,8.35,-8.35,100000.0,False,97
2026-05-12,108,108,solar-storm-scorcher,crazy,Solar Storm Scorcher,0.0,8.35,-8.35,100000.0,False,91
2026-05-12,109,109,superbowl-futures-trade,crazy,Superbowl Futures Trade,0.0,8.35,-8.35,100000.0,False,97
2026-05-12,110,110,technology-sector-daily-ev-charger-count-surge,crazy,Technology Sector Daily Ev Charger Count Surge,0.0,8.35,-8.35,100000.0,False,91
2026-05-12,111,111,temperature-extremes-power-demand-spike-utility-boost,crazy,Temperature Extremes Power Demand Spike Utility Boost,0.0,8.35,-8.35,100000.0,False,83
2026-05-12,112,112,temperature-shock-energy-demand-flip,crazy,Temperature Shock Energy Demand Flip,0.0,8.35,-8.35,100000.0,False,86
2026-05-12,113,113,tsa,crazy,TSA Body Count,0.0,8.35,-8.35,100000.0,False,97
2026-05-12,114,114,twitter-sentiment-spike,crazy,Twitter Sentiment Spike,0.0,8.35,-8.35,100000.0,False,97
2026-05-12,115,115,utilities-sector-weekly-temperature-drop-signal,crazy,Utilities Sector Weekly Temperature Drop Signal,0.0,8.35,-8.35,100000.0,False,95
2026-05-12,116,116,utility-power-grid-stress,crazy,Utility Power Grid Stress,0.0,8.35,-8.35,100000.0,False,95
2026-05-12,117,117,utility-volatility-compression-reversion-bounce,crazy,Utility Volatility Compression Reversion Bounce,0.0,8.35,-8.35,100000.0,False,68
2026-05-12,118,118,volatility-spike-follow-through,crazy,Volatility Spike Follow-Through,0.0,8.35,-8.35,100000.0,False,97
2026-05-12,119,119,weather-disruption-ripple-effects,crazy,Weather Disruption Ripple Effects,0.0,8.35,-8.35,100000.0,False,95
2026-05-12,120,120,weather-extremes-utility-demand-spike,crazy,Weather Extremes Utility Demand Spike,0.0,8.35,-8.35,100000.0,False,67
2026-05-12,121,121,weather-volatility-spike,crazy,Weather Volatility Spike,0.0,8.35,-8.35,100000.0,False,97
2026-05-12,122,122,weather-windfall,crazy,Weather Windfall,0.0,8.35,-8.35,100000.0,False,93
2026-05-12,123,123,weekly-google-trends-spike-for-diy-electronics-repair-signal,crazy,Weekly Google Trends Spike For Diy Electronics Repair Signals Bullish Tech Sector,0.0,8.35,-8.35,100000.0,False,75
2026-05-12,124,124,weekly-google-trends-spike-for-small-business-loan-default-s,crazy,Weekly Google Trends Spike For Small Business Loan Default Searches,0.0,8.35,-8.35,100000.0,False,70
2026-05-12,125,125,weekly-google-trends-spike-in-searches-for-food-supply-chain,crazy,Weekly Google Trends Spike In Searches For Food Supply Chain Disruptions,0.0,8.35,-8.35,100000.0,False,70
2026-05-12,126,126,weekly-google-trends-surge-for-diy-roof-repair-searches-sign,crazy,Weekly Google Trends Surge For Diy Roof Repair Searches Signals Consumer Stress Impacting Xli,0.0,8.35,-8.35,100000.0,False,75
2026-05-12,127,127,weekly-google-trends-surge-for-home-pest-control-searches-si,crazy,Weekly Google Trends Surge For Home Pest Control Searches Signals Consumer Stress Boosting Staples,0.0,8.35,-8.35,100000.0,False,75
2026-05-12,128,128,weekly-google-trends-surge-for-used-truck-purchase-searches-,crazy,Weekly Google Trends Surge For Used Truck Purchase Searches Signals Bullish Freight Logistics,0.0,8.35,-8.35,100000.0,False,75
2026-05-12,129,129,weekly-google-trends-surge-in-searches-for-diesel-fuel-price,crazy,Weekly Google Trends Surge In Searches For Diesel Fuel Price Increase,0.0,8.35,-8.35,100000.0,False,70
2026-05-12,130,130,weekly-google-trends-surge-in-searches-for-home-solar-instal,crazy,Weekly Google Trends Surge In Searches For Home Solar Installation Financing Signals Xle Bullish,0.0,8.35,-8.35,100000.0,False,75
2026-05-12,131,131,weekly-google-trends-surge-in-searches-for-truck-driver-shor,crazy,Weekly Google Trends Surge In Searches For Truck Driver Shortage,0.0,8.35,-8.35,100000.0,False,70
2026-05-12,132,132,weekly-increase-in-google-trends-searches-for-bulk-shipping-,crazy,Weekly Increase In Google Trends Searches For Bulk Shipping Delay Signals Bearish Xlb,0.0,8.35,-8.35,100000.0,False,83
2026-05-12,133,133,weekly-increase-in-google-trends-searches-for-small-business,crazy,Weekly Increase In Google Trends Searches For Small Business Loan Default Signals Rising Credit Stress,0.0,8.35,-8.35,100000.0,False,68
2026-05-12,134,134,weekly-jump-in-google-trends-for-home-heating-oil-shortage-s,crazy,Weekly Jump In Google Trends For Home Heating Oil Shortage Signals Winter Energy Stress,0.0,8.35,-8.35,100000.0,False,67
2026-05-12,135,135,weekly-jump-in-google-trends-searches-for-airport-security-d,crazy,Weekly Jump In Google Trends Searches For Airport Security Delay Signals Travel Mobility Disruptions,0.0,8.35,-8.35,100000.0,False,68
2026-05-12,136,136,weekly-rise-in-google-trends-searches-for-emergency-hvac-rep,crazy,Weekly Rise In Google Trends Searches For Emergency Hvac Repair,0.0,8.35,-8.35,100000.0,False,70
2026-05-12,137,137,weekly-rise-in-google-trends-searches-for-gas-price-protest-,crazy,Weekly Rise In Google Trends Searches For Gas Price Protest Signals Bearish Xle,0.0,8.35,-8.35,100000.0,False,83
2026-05-12,138,138,weekly-surge-in-google-trends-for-diy-roof-repair-signals-co,crazy,Weekly Surge In Google Trends For Diy Roof Repair Signals Consumer Stress Lifting Industrial Sector,0.0,8.35,-8.35,100000.0,False,69
2026-05-12,139,139,weekly-surge-in-google-trends-for-diy-solar-panel-repair-sig,crazy,Weekly Surge In Google Trends For Diy Solar Panel Repair Signals Green Energy Sector Rebound,0.0,8.35,-8.35,100000.0,False,76
2026-05-12,140,140,weekly-surge-in-google-trends-for-emergency-plumbing-repair-,crazy,Weekly Surge In Google Trends For Emergency Plumbing Repair Signals Consumer Stress Lifting Discretionary Sector,0.0,8.35,-8.35,100000.0,False,69
2026-05-12,141,141,weekly-surge-in-google-trends-for-home-heating-oil-shortage-,crazy,Weekly Surge In Google Trends For Home Heating Oil Shortage Signals Bullish Xle,0.0,8.35,-8.35,100000.0,False,77
2026-05-12,142,142,weekly-surge-in-google-trends-for-hotel-room-shortage-signal,crazy,Weekly Surge In Google Trends For Hotel Room Shortage Signals Travel Sector Tightness,0.0,8.35,-8.35,100000.0,False,79
2026-05-12,143,143,weekly-surge-in-google-trends-for-job-interview-preparation-,crazy,Weekly Surge In Google Trends For Job Interview Preparation Searches,0.0,8.35,-8.35,100000.0,False,70
2026-05-12,144,144,weekly-surge-in-google-trends-searches-for-diy-bicycle-repai,crazy,Weekly Surge In Google Trends Searches For Diy Bicycle Repair,0.0,8.35,-8.35,100000.0,False,70
2026-05-12,145,145,weekly-surge-in-google-trends-searches-for-home-improvement-,crazy,Weekly Surge In Google Trends Searches For Home Improvement Loan Signals Consumer Stress Lifting Xly,0.0,8.35,-8.35,100000.0,False,83
2026-05-12,146,146,weekly-surge-in-google-trends-searches-for-warehouse-worker-,crazy,Weekly Surge In Google Trends Searches For Warehouse Worker Shortage Signals Labor Tightness,0.0,8.35,-8.35,100000.0,False,68
2026-05-12,147,147,weekly-surge-in-openchargemap-ev-charger-installations-signa,crazy,Weekly Surge In Openchargemap Ev Charger Installations Signals Bullish Xlc,0.0,8.35,-8.35,100000.0,False,85
2026-05-12,148,148,work-from-home-frenzy,crazy,Work From Home Frenzy,0.0,8.35,-8.35,100000.0,False,95
2026-05-12,149,149,xlb-daily-volatility-contraction-breakout,crazy,Xlb Daily Volatility Contraction Breakout,0.0,8.35,-8.35,100000.0,False,93
2026-05-12,150,150,xlu-weekly-cold-snap-weather-correlation,crazy,Xlu Weekly Cold Snap Weather Correlation,0.0,8.35,-8.35,100000.0,False,93
2026-05-12,151,151,xlv-google-trends-flu-search-spike,crazy,Xlv Google Trends Flu Search Spike,0.0,8.35,-8.35,100000.0,False,93
2026-05-12,152,152,yelp-closure-velocity,crazy,Yelp Closure Velocity,0.0,8.35,-8.35,100000.0,False,88
2026-05-12,153,153,yield-curve-regime,crazy,Yield Curve Regime,0.0,8.35,-8.35,100000.0,False,97
2026-05-12,154,155,google-trends-surge-in-luxury-good-searches,crazy,Google Trends Surge In Luxury Good Searches,-0.02,8.35,-8.37,99979.84,False,75
2026-05-12,155,156,misery-rotation,crazy,Misery Rotation,-0.02,8.35,-8.37,99980.1,False,97
2026-05-12,156,157,regional-earthquake-cluster-insurance-demand-spike,crazy,Regional Earthquake Cluster Insurance Demand Spike,-0.02,8.35,-8.37,99975.83,False,68
2026-05-12,157,154,weekly-google-trends-surge-in-home-appliance-repair-searches,crazy,Weekly Google Trends Surge In Home Appliance Repair Searches Signals Bullish Consumer Discretionary,-0.02,8.35,-8.36,99982.54,False,78
2026-05-12,158,158,daily-spike-in-google-trends-for-home-air-purifier-repair-si,crazy,Daily Spike In Google Trends For Home Air Purifier Repair Signals Consumer Stress Rebound In Discretionary Sector,-0.03,8.35,-8.38,99971.86,False,76
2026-05-12,159,159,weekly-spike-in-google-trends-for-electric-vehicle-battery-r,crazy,Weekly Spike In Google Trends For Electric Vehicle Battery Replacement Signals Consumer Stress Lifting Industrial Sector,-0.03,8.35,-8.38,99969.08,False,69
2026-05-12,160,160,weekly-surge-in-google-trends-for-diy-plumbing-repair-signal,crazy,Weekly Surge In Google Trends For Diy Plumbing Repair Signals Consumer Stress Rebound,-0.03,8.35,-8.38,99970.38,False,79
2026-05-12,161,161,consumer-discretionary-google-trends-surge-for-sale-keywords,crazy,Consumer Discretionary Google Trends Surge For Sale Keywords,-0.04,8.35,-8.39,99960.96,False,91
2026-05-12,162,162,port-congestion-squeeze,crazy,Port Congestion Squeeze,-0.04,8.35,-8.39,99960.13,False,95
2026-05-12,163,164,shipping-container-squeeze-play,crazy,Shipping Container Squeeze Play,-0.04,8.35,-8.39,99960.13,False,86
2026-05-12,164,163,real-estate-sector-weekly-google-trends-home-buying-surge,crazy,Real Estate Sector Weekly Google Trends Home Buying Surge,-0.05,8.35,-8.39,99954.77,False,95
2026-05-12,165,167,daily-spike-in-rss-news-counts-around-labor-union-contract-n,crazy,Daily Spike In Rss News Counts Around Labor Union Contract Negotiation Signals Bearish Xlf,-0.06,8.35,-8.41,99940.5,False,83
2026-05-12,166,168,eia-electricity-demand-shock-rebound-spread,crazy,Eia Electricity Demand Shock Rebound Spread,-0.06,8.35,-8.41,99940.31,False,76
2026-05-12,167,165,travel-booking-momentum-divergence,crazy,Travel Booking Momentum Divergence,-0.06,8.35,-8.4,99943.44,False,69
2026-05-12,168,166,weekly-surge-in-job-postings-for-warehouse-workers-signals-b,crazy,Weekly Surge In Job Postings For Warehouse Workers Signals Bullish Xli,-0.06,8.35,-8.4,99944.62,False,83
2026-05-12,169,169,daily-spike-in-google-trends-for-emergency-dental-care-signa,crazy,Daily Spike In Google Trends For Emergency Dental Care Signals Consumer Stress Impacting Health Sector,-0.07,8.35,-8.42,99927.72,False,69
2026-05-12,170,170,housing-permit-velocity,crazy,Housing Permit Velocity,-0.07,8.35,-8.42,99931.61,False,97
2026-05-12,171,171,rss-news-volume-spike-on-food-supply-chain-disruptions,crazy,Rss News Volume Spike On Food Supply Chain Disruptions,-0.07,8.35,-8.42,99927.71,False,75
2026-05-12,172,174,daily-spike-in-google-trends-searches-for-electric-vehicle-b,crazy,Daily Spike In Google Trends Searches For Electric Vehicle Battery Replacement,-0.08,8.35,-8.43,99921.33,False,70
2026-05-12,173,175,healthcare-sector-google-trends-spike-in-flu-symptoms,crazy,Healthcare Sector Google Trends Spike In Flu Symptoms,-0.08,8.35,-8.43,99917.38,False,91
2026-05-12,174,177,weekly-google-trends-surge-in-energy-bill-shock-signals-cons,crazy,Weekly Google Trends Surge In Energy Bill Shock Signals Consumer Stress Impacting Utilities,-0.08,8.35,-8.43,99915.28,False,79
2026-05-12,175,178,weekly-google-trends-surge-in-home-energy-bill-shock-signals,crazy,Weekly Google Trends Surge In Home Energy Bill Shock Signals Bullish Utilities,-0.08,8.35,-8.43,99915.28,False,78
2026-05-12,176,172,weekly-increase-in-usgs-earthquake-activity-within-key-logis,crazy,Weekly Increase In Usgs Earthquake Activity Within Key Logistics Hubs Signals Potential Freight Delays,-0.08,8.35,-8.42,99923.09,False,68
2026-05-12,177,173,weekly-surge-in-google-trends-searches-for-truck-driver-stri,crazy,Weekly Surge In Google Trends Searches For Truck Driver Strike Signals Imminent Logistics Disruption,-0.08,8.35,-8.42,99922.61,False,68
2026-05-12,178,179,bank-stress-index-volatility-fear-crush-reversal,crazy,Bank Stress Index Volatility Fear Crush Reversal,-0.09,8.35,-8.44,99910.26,False,83
2026-05-12,179,180,financial-sector-volatility-crush-trade,crazy,Financial Sector Volatility Crush Trade,-0.09,8.35,-8.44,99910.26,False,78
2026-05-12,180,176,retail-roulette,crazy,Retail Roulette,-0.09,8.35,-8.43,99913.43,False,93
2026-05-12,181,181,weekly-surge-in-google-trends-searches-for-commuting-strike-,crazy,Weekly Surge In Google Trends Searches For Commuting Strike Signals Bearish Xly,-0.1,8.35,-8.44,99902.87,False,83
2026-05-12,182,183,xlu-daily-electricity-demand-surge,crazy,Xlu Daily Electricity Demand Surge,-0.1,8.35,-8.45,99898.68,False,93
2026-05-12,183,185,daily-spike-in-rss-news-counts-mentioning-politician-insider,crazy,Daily Spike In Rss News Counts Mentioning Politician Insider Buying Tech Stock Signals Bullish Xlk,-0.11,8.35,-8.46,99886.48,False,83
2026-05-12,184,182,weekly-google-trends-spike-for-diy-car-repair-signals-bullis,crazy,Weekly Google Trends Spike For Diy Car Repair Signals Bullish Xly,-0.11,8.35,-8.45,99892.81,False,80
2026-05-12,185,186,xlb-weekly-rss-news-count-spike-on-commodity-shortage,crazy,Xlb Weekly Rss News Count Spike On Commodity Shortage,-0.11,8.35,-8.46,99889.8,False,93
2026-05-12,186,184,daily-jump-in-google-trends-searches-for-home-renovation-per,crazy,Daily Jump In Google Trends Searches For Home Renovation Permits,-0.12,8.35,-8.46,99884.41,False,70
2026-05-12,187,187,mortgage-rate-housing-proxy,crazy,Mortgage Rate Housing Proxy,-0.13,8.35,-8.47,99874.47,False,97
2026-05-12,188,191,utilities-sector-negative-price-gap-fill,crazy,Utilities Sector Negative Price Gap Fill,-0.13,8.35,-8.48,99869.36,False,91
2026-05-12,189,188,attention-sentiment-spike-daily-surge-in-news-rss-counts-men,crazy,Attention Sentiment Spike Daily Surge In News Rss Counts Mentioning Cyberattack Triggers Bullish Xlc,-0.14,8.35,-8.48,99864.46,False,85
2026-05-12,190,189,daily-spike-in-rss-counts-for-cybersecurity-breach-news-trig,crazy,Daily Spike In Rss Counts For Cybersecurity Breach News Triggers Bearish Xlk,-0.14,8.35,-8.48,99864.91,False,83
2026-05-12,191,192,electricity-enlightenment,crazy,Electricity Enlightenment,-0.14,8.35,-8.49,99857.33,False,93
2026-05-12,192,193,seismic-activity-construction-halt-signal,crazy,Seismic Activity Construction Halt Signal,-0.14,8.35,-8.49,99861.92,False,86
2026-05-12,193,190,tremor-tension,crazy,Tremor Tension,-0.14,8.35,-8.48,99864.21,False,93
2026-05-12,194,194,weekly-spike-in-google-trends-for-home-cooling-failure-signa,crazy,Weekly Spike In Google Trends For Home Cooling Failure Signals Bearish Xlu,-0.14,8.35,-8.49,99859.69,False,83
2026-05-12,195,195,oil-price-momentum-reversal-energy-sector-bounce,crazy,Oil Price Momentum Reversal Energy Sector Bounce,-0.15,8.35,-8.5,99849.11,False,80
2026-05-12,196,196,daily-jump-in-google-trends-searches-for-emergency-dental-ca,crazy,Daily Jump In Google Trends Searches For Emergency Dental Care,-0.17,8.35,-8.51,99832.34,False,70
2026-05-12,197,197,industrial-sector-weekly-earthquake-activity-correlation-dip,crazy,Industrial Sector Weekly Earthquake Activity Correlation Dip,-0.19,8.35,-8.53,99813.1,False,91
2026-05-12,198,198,luxury-discretionary-google-trends-collapse-signal,crazy,Luxury Discretionary Google Trends Collapse Signal,-0.19,8.35,-8.54,99811.09,False,67
2026-05-12,199,199,wage-growth-demand-surge-fast-food-google-trends,crazy,Wage Growth Demand Surge Fast Food Google Trends,-0.2,8.35,-8.55,99799.52,False,79
2026-05-12,200,200,weekly-rise-in-google-trends-interest-for-food-delivery-dela,crazy,Weekly Rise In Google Trends Interest For Food Delivery Delay Signals Bearish Xlp,-0.21,8.35,-8.56,99792.22,False,83
2026-05-12,201,202,daily-spike-in-daily-earthquake-activity-near-major-logistic,crazy,Daily Spike In Daily Earthquake Activity Near Major Logistics Hubs Signals Bearish Xli,-0.22,8.35,-8.57,99775.64,False,83
2026-05-12,202,203,google-gusts,crazy,Google Gusts,-0.22,8.35,-8.57,99777.92,False,93
2026-05-12,203,204,news-sentiment-rotation-fade-trade,crazy,News Sentiment Rotation Fade Trade,-0.22,8.35,-8.57,99777.0,False,86
2026-05-12,204,205,weekly-google-trends-surge-in-fast-food-job-openings-signals,crazy,Weekly Google Trends Surge In Fast Food Job Openings Signals Bullish Consumer Discretionary,-0.22,8.35,-8.57,99782.05,False,78
2026-05-12,205,201,weekly-surge-in-google-trends-searches-for-city-water-outage,crazy,Weekly Surge In Google Trends Searches For City Water Outage Signals Bearish Xlre,-0.22,8.35,-8.56,99773.32,False,83
2026-05-12,206,206,port-container-volume,crazy,Port Container Volume,-0.28,8.35,-8.62,99722.35,False,97
2026-05-12,207,207,weekly-surge-in-google-trends-for-inflation-hedge-gold-signa,crazy,Weekly Surge In Google Trends For Inflation Hedge Gold Signals Bullish Xlb,-0.29,8.35,-8.64,99696.68,False,80
2026-05-12,208,208,grocery-store-foot-traffic-collapse-signal,crazy,Grocery Store Foot Traffic Collapse Signal,-0.33,8.35,-8.67,99673.9,False,86
2026-05-12,209,209,xle-weekly-drawdown-rebound-signal,crazy,Xle Weekly Drawdown Rebound Signal,-0.33,8.35,-8.68,99667.3,False,93
2026-05-12,210,210,daily-surge-in-google-trends-searches-for-electric-vehicle-c,crazy,Daily Surge In Google Trends Searches For Electric Vehicle Charging Station Outages,-0.35,8.35,-8.7,99651.01,False,70
2026-05-12,211,211,healthcare-cost-shock-google-search-spike,crazy,Healthcare Cost Shock Google Search Spike,-0.37,8.35,-8.72,99617.84,False,86
2026-05-12,212,212,xlc-weekly-google-trends-surge-in-5g-rollout,crazy,Xlc Weekly Google Trends Surge In 5g Rollout,-0.41,8.35,-8.75,99592.39,False,93
2026-05-12,213,213,daily-spike-in-google-trends-for-emergency-plumbing-repair-s,crazy,Daily Spike In Google Trends For Emergency Plumbing Repair Signals Consumer Stress Rebound Benefiting Discretionary Sector,-0.42,8.35,-8.76,99572.85,False,76
2026-05-12,214,214,healthcare-cost-google-trends-acceleration-index,crazy,Healthcare Cost Google Trends Acceleration Index,-0.53,8.35,-8.88,99466.5,False,75
2026-05-12,215,215,daily-jump-in-google-trends-searches-for-home-water-heater-r,crazy,Daily Jump In Google Trends Searches For Home Water Heater Repair Signals Consumer Stress Lifting Xly,-0.61,8.35,-8.96,99385.03,False,77
2026-05-12,216,216,liquor,crazy,Liquor Store Leading Indicator,-0.74,8.35,-9.08,99264.01,False,97
2026-05-12,217,217,weekly-surge-in-google-trends-searches-for-diy-home-repair-s,crazy,Weekly Surge In Google Trends Searches For Diy Home Repair Signals Consumer Stress Lifting Xly,-0.79,8.35,-9.13,99212.48,False,85
2026-05-12,218,218,vix-term-structure,crazy,VIX Term Structure,-2.06,8.35,-10.41,97935.44,False,88
2026-05-12,219,219,biscotti,crazy,Algo Biscotti (Unconditional Loyalty),-2.36,8.35,-10.71,97636.12,False,97
2026-05-12,220,220,electricity-consumption,crazy,Electricity Consumption,-2.39,8.35,-10.74,97610.27,False,97
2026-05-12,221,221,biscotti,normal,Algo Biscotti (Unconditional Loyalty),-2.67,8.35,-11.01,97332.4,False,98
2026-05-12,222,222,vix-fear-rotation,crazy,VIX Fear Rotation,-3.8,8.35,-12.14,96203.59,False,88
2026-05-12,223,223,baileymol,crazy,Chaos Rotation Lab,-6.12,8.35,-14.47,93877.95,False,97
2026-05-13,1,1,simple_monthly,normal,Quantified Simple Monthly Rotation,10.87,8.95,1.91,110866.71,True,99
2026-05-13,2,2,baileymol,normal,Algo Baileymol (Chaos Monger),7.61,8.95,-1.34,107611.96,False,99
2026-05-13,3,3,faber,normal,Faber Momentum Rotation,6.42,8.95,-2.53,106419.88,False,99
2026-05-13,4,4,dmsr,normal,Antonacci Dual Momentum Sector Rotation,5.78,8.95,-3.18,105777.92,False,99
2026-05-13,5,5,uber-mobility,crazy,Uber Mobility Index,4.16,8.95,-4.8,104157.85,False,98
2026-05-13,6,6,retail-sales-momentum,crazy,Retail Sales Momentum,4.15,8.95,-4.81,104147.64,False,98
2026-05-13,7,7,job-posting-acceleration,crazy,Job Posting Acceleration,2.54,8.95,-6.41,102543.73,False,98
2026-05-13,8,8,insider-trading-signals,crazy,Insider Trading Signals,1.11,8.95,-7.84,101112.77,False,98
2026-05-13,9,9,freight-rail-carloads,crazy,Freight Rail Carloads,0.64,8.95,-8.32,100635.75,False,98
2026-05-13,10,10,truck-tonnage,crazy,Truck Tonnage Index,0.55,8.95,-8.41,100547.54,False,98
2026-05-13,11,11,finra-dark-pool-signal,crazy,FINRA Dark Pool Signal,0.14,8.95,-8.81,100144.2,False,89
2026-05-13,12,12,copper-momentum,crazy,Copper Momentum,0.12,8.95,-8.84,100116.46,False,98
2026-05-13,13,13,weekly-google-trends-surge-in-diy-electronics-repair-signals,crazy,Weekly Google Trends Surge In Diy Electronics Repair Signals Tech Consumer Stress Lift,0.08,8.95,-8.87,100081.02,False,80
2026-05-13,14,14,weekly-surge-in-google-trends-searches-for-diy-electronics-r,crazy,Weekly Surge In Google Trends Searches For Diy Electronics Repair Signals Bullish Xlk,0.08,8.95,-8.87,100081.88,False,84
2026-05-13,15,15,daily-jump-in-consumer-stress-google-trends-searches-for-car,crazy,Daily Jump In Consumer Stress Google Trends Searches For Car Repossession Signals Rising Financial Distress,0.07,8.95,-8.88,100070.09,False,69
2026-05-13,16,16,earthquake-aftershock-insurance-claims-spike,crazy,Earthquake Aftershock Insurance Claims Spike,0.07,8.95,-8.88,100070.66,False,76
2026-05-13,17,17,recession-whisper-google-trends-unemployment-search-surge,crazy,Recession Whisper Google Trends Unemployment Search Surge,0.07,8.95,-8.88,100072.76,False,80
2026-05-13,18,18,price-momentum-reversion-in-defensive-sectors-after-tech-cra,crazy,Price Momentum Reversion In Defensive Sectors After Tech Crash,0.06,8.95,-8.89,100061.6,False,77
2026-05-13,19,19,earthquake-aftershock-amplifier,crazy,Earthquake Aftershock Amplifier,0.05,8.95,-8.91,100047.52,False,92
2026-05-13,20,22,google-trends-surge-in-used-car-price-searches,crazy,Google Trends Surge In Used Car Price Searches,0.04,8.95,-8.92,100038.19,False,78
2026-05-13,21,20,semiconductor-moonshot-warning,crazy,Semiconductor Moonshot Warning,0.04,8.95,-8.91,100041.43,False,92
2026-05-13,22,21,weekly-spike-in-google-trends-searches-for-warehouse-automat,crazy,Weekly Spike In Google Trends Searches For Warehouse Automation Failure Signals Bearish Xli,0.04,8.95,-8.91,100039.42,False,84
2026-05-13,23,23,healthcare-cost-inflation-google-trends-acceleration,crazy,Healthcare Cost Inflation Google Trends Acceleration,0.03,8.95,-8.92,100030.67,False,68
2026-05-13,24,24,materials-sector-weekly-positive-correlation-breakdown-with-,crazy,Materials Sector Weekly Positive Correlation Breakdown With Xlb,0.03,8.95,-8.93,100025.87,False,92
2026-05-13,25,26,weekly-surge-in-google-trends-for-diy-electronics-repair-sig,crazy,Weekly Surge In Google Trends For Diy Electronics Repair Signals Bullish Xlk,0.03,8.95,-8.93,100027.01,False,78
2026-05-13,26,27,daily-spike-in-usgs-earthquake-activity-near-key-industrial-,crazy,Daily Spike In Usgs Earthquake Activity Near Key Industrial Hubs,0.02,8.95,-8.94,100015.96,False,71
2026-05-13,27,25,staples-sector-drawdown-rapid-recovery,crazy,Staples Sector Drawdown Rapid Recovery,0.02,8.95,-8.93,100024.7,False,92
2026-05-13,28,83,healthcare-procedure-google-trends-demand-resurgence,crazy,Healthcare Procedure Google Trends Demand Resurgence,0.01,8.95,-8.95,100005.77,False,67
2026-05-13,29,28,airline-fuel-cost-volatility-expansion,crazy,Airline Fuel Cost Volatility Expansion,0.0,8.95,-8.95,100000.0,False,68
2026-05-13,30,29,airline-load-factor,crazy,Airline Load Factor Proxy,0.0,8.95,-8.95,100000.0,False,98
2026-05-13,31,30,airport-security-surge,crazy,Airport Security Surge,0.0,8.95,-8.95,100000.0,False,96
2026-05-13,32,31,airport-shopping-spree,crazy,Airport Shopping Spree,0.0,8.95,-8.95,100000.0,False,98
2026-05-13,33,32,bankruptcy-filing-rate,crazy,Bankruptcy Filing Rate,0.0,8.95,-8.95,100000.0,False,98
2026-05-13,34,33,calls311,crazy,311 Call Rotation,0.0,8.95,-8.95,100000.0,False,98
2026-05-13,35,34,cardboard,crazy,Cardboard Box Index,0.0,8.95,-8.95,100000.0,False,98
2026-05-13,36,35,cloud-storage-demand-surge,crazy,Cloud Storage Demand Surge,0.0,8.95,-8.95,100000.0,False,98
2026-05-13,37,36,congress,crazy,Congress Trading Fade,0.0,8.95,-8.95,100000.0,False,98
2026-05-13,38,37,consumer-sentiment,crazy,Consumer Sentiment,0.0,8.95,-8.95,100000.0,False,98
2026-05-13,39,38,craigslist,crazy,Craigslist Desperation Index,0.0,8.95,-8.95,100000.0,False,98
2026-05-13,40,39,credit-card-delinquency,crazy,Credit Card Delinquency,0.0,8.95,-8.95,100000.0,False,98
2026-05-13,41,40,crypto-capitulation-countdown,crazy,Crypto Capitulation Countdown,0.0,8.95,-8.95,100000.0,False,92
2026-05-13,42,41,crypto-derivative-arbitrage,crazy,Crypto Derivative Arbitrage,0.0,8.95,-8.95,100000.0,False,98
2026-05-13,43,42,daily-jump-in-google-trends-for-emergency-plumber-signals-ri,crazy,Daily Jump In Google Trends For Emergency Plumber Signals Rising Local Economy Stress Benefiting Staples,0.0,8.95,-8.95,100000.24,False,68
2026-05-13,44,43,daily-jump-in-google-trends-for-emergency-roadside-assistanc,crazy,Daily Jump In Google Trends For Emergency Roadside Assistance Signals Consumer Stress Impacting Discretionary Sector,0.0,8.95,-8.95,100000.0,False,67
2026-05-13,45,44,daily-jump-in-google-trends-for-solar-panel-repair-searches-,crazy,Daily Jump In Google Trends For Solar Panel Repair Searches Signals Green Energy Sector Rebound,0.0,8.95,-8.95,100000.0,False,76
2026-05-13,46,45,daily-jump-in-google-trends-searches-for-electric-vehicle-ba,crazy,Daily Jump In Google Trends Searches For Electric Vehicle Battery Failure Signals Consumer Tech Stress,0.0,8.95,-8.95,100000.0,False,69
2026-05-13,47,46,daily-jump-in-openchargemap-ev-charger-counts-in-key-states-,crazy,Daily Jump In Openchargemap Ev Charger Counts In Key States Signals Tech Sector Acceleration,0.0,8.95,-8.95,100000.0,False,67
2026-05-13,48,47,daily-jump-in-rss-news-counts-mentioning-labor-strike-signal,crazy,Daily Jump In Rss News Counts Mentioning Labor Strike Signals Imminent Industrial Disruption,0.0,8.95,-8.95,100000.0,False,69
2026-05-13,49,48,daily-spike-in-ev-charger-installations-signals-bullish-xlc,crazy,Daily Spike In Ev Charger Installations Signals Bullish Xlc,0.0,8.95,-8.95,100000.0,False,81
2026-05-13,50,49,daily-spike-in-freight-logistics-rss-news-volume-mentioning-,crazy,Daily Spike In Freight Logistics Rss News Volume Mentioning Port Labor Strike Triggers Bearish Xli,0.0,8.95,-8.95,100000.0,False,84
2026-05-13,51,50,daily-spike-in-google-trends-for-emergency-vehicle-repair-si,crazy,Daily Spike In Google Trends For Emergency Vehicle Repair Signals Consumer Stress Lifting Industrial Sector,0.0,8.95,-8.95,100000.0,False,77
2026-05-13,52,51,daily-spike-in-google-trends-searches-for-airline-flight-del,crazy,Daily Spike In Google Trends Searches For Airline Flight Delay Compensation,0.0,8.95,-8.95,100000.0,False,71
2026-05-13,53,52,daily-spike-in-google-trends-searches-for-emergency-car-batt,crazy,Daily Spike In Google Trends Searches For Emergency Car Battery Replacement Signals Consumer Stress Impacting Discretionary,0.0,8.95,-8.95,100000.0,False,76
2026-05-13,54,53,daily-spike-in-google-trends-searches-for-emergency-plumber-,crazy,Daily Spike In Google Trends Searches For Emergency Plumber Signals Consumer Home Repair Stress,0.0,8.95,-8.95,100000.0,False,69
2026-05-13,55,54,daily-spike-in-google-trends-searches-for-home-heating-syste,crazy,Daily Spike In Google Trends Searches For Home Heating System Failure Signals Winter Utility Stress,0.0,8.95,-8.95,100000.0,False,69
2026-05-13,56,55,daily-surge-in-google-trends-searches-for-home-heating-syste,crazy,Daily Surge In Google Trends Searches For Home Heating System Failure Signals Consumer Stress Impacting Utilities,0.0,8.95,-8.95,100000.0,False,77
2026-05-13,57,56,earthquake-energy-demand,crazy,Earthquake Energy Demand Indicator,0.0,8.95,-8.95,100000.0,False,98
2026-05-13,58,57,electric-vehicle-charge-station-density,crazy,Electric Vehicle Charge Station Density,0.0,8.95,-8.95,100000.0,False,98
2026-05-13,59,58,electricity-demand-spike-weather-anomaly,crazy,Electricity Demand Spike Weather Anomaly,0.0,8.95,-8.95,100000.0,False,78
2026-05-13,60,59,energy-sector-sudden-weekly-volatility-spike,crazy,Energy Sector Sudden Weekly Volatility Spike,0.0,8.95,-8.95,100000.0,False,89
2026-05-13,61,60,energy-sector-weekly-drawdown-exhaustion,crazy,Energy Sector Weekly Drawdown Exhaustion,0.0,8.95,-8.95,100000.0,False,92
2026-05-13,62,61,ev-charger-density-saturation-play,crazy,Ev Charger Density Saturation Play,0.0,8.95,-8.95,100000.0,False,87
2026-05-13,63,62,ev-charger-deployment-sprint-acceleration,crazy,Ev Charger Deployment Sprint Acceleration,0.0,8.95,-8.95,100000.0,False,70
2026-05-13,64,63,ev-charger-expansion-frenzy,crazy,Ev Charger Expansion Frenzy,0.0,8.95,-8.95,100000.0,False,78
2026-05-13,65,64,ev-charger-expansion-momentum-surge,crazy,Ev Charger Expansion Momentum Surge,0.0,8.95,-8.95,100000.0,False,71
2026-05-13,66,65,ev-charger-expansion-velocity-boom,crazy,Ev Charger Expansion Velocity Boom,0.0,8.95,-8.95,100000.0,False,68
2026-05-13,67,66,ev-charger-installation-acceleration-play,crazy,Ev Charger Installation Acceleration Play,0.0,8.95,-8.95,100000.0,False,79
2026-05-13,68,67,ev-charger-network-density-surge-bullish-signal,crazy,Ev Charger Network Density Surge Bullish Signal,0.0,8.95,-8.95,100000.0,False,81
2026-05-13,69,68,ev-charger-network-expansion-acceleration,crazy,Ev Charger Network Expansion Acceleration,0.0,8.95,-8.95,100000.0,False,76
2026-05-13,70,69,ev-charger-network-expansion-sprint-demand-surge,crazy,Ev Charger Network Expansion Sprint Demand Surge,0.0,8.95,-8.95,100000.0,False,84
2026-05-13,71,70,ev-charger-network-expansion-velocity-surge,crazy,Ev Charger Network Expansion Velocity Surge,0.0,8.95,-8.95,100000.0,False,77
2026-05-13,72,71,ev-charging-boom,crazy,Ev Charging Boom,0.0,8.95,-8.95,100000.0,False,96
2026-05-13,73,72,ev-charging-station-stampede,crazy,Ev Charging Station Stampede,0.0,8.95,-8.95,100000.0,False,92
2026-05-13,74,73,ev-euphoria,crazy,Ev Euphoria,0.0,8.95,-8.95,100000.0,False,94
2026-05-13,75,74,financial-sector-momentum-divergence-with-spy,crazy,Financial Sector Momentum Divergence With Spy,0.0,8.95,-8.95,100000.0,False,92
2026-05-13,76,75,fintech-disruption-wave,crazy,Fintech Disruption Wave,0.0,8.95,-8.95,100000.0,False,96
2026-05-13,77,76,freight-rail-congestion-rss-volume-explosion,crazy,Freight Rail Congestion Rss Volume Explosion,0.0,8.95,-8.95,100000.0,False,68
2026-05-13,78,77,glassdoor,crazy,Glassdoor Misery Gradient,0.0,8.95,-8.95,100000.0,False,98
2026-05-13,79,78,global-tech-earnings-momentum,crazy,Global Tech Earnings Momentum,0.0,8.95,-8.95,100000.0,False,96
2026-05-13,80,79,gold-volatility-vol-of-vol-spike,crazy,Gold Volatility Vol-of-vol Spike,0.0,8.95,-8.95,100000.0,False,79
2026-05-13,81,80,google-trends-surge-in-flight-delay-complaints,crazy,Google Trends Surge In Flight Delay Complaints,0.0,8.95,-8.95,100000.0,False,77
2026-05-13,82,81,health-insurance-deductible-shock-searches,crazy,Health Insurance Deductible Shock Searches,0.0,8.95,-8.95,100000.0,False,70
2026-05-13,83,82,healthcare-cost-shock-google-trends-spike,crazy,Healthcare Cost Shock Google Trends Spike,0.0,8.95,-8.95,100000.0,False,78
2026-05-13,84,84,high-yield-spread-regime,crazy,High Yield Spread Regime,0.0,8.95,-8.95,100000.0,False,98
2026-05-13,85,85,linkedin,crazy,LinkedIn Layoff Propagation,0.0,8.95,-8.95,100000.0,False,98
2026-05-13,86,86,lumber-futures-rollercoaster,crazy,Lumber Futures Rollercoaster,0.0,8.95,-8.95,100000.0,False,92
2026-05-13,87,87,materials-sector-weekly-volatility-contraction-breakout,crazy,Materials Sector Weekly Volatility Contraction Breakout,0.0,8.95,-8.95,100000.0,False,89
2026-05-13,88,88,mortgage-refinance-wave-google-trends-surge,crazy,Mortgage Refinance Wave Google Trends Surge,0.0,8.95,-8.95,100000.0,False,79
2026-05-13,89,89,natural-gas-futures-volatility-pump-rotation,crazy,Natural Gas Futures Volatility Pump Rotation,0.0,8.95,-8.95,100000.0,False,69
2026-05-13,90,90,online-ad-impression-volatility,crazy,Online Ad Impression Volatility Trader,0.0,8.95,-8.95,100000.0,False,98
2026-05-13,91,91,patent-filing-velocity,crazy,Patent Filing Velocity,0.0,8.95,-8.95,100000.0,False,89
2026-05-13,92,92,pet-food-supply-chain,crazy,Pet Food Supply Chain Disruption,0.0,8.95,-8.95,100000.0,False,98
2026-05-13,93,93,reddit-emoji-sentiment-spike,crazy,Reddit Emoji Sentiment Spike,0.0,8.95,-8.95,100000.0,False,98
2026-05-13,94,94,reddit-gaming-thread-spike,crazy,Reddit Gaming Thread Spike,0.0,8.95,-8.95,100000.0,False,98
2026-05-13,95,95,reddit-mentions-volatility-spike,crazy,Reddit Mentions Volatility Spike,0.0,8.95,-8.95,100000.0,False,98
2026-05-13,96,96,reddit-sentiment-spike-trend,crazy,Reddit Sentiment Spike Trend,0.0,8.95,-8.95,100000.0,False,98
2026-05-13,97,97,reddit-sentiment-spike,crazy,Reddit Sentiment Spike,0.0,8.95,-8.95,100000.0,False,98
2026-05-13,98,98,reddit-sentiment-volatility-spike,crazy,Reddit Sentiment Volatility Spike,0.0,8.95,-8.95,100000.0,False,98
2026-05-13,99,99,reddit-subreddit-mention-spike,crazy,Reddit Subreddit Mention Spike,0.0,8.95,-8.95,100000.0,False,98
2026-05-13,100,100,reddit-subreddit-sentiment-spike,crazy,Reddit Subreddit Sentiment Spike,0.0,8.95,-8.95,100000.0,False,98
2026-05-13,101,101,reddit-subreddit-surge-momentum,crazy,Reddit Subreddit Surge Momentum,0.0,8.95,-8.95,100000.0,False,98
2026-05-13,102,102,reddit-volatility-spike,crazy,Reddit Volatility Spike,0.0,8.95,-8.95,100000.0,False,98
2026-05-13,103,103,rental-car-shortage-volatility-spike,crazy,Rental Car Shortage Volatility Spike,0.0,8.95,-8.95,100000.0,False,87
2026-05-13,104,104,residential-real-estate-search-momentum-rotation,crazy,Residential Real Estate Search Momentum Rotation,0.0,8.95,-8.95,100000.0,False,71
2026-05-13,105,105,retail-rush-ahead-of-holidays,crazy,Retail Rush Ahead Of Holidays,0.0,8.95,-8.95,100000.0,False,96
2026-05-13,106,106,rss-roar,crazy,Rss Roar,0.0,8.95,-8.95,100000.0,False,94
2026-05-13,107,107,small-business-formation,crazy,Small Business Formation,0.0,8.95,-8.95,100000.0,False,98
2026-05-13,108,108,social-media-sentiment-spike,crazy,Social Media Sentiment Spike,0.0,8.95,-8.95,100000.0,False,98
2026-05-13,109,109,solar-storm-scorcher,crazy,Solar Storm Scorcher,0.0,8.95,-8.95,100000.0,False,92
2026-05-13,110,110,superbowl-futures-trade,crazy,Superbowl Futures Trade,0.0,8.95,-8.95,100000.0,False,98
2026-05-13,111,111,technology-sector-daily-ev-charger-count-surge,crazy,Technology Sector Daily Ev Charger Count Surge,0.0,8.95,-8.95,100000.0,False,92
2026-05-13,112,112,temperature-extremes-power-demand-spike-utility-boost,crazy,Temperature Extremes Power Demand Spike Utility Boost,0.0,8.95,-8.95,100000.0,False,84
2026-05-13,113,113,temperature-shock-energy-demand-flip,crazy,Temperature Shock Energy Demand Flip,0.0,8.95,-8.95,100000.0,False,87
2026-05-13,114,114,tsa,crazy,TSA Body Count,0.0,8.95,-8.95,100000.0,False,98
2026-05-13,115,115,twitter-sentiment-spike,crazy,Twitter Sentiment Spike,0.0,8.95,-8.95,100000.0,False,98
2026-05-13,116,116,utilities-sector-weekly-temperature-drop-signal,crazy,Utilities Sector Weekly Temperature Drop Signal,0.0,8.95,-8.95,100000.0,False,96
2026-05-13,117,117,utility-power-grid-stress,crazy,Utility Power Grid Stress,0.0,8.95,-8.95,100000.0,False,96
2026-05-13,118,118,utility-volatility-compression-reversion-bounce,crazy,Utility Volatility Compression Reversion Bounce,0.0,8.95,-8.95,100000.0,False,69
2026-05-13,119,119,volatility-spike-follow-through,crazy,Volatility Spike Follow-Through,0.0,8.95,-8.95,100000.0,False,98
2026-05-13,120,120,weather-disruption-ripple-effects,crazy,Weather Disruption Ripple Effects,0.0,8.95,-8.95,100000.0,False,96
2026-05-13,121,121,weather-extremes-utility-demand-spike,crazy,Weather Extremes Utility Demand Spike,0.0,8.95,-8.95,100000.0,False,68
2026-05-13,122,122,weather-volatility-spike,crazy,Weather Volatility Spike,0.0,8.95,-8.95,100000.0,False,98
2026-05-13,123,123,weather-windfall,crazy,Weather Windfall,0.0,8.95,-8.95,100000.0,False,94
2026-05-13,124,124,weekly-google-trends-spike-for-diy-electronics-repair-signal,crazy,Weekly Google Trends Spike For Diy Electronics Repair Signals Bullish Tech Sector,0.0,8.95,-8.95,100000.0,False,76
2026-05-13,125,125,weekly-google-trends-spike-for-small-business-loan-default-s,crazy,Weekly Google Trends Spike For Small Business Loan Default Searches,0.0,8.95,-8.95,100000.0,False,71
2026-05-13,126,126,weekly-google-trends-spike-in-searches-for-food-supply-chain,crazy,Weekly Google Trends Spike In Searches For Food Supply Chain Disruptions,0.0,8.95,-8.95,100000.0,False,71
2026-05-13,127,127,weekly-google-trends-surge-for-diy-roof-repair-searches-sign,crazy,Weekly Google Trends Surge For Diy Roof Repair Searches Signals Consumer Stress Impacting Xli,0.0,8.95,-8.95,100000.0,False,76
2026-05-13,128,128,weekly-google-trends-surge-for-home-pest-control-searches-si,crazy,Weekly Google Trends Surge For Home Pest Control Searches Signals Consumer Stress Boosting Staples,0.0,8.95,-8.95,100000.0,False,76
2026-05-13,129,129,weekly-google-trends-surge-for-small-business-loan-applicati,crazy,Weekly Google Trends Surge For Small Business Loan Application Signals Financial Sector Activity Boost,0.0,8.95,-8.95,100000.0,False,67
2026-05-13,130,130,weekly-google-trends-surge-for-truck-tire-replacement-search,crazy,Weekly Google Trends Surge For Truck Tire Replacement Searches Signals Industrial Sector Repair Cycle,0.0,8.95,-8.95,100000.0,False,67
2026-05-13,131,131,weekly-google-trends-surge-for-used-truck-purchase-searches-,crazy,Weekly Google Trends Surge For Used Truck Purchase Searches Signals Bullish Freight Logistics,0.0,8.95,-8.95,100000.0,False,76
2026-05-13,132,132,weekly-google-trends-surge-in-searches-for-diesel-fuel-price,crazy,Weekly Google Trends Surge In Searches For Diesel Fuel Price Increase,0.0,8.95,-8.95,100000.0,False,71
2026-05-13,133,133,weekly-google-trends-surge-in-searches-for-home-solar-instal,crazy,Weekly Google Trends Surge In Searches For Home Solar Installation Financing Signals Xle Bullish,0.0,8.95,-8.95,100000.0,False,76
2026-05-13,134,134,weekly-google-trends-surge-in-searches-for-truck-driver-shor,crazy,Weekly Google Trends Surge In Searches For Truck Driver Shortage,0.0,8.95,-8.95,100000.0,False,71
2026-05-13,135,135,weekly-increase-in-google-trends-searches-for-bulk-shipping-,crazy,Weekly Increase In Google Trends Searches For Bulk Shipping Delay Signals Bearish Xlb,0.0,8.95,-8.95,100000.0,False,84
2026-05-13,136,136,weekly-increase-in-google-trends-searches-for-small-business,crazy,Weekly Increase In Google Trends Searches For Small Business Loan Default Signals Rising Credit Stress,0.0,8.95,-8.95,100000.0,False,69
2026-05-13,137,137,weekly-jump-in-google-trends-for-home-heating-oil-shortage-s,crazy,Weekly Jump In Google Trends For Home Heating Oil Shortage Signals Winter Energy Stress,0.0,8.95,-8.95,100000.0,False,68
2026-05-13,138,138,weekly-jump-in-google-trends-for-job-quitting-searches-signa,crazy,Weekly Jump In Google Trends For Job Quitting Searches Signals Labor Market Tightness Benefiting Financial Sector,0.0,8.95,-8.95,100000.0,False,67
2026-05-13,139,139,weekly-jump-in-google-trends-home-pest-control-emergency-sea,crazy,Weekly Jump In Google Trends Home Pest Control Emergency Searches Signals Consumer Stress And Discretionary Rebound,0.0,8.95,-8.95,100000.0,False,67
2026-05-13,140,140,weekly-jump-in-google-trends-searches-for-airport-security-d,crazy,Weekly Jump In Google Trends Searches For Airport Security Delay Signals Travel Mobility Disruptions,0.0,8.95,-8.95,100000.0,False,69
2026-05-13,141,141,weekly-rise-in-google-trends-searches-for-emergency-hvac-rep,crazy,Weekly Rise In Google Trends Searches For Emergency Hvac Repair,0.0,8.95,-8.95,100000.0,False,71
2026-05-13,142,142,weekly-rise-in-google-trends-searches-for-gas-price-protest-,crazy,Weekly Rise In Google Trends Searches For Gas Price Protest Signals Bearish Xle,0.0,8.95,-8.95,100000.0,False,84
2026-05-13,143,143,weekly-surge-in-google-trends-diy-home-roofing-repair-search,crazy,Weekly Surge In Google Trends Diy Home Roofing Repair Searches Signals Industrial Sector Demand Spike,0.0,8.95,-8.95,100000.0,False,67
2026-05-13,144,144,weekly-surge-in-google-trends-for-diy-roof-repair-signals-co,crazy,Weekly Surge In Google Trends For Diy Roof Repair Signals Consumer Stress Lifting Industrial Sector,0.0,8.95,-8.95,100000.0,False,70
2026-05-13,145,145,weekly-surge-in-google-trends-for-diy-solar-panel-repair-sig,crazy,Weekly Surge In Google Trends For Diy Solar Panel Repair Signals Green Energy Sector Rebound,0.0,8.95,-8.95,100000.0,False,77
2026-05-13,146,146,weekly-surge-in-google-trends-for-emergency-plumbing-repair-,crazy,Weekly Surge In Google Trends For Emergency Plumbing Repair Signals Consumer Stress Lifting Discretionary Sector,0.0,8.95,-8.95,100000.0,False,70
2026-05-13,147,147,weekly-surge-in-google-trends-for-home-heating-oil-shortage-,crazy,Weekly Surge In Google Trends For Home Heating Oil Shortage Signals Bullish Xle,0.0,8.95,-8.95,100000.0,False,78
2026-05-13,148,148,weekly-surge-in-google-trends-for-hotel-room-shortage-signal,crazy,Weekly Surge In Google Trends For Hotel Room Shortage Signals Travel Sector Tightness,0.0,8.95,-8.95,100000.0,False,80
2026-05-13,149,149,weekly-surge-in-google-trends-for-job-interview-preparation-,crazy,Weekly Surge In Google Trends For Job Interview Preparation Searches,0.0,8.95,-8.95,100000.0,False,71
2026-05-13,150,150,weekly-surge-in-google-trends-for-sudden-appliance-breakdown,crazy,Weekly Surge In Google Trends For Sudden Appliance Breakdowns Signals Discretionary Sector Rebound,0.0,8.95,-8.95,100000.0,False,67
2026-05-13,151,151,weekly-surge-in-google-trends-searches-for-diy-bicycle-repai,crazy,Weekly Surge In Google Trends Searches For Diy Bicycle Repair,0.0,8.95,-8.95,100000.0,False,71
2026-05-13,152,152,weekly-surge-in-google-trends-searches-for-home-improvement-,crazy,Weekly Surge In Google Trends Searches For Home Improvement Loan Signals Consumer Stress Lifting Xly,0.0,8.95,-8.95,100000.0,False,84
2026-05-13,153,153,weekly-surge-in-google-trends-searches-for-warehouse-worker-,crazy,Weekly Surge In Google Trends Searches For Warehouse Worker Shortage Signals Labor Tightness,0.0,8.95,-8.95,100000.0,False,69
2026-05-13,154,154,weekly-surge-in-openchargemap-ev-charger-installations-signa,crazy,Weekly Surge In Openchargemap Ev Charger Installations Signals Bullish Xlc,0.0,8.95,-8.95,100000.0,False,86
2026-05-13,155,155,work-from-home-frenzy,crazy,Work From Home Frenzy,0.0,8.95,-8.95,100000.0,False,96
2026-05-13,156,156,xlb-daily-volatility-contraction-breakout,crazy,Xlb Daily Volatility Contraction Breakout,0.0,8.95,-8.95,100000.0,False,94
2026-05-13,157,157,xlu-weekly-cold-snap-weather-correlation,crazy,Xlu Weekly Cold Snap Weather Correlation,0.0,8.95,-8.95,100000.0,False,94
2026-05-13,158,158,xlv-google-trends-flu-search-spike,crazy,Xlv Google Trends Flu Search Spike,0.0,8.95,-8.95,100000.0,False,94
2026-05-13,159,159,yelp-closure-velocity,crazy,Yelp Closure Velocity,0.0,8.95,-8.95,100000.0,False,89
2026-05-13,160,160,yield-curve-regime,crazy,Yield Curve Regime,0.0,8.95,-8.95,100000.0,False,98
2026-05-13,161,161,renewable-energy-rss-news-volume-surge,crazy,Renewable Energy Rss News Volume Surge,-0.01,8.95,-8.96,99990.05,False,70
2026-05-13,162,162,google-trends-surge-in-luxury-good-searches,crazy,Google Trends Surge In Luxury Good Searches,-0.02,8.95,-8.97,99979.84,False,76
2026-05-13,163,165,regional-earthquake-cluster-insurance-demand-spike,crazy,Regional Earthquake Cluster Insurance Demand Spike,-0.02,8.95,-8.98,99975.83,False,69
2026-05-13,164,163,weekly-google-trends-surge-in-home-appliance-repair-searches,crazy,Weekly Google Trends Surge In Home Appliance Repair Searches Signals Bullish Consumer Discretionary,-0.02,8.95,-8.97,99982.54,False,79
2026-05-13,165,164,daily-spike-in-google-trends-for-home-air-purifier-repair-si,crazy,Daily Spike In Google Trends For Home Air Purifier Repair Signals Consumer Stress Rebound In Discretionary Sector,-0.03,8.95,-8.98,99971.86,False,77
2026-05-13,166,166,weekly-spike-in-google-trends-for-electric-vehicle-battery-r,crazy,Weekly Spike In Google Trends For Electric Vehicle Battery Replacement Signals Consumer Stress Lifting Industrial Sector,-0.03,8.95,-8.98,99969.08,False,70
2026-05-13,167,167,weekly-surge-in-google-trends-for-diy-plumbing-repair-signal,crazy,Weekly Surge In Google Trends For Diy Plumbing Repair Signals Consumer Stress Rebound,-0.03,8.95,-8.98,99970.38,False,80
2026-05-13,168,168,consumer-discretionary-google-trends-surge-for-sale-keywords,crazy,Consumer Discretionary Google Trends Surge For Sale Keywords,-0.04,8.95,-8.99,99960.96,False,92
2026-05-13,169,169,port-congestion-squeeze,crazy,Port Congestion Squeeze,-0.05,8.95,-9.0,99950.18,False,96
2026-05-13,170,170,real-estate-sector-weekly-google-trends-home-buying-surge,crazy,Real Estate Sector Weekly Google Trends Home Buying Surge,-0.05,8.95,-9.0,99954.77,False,96
2026-05-13,171,171,shipping-container-squeeze-play,crazy,Shipping Container Squeeze Play,-0.05,8.95,-9.0,99950.18,False,87
2026-05-13,172,172,eia-electricity-demand-shock-rebound-spread,crazy,Eia Electricity Demand Shock Rebound Spread,-0.06,8.95,-9.01,99940.31,False,77
2026-05-13,173,173,travel-booking-momentum-divergence,crazy,Travel Booking Momentum Divergence,-0.06,8.95,-9.01,99943.44,False,70
2026-05-13,174,174,weekly-surge-in-job-postings-for-warehouse-workers-signals-b,crazy,Weekly Surge In Job Postings For Warehouse Workers Signals Bullish Xli,-0.06,8.95,-9.01,99944.62,False,84
2026-05-13,175,176,daily-spike-in-google-trends-for-emergency-dental-care-signa,crazy,Daily Spike In Google Trends For Emergency Dental Care Signals Consumer Stress Impacting Health Sector,-0.07,8.95,-9.03,99927.72,False,70
2026-05-13,176,175,daily-spike-in-rss-news-counts-around-labor-union-contract-n,crazy,Daily Spike In Rss News Counts Around Labor Union Contract Negotiation Signals Bearish Xlf,-0.07,8.95,-9.02,99930.55,False,84
2026-05-13,177,177,daily-spike-in-google-trends-searches-for-electric-vehicle-b,crazy,Daily Spike In Google Trends Searches For Electric Vehicle Battery Replacement,-0.08,8.95,-9.03,99921.33,False,71
2026-05-13,178,182,healthcare-sector-google-trends-spike-in-flu-symptoms,crazy,Healthcare Sector Google Trends Spike In Flu Symptoms,-0.08,8.95,-9.04,99917.38,False,92
2026-05-13,179,184,rss-news-volume-spike-on-food-supply-chain-disruptions,crazy,Rss News Volume Spike On Food Supply Chain Disruptions,-0.08,8.95,-9.04,99917.76,False,76
2026-05-13,180,185,weekly-google-trends-surge-in-energy-bill-shock-signals-cons,crazy,Weekly Google Trends Surge In Energy Bill Shock Signals Consumer Stress Impacting Utilities,-0.08,8.95,-9.04,99915.28,False,80
2026-05-13,181,186,weekly-google-trends-surge-in-home-energy-bill-shock-signals,crazy,Weekly Google Trends Surge In Home Energy Bill Shock Signals Bullish Utilities,-0.08,8.95,-9.04,99915.28,False,79
2026-05-13,182,178,weekly-increase-in-usgs-earthquake-activity-within-key-logis,crazy,Weekly Increase In Usgs Earthquake Activity Within Key Logistics Hubs Signals Potential Freight Delays,-0.08,8.95,-9.03,99923.09,False,69
2026-05-13,183,179,weekly-surge-in-google-trends-searches-for-truck-driver-stri,crazy,Weekly Surge In Google Trends Searches For Truck Driver Strike Signals Imminent Logistics Disruption,-0.08,8.95,-9.03,99922.61,False,69
2026-05-13,184,180,bank-stress-index-volatility-fear-crush-reversal,crazy,Bank Stress Index Volatility Fear Crush Reversal,-0.09,8.95,-9.04,99910.26,False,84
2026-05-13,185,181,financial-sector-volatility-crush-trade,crazy,Financial Sector Volatility Crush Trade,-0.09,8.95,-9.04,99910.26,False,79
2026-05-13,186,183,retail-roulette,crazy,Retail Roulette,-0.09,8.95,-9.04,99913.43,False,94
2026-05-13,187,187,xlu-daily-electricity-demand-surge,crazy,Xlu Daily Electricity Demand Surge,-0.1,8.95,-9.05,99898.68,False,94
2026-05-13,188,193,daily-spike-in-rss-counts-for-cybersecurity-breach-news-trig,crazy,Daily Spike In Rss Counts For Cybersecurity Breach News Triggers Bearish Xlk,-0.11,8.95,-9.07,99888.11,False,84
2026-05-13,189,194,daily-spike-in-rss-news-counts-mentioning-politician-insider,crazy,Daily Spike In Rss News Counts Mentioning Politician Insider Buying Tech Stock Signals Bullish Xlk,-0.11,8.95,-9.07,99886.48,False,84
2026-05-13,190,188,weekly-google-trends-spike-for-diy-car-repair-signals-bullis,crazy,Weekly Google Trends Spike For Diy Car Repair Signals Bullish Xly,-0.11,8.95,-9.06,99892.81,False,81
2026-05-13,191,189,weekly-surge-in-google-trends-searches-for-commuting-strike-,crazy,Weekly Surge In Google Trends Searches For Commuting Strike Signals Bearish Xly,-0.11,8.95,-9.06,99892.92,False,84
2026-05-13,192,190,xlb-weekly-rss-news-count-spike-on-commodity-shortage,crazy,Xlb Weekly Rss News Count Spike On Commodity Shortage,-0.11,8.95,-9.06,99889.8,False,94
2026-05-13,193,191,attention-sentiment-spike-daily-surge-in-news-rss-counts-men,crazy,Attention Sentiment Spike Daily Surge In News Rss Counts Mentioning Cyberattack Triggers Bullish Xlc,-0.12,8.95,-9.07,99882.46,False,86
2026-05-13,194,192,daily-jump-in-google-trends-searches-for-home-renovation-per,crazy,Daily Jump In Google Trends Searches For Home Renovation Permits,-0.12,8.95,-9.07,99884.41,False,71
2026-05-13,195,195,ev-charger-network-expansion-sentiment-surge,crazy,Ev Charger Network Expansion Sentiment Surge,-0.12,8.95,-9.07,99884.44,False,67
2026-05-13,196,196,lumber-momentum,crazy,Lumber Momentum,-0.12,8.95,-9.07,99882.18,False,98
2026-05-13,197,197,utilities-sector-negative-price-gap-fill,crazy,Utilities Sector Negative Price Gap Fill,-0.13,8.95,-9.08,99869.36,False,92
2026-05-13,198,200,electricity-enlightenment,crazy,Electricity Enlightenment,-0.14,8.95,-9.1,99857.33,False,94
2026-05-13,199,198,seismic-activity-construction-halt-signal,crazy,Seismic Activity Construction Halt Signal,-0.14,8.95,-9.09,99861.92,False,87
2026-05-13,200,199,tremor-tension,crazy,Tremor Tension,-0.14,8.95,-9.09,99864.21,False,94
2026-05-13,201,201,oil-price-momentum-reversal-energy-sector-bounce,crazy,Oil Price Momentum Reversal Energy Sector Bounce,-0.15,8.95,-9.1,99849.11,False,81
2026-05-13,202,202,daily-jump-in-google-trends-searches-for-emergency-dental-ca,crazy,Daily Jump In Google Trends Searches For Emergency Dental Care,-0.17,8.95,-9.12,99832.34,False,71
2026-05-13,203,203,industrial-sector-weekly-earthquake-activity-correlation-dip,crazy,Industrial Sector Weekly Earthquake Activity Correlation Dip,-0.19,8.95,-9.14,99813.1,False,92
2026-05-13,204,204,luxury-discretionary-google-trends-collapse-signal,crazy,Luxury Discretionary Google Trends Collapse Signal,-0.19,8.95,-9.14,99811.09,False,68
2026-05-13,205,205,wage-growth-demand-surge-fast-food-google-trends,crazy,Wage Growth Demand Surge Fast Food Google Trends,-0.2,8.95,-9.15,99799.52,False,80
2026-05-13,206,207,weekly-google-trends-surge-in-fast-food-job-openings-signals,crazy,Weekly Google Trends Surge In Fast Food Job Openings Signals Bullish Consumer Discretionary,-0.21,8.95,-9.17,99787.04,False,79
2026-05-13,207,206,weekly-spike-in-google-trends-for-home-cooling-failure-signa,crazy,Weekly Spike In Google Trends For Home Cooling Failure Signals Bearish Xlu,-0.21,8.95,-9.16,99792.0,False,84
2026-05-13,208,210,daily-spike-in-daily-earthquake-activity-near-major-logistic,crazy,Daily Spike In Daily Earthquake Activity Near Major Logistics Hubs Signals Bearish Xli,-0.22,8.95,-9.18,99775.64,False,84
2026-05-13,209,211,google-gusts,crazy,Google Gusts,-0.22,8.95,-9.18,99777.92,False,94
2026-05-13,210,208,weekly-rise-in-google-trends-interest-for-food-delivery-dela,crazy,Weekly Rise In Google Trends Interest For Food Delivery Delay Signals Bearish Xlp,-0.22,8.95,-9.17,99782.27,False,84
2026-05-13,211,209,weekly-surge-in-google-trends-searches-for-city-water-outage,crazy,Weekly Surge In Google Trends Searches For City Water Outage Signals Bearish Xlre,-0.22,8.95,-9.17,99773.32,False,84
2026-05-13,212,212,misery-rotation,crazy,Misery Rotation,-0.23,8.95,-9.19,99767.53,False,98
2026-05-13,213,213,news-sentiment-rotation-fade-trade,crazy,News Sentiment Rotation Fade Trade,-0.23,8.95,-9.19,99767.05,False,87
2026-05-13,214,214,weekly-spike-in-freight-container-volumes-at-east-coast-port,crazy,Weekly Spike In Freight Container Volumes At East Coast Ports Signals Industrial Sector Strength,-0.24,8.95,-9.19,99764.24,False,67
2026-05-13,215,215,housing-permit-velocity,crazy,Housing Permit Velocity,-0.27,8.95,-9.23,99728.13,False,98
2026-05-13,216,216,weekly-surge-in-google-trends-for-inflation-hedge-gold-signa,crazy,Weekly Surge In Google Trends For Inflation Hedge Gold Signals Bullish Xlb,-0.29,8.95,-9.25,99696.68,False,81
2026-05-13,217,217,grocery-store-foot-traffic-collapse-signal,crazy,Grocery Store Foot Traffic Collapse Signal,-0.33,8.95,-9.28,99673.9,False,87
2026-05-13,218,218,mortgage-rate-housing-proxy,crazy,Mortgage Rate Housing Proxy,-0.33,8.95,-9.28,99671.1,False,98
2026-05-13,219,219,xle-weekly-drawdown-rebound-signal,crazy,Xle Weekly Drawdown Rebound Signal,-0.33,8.95,-9.29,99667.3,False,94
2026-05-13,220,220,daily-surge-in-google-trends-searches-for-electric-vehicle-c,crazy,Daily Surge In Google Trends Searches For Electric Vehicle Charging Station Outages,-0.35,8.95,-9.3,99651.01,False,71
2026-05-13,221,221,healthcare-cost-shock-google-search-spike,crazy,Healthcare Cost Shock Google Search Spike,-0.37,8.95,-9.33,99617.84,False,87
2026-05-13,222,222,xlc-weekly-google-trends-surge-in-5g-rollout,crazy,Xlc Weekly Google Trends Surge In 5g Rollout,-0.41,8.95,-9.36,99592.39,False,94
2026-05-13,223,223,daily-spike-in-google-trends-for-emergency-plumbing-repair-s,crazy,Daily Spike In Google Trends For Emergency Plumbing Repair Signals Consumer Stress Rebound Benefiting Discretionary Sector,-0.42,8.95,-9.37,99572.85,False,77
2026-05-13,224,224,port-container-volume,crazy,Port Container Volume,-0.52,8.95,-9.47,99481.1,False,98
2026-05-13,225,225,healthcare-cost-google-trends-acceleration-index,crazy,Healthcare Cost Google Trends Acceleration Index,-0.53,8.95,-9.49,99466.5,False,76
2026-05-13,226,226,daily-jump-in-google-trends-searches-for-home-water-heater-r,crazy,Daily Jump In Google Trends Searches For Home Water Heater Repair Signals Consumer Stress Lifting Xly,-0.61,8.95,-9.57,99385.03,False,78
2026-05-13,227,227,weekly-surge-in-google-trends-searches-for-diy-home-repair-s,crazy,Weekly Surge In Google Trends Searches For Diy Home Repair Signals Consumer Stress Lifting Xly,-0.79,8.95,-9.74,99212.48,False,86
2026-05-13,228,228,liquor,crazy,Liquor Store Leading Indicator,-0.9,8.95,-9.86,99095.22,False,98
2026-05-13,229,229,vix-term-structure,crazy,VIX Term Structure,-1.56,8.95,-10.51,98443.96,False,89
2026-05-13,230,230,biscotti,crazy,Algo Biscotti (Unconditional Loyalty),-1.79,8.95,-10.74,98211.83,False,98
2026-05-13,231,231,biscotti,normal,Algo Biscotti (Unconditional Loyalty),-2.09,8.95,-11.05,97906.32,False,99
2026-05-13,232,232,electricity-consumption,crazy,Electricity Consumption,-2.63,8.95,-11.58,97374.13,False,98
2026-05-13,233,233,vix-fear-rotation,crazy,VIX Fear Rotation,-3.3,8.95,-12.25,96704.25,False,89
2026-05-13,234,234,baileymol,crazy,Chaos Rotation Lab,-6.22,8.95,-15.17,93780.36,False,98
2026-05-14,1,1,simple_monthly,normal,Quantified Simple Monthly Rotation,12.53,9.81,2.71,112527.99,True,100
2026-05-14,2,2,baileymol,normal,Algo Baileymol (Chaos Monger),8.07,9.81,-1.74,108070.51,False,100
2026-05-14,3,3,faber,normal,Faber Momentum Rotation,7.25,9.81,-2.56,107250.33,False,100
2026-05-14,4,4,dmsr,normal,Antonacci Dual Momentum Sector Rotation,6.53,9.81,-3.28,106534.24,False,100
2026-05-14,5,5,uber-mobility,crazy,Uber Mobility Index,4.72,9.81,-5.09,104718.87,False,99
2026-05-14,6,6,retail-sales-momentum,crazy,Retail Sales Momentum,4.71,9.81,-5.1,104708.6,False,99
2026-05-14,7,7,job-posting-acceleration,crazy,Job Posting Acceleration,3.09,9.81,-6.72,103088.89,False,99
2026-05-14,8,8,insider-trading-signals,crazy,Insider Trading Signals,1.27,9.81,-8.54,101269.19,False,99
2026-05-14,9,9,freight-rail-carloads,crazy,Freight Rail Carloads,0.6,9.81,-9.21,100601.48,False,99
2026-05-14,10,10,truck-tonnage,crazy,Truck Tonnage Index,0.53,9.81,-9.29,100525.51,False,99
2026-05-14,11,11,finra-dark-pool-signal,crazy,FINRA Dark Pool Signal,0.45,9.81,-9.37,100446.93,False,90
2026-05-14,12,12,weekly-google-trends-surge-in-diy-electronics-repair-signals,crazy,Weekly Google Trends Surge In Diy Electronics Repair Signals Tech Consumer Stress Lift,0.08,9.81,-9.73,100081.02,False,81
2026-05-14,13,13,weekly-surge-in-google-trends-searches-for-diy-electronics-r,crazy,Weekly Surge In Google Trends Searches For Diy Electronics Repair Signals Bullish Xlk,0.08,9.81,-9.73,100081.88,False,85
2026-05-14,14,14,daily-jump-in-consumer-stress-google-trends-searches-for-car,crazy,Daily Jump In Consumer Stress Google Trends Searches For Car Repossession Signals Rising Financial Distress,0.07,9.81,-9.74,100070.09,False,70
2026-05-14,15,15,earthquake-aftershock-insurance-claims-spike,crazy,Earthquake Aftershock Insurance Claims Spike,0.07,9.81,-9.74,100070.66,False,77
2026-05-14,16,16,recession-whisper-google-trends-unemployment-search-surge,crazy,Recession Whisper Google Trends Unemployment Search Surge,0.07,9.81,-9.74,100072.76,False,81
2026-05-14,17,17,price-momentum-reversion-in-defensive-sectors-after-tech-cra,crazy,Price Momentum Reversion In Defensive Sectors After Tech Crash,0.06,9.81,-9.75,100061.6,False,78
2026-05-14,18,18,earthquake-aftershock-amplifier,crazy,Earthquake Aftershock Amplifier,0.05,9.81,-9.77,100047.52,False,93
2026-05-14,19,22,google-trends-surge-in-used-car-price-searches,crazy,Google Trends Surge In Used Car Price Searches,0.04,9.81,-9.78,100038.19,False,79
2026-05-14,20,19,misery-rotation,crazy,Misery Rotation,0.04,9.81,-9.77,100043.38,False,99
2026-05-14,21,20,semiconductor-moonshot-warning,crazy,Semiconductor Moonshot Warning,0.04,9.81,-9.77,100041.43,False,93
2026-05-14,22,21,weekly-spike-in-google-trends-searches-for-warehouse-automat,crazy,Weekly Spike In Google Trends Searches For Warehouse Automation Failure Signals Bearish Xli,0.04,9.81,-9.77,100039.42,False,85
2026-05-14,23,23,healthcare-cost-inflation-google-trends-acceleration,crazy,Healthcare Cost Inflation Google Trends Acceleration,0.03,9.81,-9.78,100030.67,False,69
2026-05-14,24,25,materials-sector-weekly-positive-correlation-breakdown-with-,crazy,Materials Sector Weekly Positive Correlation Breakdown With Xlb,0.03,9.81,-9.79,100025.87,False,93
2026-05-14,25,27,weekly-surge-in-google-trends-for-diy-electronics-repair-sig,crazy,Weekly Surge In Google Trends For Diy Electronics Repair Signals Bullish Xlk,0.03,9.81,-9.79,100027.01,False,79
2026-05-14,26,24,daily-jump-in-google-trends-for-home-building-permit-delay-s,crazy,Daily Jump In Google Trends For Home Building Permit Delay Signals Local Economy Construction Stress Hurting Real Estate Sector,0.02,9.81,-9.79,100024.25,False,67
2026-05-14,27,28,daily-spike-in-usgs-earthquake-activity-near-key-industrial-,crazy,Daily Spike In Usgs Earthquake Activity Near Key Industrial Hubs,0.02,9.81,-9.8,100015.96,False,72
2026-05-14,28,26,staples-sector-drawdown-rapid-recovery,crazy,Staples Sector Drawdown Rapid Recovery,0.02,9.81,-9.79,100024.7,False,93
2026-05-14,29,89,healthcare-procedure-google-trends-demand-resurgence,crazy,Healthcare Procedure Google Trends Demand Resurgence,0.01,9.81,-9.81,100005.77,False,68
2026-05-14,30,29,airline-fuel-cost-volatility-expansion,crazy,Airline Fuel Cost Volatility Expansion,0.0,9.81,-9.81,100000.0,False,69
2026-05-14,31,30,airline-load-factor,crazy,Airline Load Factor Proxy,0.0,9.81,-9.81,100000.0,False,99
2026-05-14,32,31,airport-security-surge,crazy,Airport Security Surge,0.0,9.81,-9.81,100000.0,False,97
2026-05-14,33,32,airport-shopping-spree,crazy,Airport Shopping Spree,0.0,9.81,-9.81,100000.0,False,99
2026-05-14,34,33,bankruptcy-filing-rate,crazy,Bankruptcy Filing Rate,0.0,9.81,-9.81,100000.0,False,99
2026-05-14,35,34,calls311,crazy,311 Call Rotation,0.0,9.81,-9.81,100000.0,False,99
2026-05-14,36,35,cardboard,crazy,Cardboard Box Index,0.0,9.81,-9.81,100000.0,False,99
2026-05-14,37,36,cloud-storage-demand-surge,crazy,Cloud Storage Demand Surge,0.0,9.81,-9.81,100000.0,False,99
2026-05-14,38,37,congress,crazy,Congress Trading Fade,0.0,9.81,-9.81,100000.0,False,99
2026-05-14,39,38,consumer-sentiment,crazy,Consumer Sentiment,0.0,9.81,-9.81,100000.0,False,99
2026-05-14,40,39,craigslist,crazy,Craigslist Desperation Index,0.0,9.81,-9.81,100000.0,False,99
2026-05-14,41,40,credit-card-delinquency,crazy,Credit Card Delinquency,0.0,9.81,-9.81,100000.0,False,99
2026-05-14,42,41,crypto-capitulation-countdown,crazy,Crypto Capitulation Countdown,0.0,9.81,-9.81,100000.0,False,93
2026-05-14,43,42,crypto-derivative-arbitrage,crazy,Crypto Derivative Arbitrage,0.0,9.81,-9.81,100000.0,False,99
2026-05-14,44,43,daily-jump-in-google-trends-for-emergency-plumber-signals-ri,crazy,Daily Jump In Google Trends For Emergency Plumber Signals Rising Local Economy Stress Benefiting Staples,0.0,9.81,-9.81,100000.24,False,69
2026-05-14,45,44,daily-jump-in-google-trends-for-emergency-roadside-assistanc,crazy,Daily Jump In Google Trends For Emergency Roadside Assistance Signals Consumer Stress Impacting Discretionary Sector,0.0,9.81,-9.81,100000.0,False,68
2026-05-14,46,45,daily-jump-in-google-trends-for-solar-panel-repair-searches-,crazy,Daily Jump In Google Trends For Solar Panel Repair Searches Signals Green Energy Sector Rebound,0.0,9.81,-9.81,100000.0,False,77
2026-05-14,47,46,daily-jump-in-google-trends-searches-for-electric-vehicle-ba,crazy,Daily Jump In Google Trends Searches For Electric Vehicle Battery Failure Signals Consumer Tech Stress,0.0,9.81,-9.81,100000.0,False,70
2026-05-14,48,47,daily-jump-in-openchargemap-ev-charger-counts-in-key-states-,crazy,Daily Jump In Openchargemap Ev Charger Counts In Key States Signals Tech Sector Acceleration,0.0,9.81,-9.81,100000.0,False,68
2026-05-14,49,48,daily-jump-in-rss-news-counts-mentioning-labor-strike-signal,crazy,Daily Jump In Rss News Counts Mentioning Labor Strike Signals Imminent Industrial Disruption,0.0,9.81,-9.81,100000.0,False,70
2026-05-14,50,49,daily-spike-in-ev-charger-installations-signals-bullish-xlc,crazy,Daily Spike In Ev Charger Installations Signals Bullish Xlc,0.0,9.81,-9.81,100000.0,False,82
2026-05-14,51,50,daily-spike-in-freight-logistics-rss-news-volume-mentioning-,crazy,Daily Spike In Freight Logistics Rss News Volume Mentioning Port Labor Strike Triggers Bearish Xli,0.0,9.81,-9.81,100000.0,False,85
2026-05-14,52,51,daily-spike-in-google-trends-for-emergency-vehicle-repair-si,crazy,Daily Spike In Google Trends For Emergency Vehicle Repair Signals Consumer Stress Lifting Industrial Sector,0.0,9.81,-9.81,100000.0,False,78
2026-05-14,53,52,daily-spike-in-google-trends-searches-for-airline-flight-del,crazy,Daily Spike In Google Trends Searches For Airline Flight Delay Compensation,0.0,9.81,-9.81,100000.0,False,72
2026-05-14,54,53,daily-spike-in-google-trends-searches-for-emergency-car-batt,crazy,Daily Spike In Google Trends Searches For Emergency Car Battery Replacement Signals Consumer Stress Impacting Discretionary,0.0,9.81,-9.81,100000.0,False,77
2026-05-14,55,54,daily-spike-in-google-trends-searches-for-emergency-plumber-,crazy,Daily Spike In Google Trends Searches For Emergency Plumber Signals Consumer Home Repair Stress,0.0,9.81,-9.81,100000.0,False,70
2026-05-14,56,55,daily-spike-in-google-trends-searches-for-home-heating-syste,crazy,Daily Spike In Google Trends Searches For Home Heating System Failure Signals Winter Utility Stress,0.0,9.81,-9.81,100000.0,False,70
2026-05-14,57,56,daily-surge-in-google-trends-for-car-rental-price-spike-trig,crazy,Daily Surge In Google Trends For Car Rental Price Spike Triggers Travel Mobility Sector Pullback,0.0,9.81,-9.81,100000.0,False,67
2026-05-14,58,57,daily-surge-in-google-trends-searches-for-home-heating-syste,crazy,Daily Surge In Google Trends Searches For Home Heating System Failure Signals Consumer Stress Impacting Utilities,0.0,9.81,-9.81,100000.0,False,78
2026-05-14,59,58,daily-surge-in-rss-news-counts-for-new-labor-union-formation,crazy,Daily Surge In Rss News Counts For New Labor Union Formations Signals Labor Market Pressure On Industrial Sector,-0.0,9.81,-9.81,99999.77,False,67
2026-05-14,60,59,earthquake-energy-demand,crazy,Earthquake Energy Demand Indicator,0.0,9.81,-9.81,100000.0,False,99
2026-05-14,61,60,electric-vehicle-charge-station-density,crazy,Electric Vehicle Charge Station Density,0.0,9.81,-9.81,100000.0,False,99
2026-05-14,62,61,electricity-demand-spike-during-extreme-cold-snap-triggers-u,crazy,Electricity Demand Spike During Extreme Cold Snap Triggers Utility Sector Rally,0.0,9.81,-9.81,100000.0,False,67
2026-05-14,63,62,electricity-demand-spike-weather-anomaly,crazy,Electricity Demand Spike Weather Anomaly,0.0,9.81,-9.81,100000.0,False,79
2026-05-14,64,63,energy-sector-sudden-weekly-volatility-spike,crazy,Energy Sector Sudden Weekly Volatility Spike,0.0,9.81,-9.81,100000.0,False,90
2026-05-14,65,64,energy-sector-weekly-drawdown-exhaustion,crazy,Energy Sector Weekly Drawdown Exhaustion,0.0,9.81,-9.81,100000.0,False,93
2026-05-14,66,65,ev-charger-density-saturation-play,crazy,Ev Charger Density Saturation Play,0.0,9.81,-9.81,100000.0,False,88
2026-05-14,67,66,ev-charger-deployment-sprint-acceleration,crazy,Ev Charger Deployment Sprint Acceleration,0.0,9.81,-9.81,100000.0,False,71
2026-05-14,68,67,ev-charger-expansion-frenzy,crazy,Ev Charger Expansion Frenzy,0.0,9.81,-9.81,100000.0,False,79
2026-05-14,69,68,ev-charger-expansion-momentum-surge,crazy,Ev Charger Expansion Momentum Surge,0.0,9.81,-9.81,100000.0,False,72
2026-05-14,70,69,ev-charger-expansion-velocity-boom,crazy,Ev Charger Expansion Velocity Boom,0.0,9.81,-9.81,100000.0,False,69
2026-05-14,71,70,ev-charger-installation-acceleration-play,crazy,Ev Charger Installation Acceleration Play,0.0,9.81,-9.81,100000.0,False,80
2026-05-14,72,71,ev-charger-network-contraction-signals-electric-vehicle-adop,crazy,Ev Charger Network Contraction Signals Electric Vehicle Adoption Slowdown,0.0,9.81,-9.81,100000.0,False,67
2026-05-14,73,72,ev-charger-network-density-surge-bullish-signal,crazy,Ev Charger Network Density Surge Bullish Signal,0.0,9.81,-9.81,100000.0,False,82
2026-05-14,74,73,ev-charger-network-expansion-acceleration,crazy,Ev Charger Network Expansion Acceleration,0.0,9.81,-9.81,100000.0,False,77
2026-05-14,75,74,ev-charger-network-expansion-sprint-demand-surge,crazy,Ev Charger Network Expansion Sprint Demand Surge,0.0,9.81,-9.81,100000.0,False,85
2026-05-14,76,75,ev-charger-network-expansion-velocity-surge,crazy,Ev Charger Network Expansion Velocity Surge,0.0,9.81,-9.81,100000.0,False,78
2026-05-14,77,76,ev-charging-boom,crazy,Ev Charging Boom,0.0,9.81,-9.81,100000.0,False,97
2026-05-14,78,77,ev-charging-station-stampede,crazy,Ev Charging Station Stampede,0.0,9.81,-9.81,100000.0,False,93
2026-05-14,79,78,ev-euphoria,crazy,Ev Euphoria,0.0,9.81,-9.81,100000.0,False,95
2026-05-14,80,79,financial-sector-momentum-divergence-with-spy,crazy,Financial Sector Momentum Divergence With Spy,0.0,9.81,-9.81,100000.0,False,93
2026-05-14,81,80,fintech-disruption-wave,crazy,Fintech Disruption Wave,0.0,9.81,-9.81,100000.0,False,97
2026-05-14,82,81,freight-rail-congestion-rss-volume-explosion,crazy,Freight Rail Congestion Rss Volume Explosion,0.0,9.81,-9.81,100000.0,False,69
2026-05-14,83,82,glassdoor,crazy,Glassdoor Misery Gradient,0.0,9.81,-9.81,100000.0,False,99
2026-05-14,84,83,global-tech-earnings-momentum,crazy,Global Tech Earnings Momentum,0.0,9.81,-9.81,100000.0,False,97
2026-05-14,85,84,gold-volatility-vol-of-vol-spike,crazy,Gold Volatility Vol-of-vol Spike,0.0,9.81,-9.81,100000.0,False,80
2026-05-14,86,85,google-trends-spike-in-bankruptcy-filing-and-debt-consolidat,crazy,Google Trends Spike In Bankruptcy Filing And Debt Consolidation Signals Consumer Default Risk Surge,0.0,9.81,-9.81,100000.0,False,67
2026-05-14,87,86,google-trends-surge-in-flight-delay-complaints,crazy,Google Trends Surge In Flight Delay Complaints,0.0,9.81,-9.81,100000.0,False,78
2026-05-14,88,87,health-insurance-deductible-shock-searches,crazy,Health Insurance Deductible Shock Searches,0.0,9.81,-9.81,100000.0,False,71
2026-05-14,89,88,healthcare-cost-shock-google-trends-spike,crazy,Healthcare Cost Shock Google Trends Spike,0.0,9.81,-9.81,100000.0,False,79
2026-05-14,90,90,high-yield-spread-regime,crazy,High Yield Spread Regime,0.0,9.81,-9.81,100000.0,False,99
2026-05-14,91,91,housing-permit-velocity,crazy,Housing Permit Velocity,0.0,9.81,-9.81,100001.83,False,99
2026-05-14,92,92,linkedin,crazy,LinkedIn Layoff Propagation,0.0,9.81,-9.81,100000.0,False,99
2026-05-14,93,93,lumber-futures-rollercoaster,crazy,Lumber Futures Rollercoaster,0.0,9.81,-9.81,100000.0,False,93
2026-05-14,94,94,materials-sector-weekly-volatility-contraction-breakout,crazy,Materials Sector Weekly Volatility Contraction Breakout,0.0,9.81,-9.81,100000.0,False,90
2026-05-14,95,95,mortgage-refinance-wave-google-trends-surge,crazy,Mortgage Refinance Wave Google Trends Surge,0.0,9.81,-9.81,100000.0,False,80
2026-05-14,96,96,natural-gas-futures-volatility-pump-rotation,crazy,Natural Gas Futures Volatility Pump Rotation,0.0,9.81,-9.81,100000.0,False,70
2026-05-14,97,97,online-ad-impression-volatility,crazy,Online Ad Impression Volatility Trader,0.0,9.81,-9.81,100000.0,False,99
2026-05-14,98,98,patent-filing-velocity,crazy,Patent Filing Velocity,0.0,9.81,-9.81,100000.0,False,90
2026-05-14,99,99,pet-food-supply-chain,crazy,Pet Food Supply Chain Disruption,0.0,9.81,-9.81,100000.0,False,99
2026-05-14,100,100,reddit-emoji-sentiment-spike,crazy,Reddit Emoji Sentiment Spike,0.0,9.81,-9.81,100000.0,False,99
2026-05-14,101,101,reddit-gaming-thread-spike,crazy,Reddit Gaming Thread Spike,0.0,9.81,-9.81,100000.0,False,99
2026-05-14,102,102,reddit-mentions-volatility-spike,crazy,Reddit Mentions Volatility Spike,0.0,9.81,-9.81,100000.0,False,99
2026-05-14,103,103,reddit-sentiment-spike-trend,crazy,Reddit Sentiment Spike Trend,0.0,9.81,-9.81,100000.0,False,99
2026-05-14,104,104,reddit-sentiment-spike,crazy,Reddit Sentiment Spike,0.0,9.81,-9.81,100000.0,False,99
2026-05-14,105,105,reddit-sentiment-volatility-spike,crazy,Reddit Sentiment Volatility Spike,0.0,9.81,-9.81,100000.0,False,99
2026-05-14,106,106,reddit-subreddit-mention-spike,crazy,Reddit Subreddit Mention Spike,0.0,9.81,-9.81,100000.0,False,99
2026-05-14,107,107,reddit-subreddit-sentiment-spike,crazy,Reddit Subreddit Sentiment Spike,0.0,9.81,-9.81,100000.0,False,99
2026-05-14,108,108,reddit-subreddit-surge-momentum,crazy,Reddit Subreddit Surge Momentum,0.0,9.81,-9.81,100000.0,False,99
2026-05-14,109,109,reddit-volatility-spike,crazy,Reddit Volatility Spike,0.0,9.81,-9.81,100000.0,False,99
2026-05-14,110,110,renewable-energy-rss-news-volume-surge,crazy,Renewable Energy Rss News Volume Surge,-0.0,9.81,-9.81,99999.77,False,71
2026-05-14,111,111,rental-car-shortage-volatility-spike,crazy,Rental Car Shortage Volatility Spike,0.0,9.81,-9.81,100000.0,False,88
2026-05-14,112,112,residential-real-estate-search-momentum-rotation,crazy,Residential Real Estate Search Momentum Rotation,0.0,9.81,-9.81,100000.0,False,72
2026-05-14,113,113,retail-rush-ahead-of-holidays,crazy,Retail Rush Ahead Of Holidays,0.0,9.81,-9.81,100000.0,False,97
2026-05-14,114,114,rss-roar,crazy,Rss Roar,0.0,9.81,-9.81,100000.0,False,95
2026-05-14,115,115,small-business-formation,crazy,Small Business Formation,0.0,9.81,-9.81,100000.0,False,99
2026-05-14,116,116,social-media-sentiment-spike,crazy,Social Media Sentiment Spike,0.0,9.81,-9.81,100000.0,False,99
2026-05-14,117,117,solar-storm-scorcher,crazy,Solar Storm Scorcher,0.0,9.81,-9.81,100000.0,False,93
2026-05-14,118,118,superbowl-futures-trade,crazy,Superbowl Futures Trade,0.0,9.81,-9.81,100000.0,False,99
2026-05-14,119,119,technology-sector-daily-ev-charger-count-surge,crazy,Technology Sector Daily Ev Charger Count Surge,0.0,9.81,-9.81,100000.0,False,93
2026-05-14,120,120,temperature-extremes-power-demand-spike-utility-boost,crazy,Temperature Extremes Power Demand Spike Utility Boost,0.0,9.81,-9.81,100000.0,False,85
2026-05-14,121,121,temperature-shock-energy-demand-flip,crazy,Temperature Shock Energy Demand Flip,0.0,9.81,-9.81,100000.0,False,88
2026-05-14,122,122,tsa,crazy,TSA Body Count,0.0,9.81,-9.81,100000.0,False,99
2026-05-14,123,123,twitter-sentiment-spike,crazy,Twitter Sentiment Spike,0.0,9.81,-9.81,100000.0,False,99
2026-05-14,124,124,utilities-sector-weekly-temperature-drop-signal,crazy,Utilities Sector Weekly Temperature Drop Signal,0.0,9.81,-9.81,100000.0,False,97
2026-05-14,125,125,utility-power-grid-stress,crazy,Utility Power Grid Stress,0.0,9.81,-9.81,100000.0,False,97
2026-05-14,126,126,utility-volatility-compression-reversion-bounce,crazy,Utility Volatility Compression Reversion Bounce,0.0,9.81,-9.81,100000.0,False,70
2026-05-14,127,127,volatility-spike-follow-through,crazy,Volatility Spike Follow-Through,0.0,9.81,-9.81,100000.0,False,99
2026-05-14,128,128,weather-disruption-ripple-effects,crazy,Weather Disruption Ripple Effects,0.0,9.81,-9.81,100000.0,False,97
2026-05-14,129,129,weather-extremes-utility-demand-spike,crazy,Weather Extremes Utility Demand Spike,0.0,9.81,-9.81,100000.0,False,69
2026-05-14,130,130,weather-volatility-spike,crazy,Weather Volatility Spike,0.0,9.81,-9.81,100000.0,False,99
2026-05-14,131,131,weather-windfall,crazy,Weather Windfall,0.0,9.81,-9.81,100000.0,False,95
2026-05-14,132,132,weekly-google-trends-spike-for-diy-electronics-repair-signal,crazy,Weekly Google Trends Spike For Diy Electronics Repair Signals Bullish Tech Sector,0.0,9.81,-9.81,100000.0,False,77
2026-05-14,133,133,weekly-google-trends-spike-for-small-business-loan-default-s,crazy,Weekly Google Trends Spike For Small Business Loan Default Searches,0.0,9.81,-9.81,100000.0,False,72
2026-05-14,134,134,weekly-google-trends-spike-in-searches-for-food-supply-chain,crazy,Weekly Google Trends Spike In Searches For Food Supply Chain Disruptions,0.0,9.81,-9.81,100000.0,False,72
2026-05-14,135,135,weekly-google-trends-surge-for-diy-roof-repair-searches-sign,crazy,Weekly Google Trends Surge For Diy Roof Repair Searches Signals Consumer Stress Impacting Xli,0.0,9.81,-9.81,100000.0,False,77
2026-05-14,136,136,weekly-google-trends-surge-for-home-pest-control-searches-si,crazy,Weekly Google Trends Surge For Home Pest Control Searches Signals Consumer Stress Boosting Staples,0.0,9.81,-9.81,100000.0,False,77
2026-05-14,137,137,weekly-google-trends-surge-for-small-business-loan-applicati,crazy,Weekly Google Trends Surge For Small Business Loan Application Signals Financial Sector Activity Boost,0.0,9.81,-9.81,100000.0,False,68
2026-05-14,138,138,weekly-google-trends-surge-for-truck-tire-replacement-search,crazy,Weekly Google Trends Surge For Truck Tire Replacement Searches Signals Industrial Sector Repair Cycle,0.0,9.81,-9.81,100000.0,False,68
2026-05-14,139,139,weekly-google-trends-surge-for-used-truck-purchase-searches-,crazy,Weekly Google Trends Surge For Used Truck Purchase Searches Signals Bullish Freight Logistics,0.0,9.81,-9.81,100000.0,False,77
2026-05-14,140,140,weekly-google-trends-surge-in-home-heating-oil-shortage-sign,crazy,Weekly Google Trends Surge In Home Heating Oil Shortage Signals Winter Utility Stress Favoring Utilities Sector,0.0,9.81,-9.81,100000.0,False,67
2026-05-14,141,141,weekly-google-trends-surge-in-searches-for-diesel-fuel-price,crazy,Weekly Google Trends Surge In Searches For Diesel Fuel Price Increase,0.0,9.81,-9.81,100000.0,False,72
2026-05-14,142,142,weekly-google-trends-surge-in-searches-for-home-solar-instal,crazy,Weekly Google Trends Surge In Searches For Home Solar Installation Financing Signals Xle Bullish,0.0,9.81,-9.81,100000.0,False,77
2026-05-14,143,143,weekly-google-trends-surge-in-searches-for-truck-driver-shor,crazy,Weekly Google Trends Surge In Searches For Truck Driver Shortage,0.0,9.81,-9.81,100000.0,False,72
2026-05-14,144,144,weekly-increase-in-google-trends-searches-for-bulk-shipping-,crazy,Weekly Increase In Google Trends Searches For Bulk Shipping Delay Signals Bearish Xlb,0.0,9.81,-9.81,100000.0,False,85
2026-05-14,145,145,weekly-increase-in-google-trends-searches-for-small-business,crazy,Weekly Increase In Google Trends Searches For Small Business Loan Default Signals Rising Credit Stress,0.0,9.81,-9.81,100000.0,False,70
2026-05-14,146,146,weekly-jump-in-google-trends-for-home-heating-oil-shortage-s,crazy,Weekly Jump In Google Trends For Home Heating Oil Shortage Signals Winter Energy Stress,0.0,9.81,-9.81,100000.0,False,69
2026-05-14,147,147,weekly-jump-in-google-trends-for-job-quitting-searches-signa,crazy,Weekly Jump In Google Trends For Job Quitting Searches Signals Labor Market Tightness Benefiting Financial Sector,0.0,9.81,-9.81,100000.0,False,68
2026-05-14,148,148,weekly-jump-in-google-trends-for-warehouse-labor-shortage-si,crazy,Weekly Jump In Google Trends For Warehouse Labor Shortage Signals Supply Chain Labor Stress And Industrial Sector Risk,0.0,9.81,-9.81,100000.0,False,67
2026-05-14,149,149,weekly-jump-in-google-trends-home-pest-control-emergency-sea,crazy,Weekly Jump In Google Trends Home Pest Control Emergency Searches Signals Consumer Stress And Discretionary Rebound,0.0,9.81,-9.81,100000.0,False,68
2026-05-14,150,150,weekly-jump-in-google-trends-searches-for-airport-security-d,crazy,Weekly Jump In Google Trends Searches For Airport Security Delay Signals Travel Mobility Disruptions,0.0,9.81,-9.81,100000.0,False,70
2026-05-14,151,151,weekly-rise-in-google-trends-searches-for-emergency-hvac-rep,crazy,Weekly Rise In Google Trends Searches For Emergency Hvac Repair,0.0,9.81,-9.81,100000.0,False,72
2026-05-14,152,152,weekly-rise-in-google-trends-searches-for-gas-price-protest-,crazy,Weekly Rise In Google Trends Searches For Gas Price Protest Signals Bearish Xle,0.0,9.81,-9.81,100000.0,False,85
2026-05-14,153,153,weekly-rise-in-rss-count-for-labor-strike-news-signals-indus,crazy,Weekly Rise In Rss Count For Labor Strike News Signals Industrial Sector Risk,-0.0,9.81,-9.81,99999.77,False,67
2026-05-14,154,154,weekly-spike-in-google-trends-for-fuel-shortage-predicts-ene,crazy,Weekly Spike In Google Trends For Fuel Shortage Predicts Energy Sector Volatility,0.0,9.81,-9.81,100000.0,False,67
2026-05-14,155,155,weekly-surge-in-google-trends-diy-home-roofing-repair-search,crazy,Weekly Surge In Google Trends Diy Home Roofing Repair Searches Signals Industrial Sector Demand Spike,0.0,9.81,-9.81,100000.0,False,68
2026-05-14,156,156,weekly-surge-in-google-trends-for-diy-roof-repair-signals-co,crazy,Weekly Surge In Google Trends For Diy Roof Repair Signals Consumer Stress Lifting Industrial Sector,0.0,9.81,-9.81,100000.0,False,71
2026-05-14,157,157,weekly-surge-in-google-trends-for-diy-solar-panel-repair-sig,crazy,Weekly Surge In Google Trends For Diy Solar Panel Repair Signals Green Energy Sector Rebound,0.0,9.81,-9.81,100000.0,False,78
2026-05-14,158,158,weekly-surge-in-google-trends-for-emergency-plumbing-repair-,crazy,Weekly Surge In Google Trends For Emergency Plumbing Repair Signals Consumer Stress Lifting Discretionary Sector,0.0,9.81,-9.81,100000.0,False,71
2026-05-14,159,159,weekly-surge-in-google-trends-for-home-heating-oil-shortage-,crazy,Weekly Surge In Google Trends For Home Heating Oil Shortage Signals Bullish Xle,0.0,9.81,-9.81,100000.0,False,79
2026-05-14,160,160,weekly-surge-in-google-trends-for-job-interview-preparation-,crazy,Weekly Surge In Google Trends For Job Interview Preparation Searches,0.0,9.81,-9.81,100000.0,False,72
2026-05-14,161,161,weekly-surge-in-google-trends-for-sudden-appliance-breakdown,crazy,Weekly Surge In Google Trends For Sudden Appliance Breakdowns Signals Discretionary Sector Rebound,0.0,9.81,-9.81,100000.0,False,68
2026-05-14,162,162,weekly-surge-in-google-trends-searches-for-diy-bicycle-repai,crazy,Weekly Surge In Google Trends Searches For Diy Bicycle Repair,0.0,9.81,-9.81,100000.0,False,72
2026-05-14,163,163,weekly-surge-in-google-trends-searches-for-freight-container,crazy,Weekly Surge In Google Trends Searches For Freight Container Backlog Signals Industrial Sector Pressure,0.0,9.81,-9.81,100000.0,False,67
2026-05-14,164,164,weekly-surge-in-google-trends-searches-for-home-improvement-,crazy,Weekly Surge In Google Trends Searches For Home Improvement Loan Signals Consumer Stress Lifting Xly,0.0,9.81,-9.81,100000.0,False,85
2026-05-14,165,165,weekly-surge-in-google-trends-searches-for-warehouse-worker-,crazy,Weekly Surge In Google Trends Searches For Warehouse Worker Shortage Signals Labor Tightness,0.0,9.81,-9.81,100000.0,False,70
2026-05-14,166,166,weekly-surge-in-openchargemap-ev-charger-installations-signa,crazy,Weekly Surge In Openchargemap Ev Charger Installations Signals Bullish Xlc,0.0,9.81,-9.81,100000.0,False,87
2026-05-14,167,167,work-from-home-frenzy,crazy,Work From Home Frenzy,0.0,9.81,-9.81,100000.0,False,97
2026-05-14,168,168,xlb-daily-volatility-contraction-breakout,crazy,Xlb Daily Volatility Contraction Breakout,0.0,9.81,-9.81,100000.0,False,95
2026-05-14,169,169,xlu-weekly-cold-snap-weather-correlation,crazy,Xlu Weekly Cold Snap Weather Correlation,0.0,9.81,-9.81,100000.0,False,95
2026-05-14,170,170,xlv-google-trends-flu-search-spike,crazy,Xlv Google Trends Flu Search Spike,0.0,9.81,-9.81,100000.0,False,95
2026-05-14,171,171,yelp-closure-velocity,crazy,Yelp Closure Velocity,0.0,9.81,-9.81,100000.0,False,90
2026-05-14,172,172,yield-curve-regime,crazy,Yield Curve Regime,0.0,9.81,-9.81,100000.0,False,99
2026-05-14,173,173,weekly-google-trends-surge-for-truck-driver-shortage-signals,crazy,Weekly Google Trends Surge For Truck Driver Shortage Signals Freight Logistics Risk And Industrial Cost Pressure,-0.01,9.81,-9.82,99993.13,False,67
2026-05-14,174,174,weekly-surge-in-google-trends-for-hotel-room-shortage-signal,crazy,Weekly Surge In Google Trends For Hotel Room Shortage Signals Travel Sector Tightness,-0.01,9.81,-9.82,99990.05,False,81
2026-05-14,175,175,google-trends-surge-in-luxury-good-searches,crazy,Google Trends Surge In Luxury Good Searches,-0.02,9.81,-9.83,99979.84,False,77
2026-05-14,176,178,regional-earthquake-cluster-insurance-demand-spike,crazy,Regional Earthquake Cluster Insurance Demand Spike,-0.02,9.81,-9.84,99975.83,False,70
2026-05-14,177,176,weekly-google-trends-surge-in-home-appliance-repair-searches,crazy,Weekly Google Trends Surge In Home Appliance Repair Searches Signals Bullish Consumer Discretionary,-0.02,9.81,-9.83,99982.54,False,80
2026-05-14,178,177,daily-spike-in-google-trends-for-home-air-purifier-repair-si,crazy,Daily Spike In Google Trends For Home Air Purifier Repair Signals Consumer Stress Rebound In Discretionary Sector,-0.03,9.81,-9.84,99971.86,False,78
2026-05-14,179,179,weekly-spike-in-google-trends-for-electric-vehicle-battery-r,crazy,Weekly Spike In Google Trends For Electric Vehicle Battery Replacement Signals Consumer Stress Lifting Industrial Sector,-0.03,9.81,-9.84,99969.08,False,71
2026-05-14,180,180,weekly-surge-in-google-trends-for-diy-plumbing-repair-signal,crazy,Weekly Surge In Google Trends For Diy Plumbing Repair Signals Consumer Stress Rebound,-0.03,9.81,-9.84,99970.38,False,81
2026-05-14,181,181,consumer-discretionary-google-trends-surge-for-sale-keywords,crazy,Consumer Discretionary Google Trends Surge For Sale Keywords,-0.04,9.81,-9.85,99960.96,False,93
2026-05-14,182,184,copper-momentum,crazy,Copper Momentum,-0.04,9.81,-9.86,99955.78,False,99
2026-05-14,183,182,port-congestion-squeeze,crazy,Port Congestion Squeeze,-0.04,9.81,-9.85,99959.89,False,97
2026-05-14,184,183,shipping-container-squeeze-play,crazy,Shipping Container Squeeze Play,-0.04,9.81,-9.85,99959.89,False,88
2026-05-14,185,186,weekly-spike-in-earthquake-activity-in-port-regions-signals-,crazy,Weekly Spike In Earthquake Activity In Port Regions Signals Potential Freight Logistics Disruption,-0.04,9.81,-9.86,99955.02,False,67
2026-05-14,186,185,real-estate-sector-weekly-google-trends-home-buying-surge,crazy,Real Estate Sector Weekly Google Trends Home Buying Surge,-0.05,9.81,-9.86,99954.77,False,97
2026-05-14,187,187,daily-spike-in-rss-news-counts-around-labor-union-contract-n,crazy,Daily Spike In Rss News Counts Around Labor Union Contract Negotiation Signals Bearish Xlf,-0.06,9.81,-9.87,99942.62,False,85
2026-05-14,188,188,eia-electricity-demand-shock-rebound-spread,crazy,Eia Electricity Demand Shock Rebound Spread,-0.06,9.81,-9.87,99940.31,False,78
2026-05-14,189,189,mortgage-rate-housing-proxy,crazy,Mortgage Rate Housing Proxy,-0.06,9.81,-9.87,99944.65,False,99
2026-05-14,190,190,travel-booking-momentum-divergence,crazy,Travel Booking Momentum Divergence,-0.06,9.81,-9.87,99943.44,False,71
2026-05-14,191,191,weekly-surge-in-job-postings-for-warehouse-workers-signals-b,crazy,Weekly Surge In Job Postings For Warehouse Workers Signals Bullish Xli,-0.06,9.81,-9.87,99944.62,False,85
2026-05-14,192,192,daily-spike-in-google-trends-for-emergency-dental-care-signa,crazy,Daily Spike In Google Trends For Emergency Dental Care Signals Consumer Stress Impacting Health Sector,-0.07,9.81,-9.89,99927.72,False,71
2026-05-14,193,193,daily-spike-in-google-trends-searches-for-electric-vehicle-b,crazy,Daily Spike In Google Trends Searches For Electric Vehicle Battery Replacement,-0.08,9.81,-9.89,99921.33,False,72
2026-05-14,194,199,healthcare-sector-google-trends-spike-in-flu-symptoms,crazy,Healthcare Sector Google Trends Spike In Flu Symptoms,-0.08,9.81,-9.9,99917.38,False,93
2026-05-14,195,194,rss-news-volume-spike-on-food-supply-chain-disruptions,crazy,Rss News Volume Spike On Food Supply Chain Disruptions,-0.08,9.81,-9.89,99920.98,False,77
2026-05-14,196,195,weekly-increase-in-usgs-earthquake-activity-within-key-logis,crazy,Weekly Increase In Usgs Earthquake Activity Within Key Logistics Hubs Signals Potential Freight Delays,-0.08,9.81,-9.89,99923.09,False,70
2026-05-14,197,196,weekly-surge-in-google-trends-searches-for-truck-driver-stri,crazy,Weekly Surge In Google Trends Searches For Truck Driver Strike Signals Imminent Logistics Disruption,-0.08,9.81,-9.89,99922.61,False,70
2026-05-14,198,197,bank-stress-index-volatility-fear-crush-reversal,crazy,Bank Stress Index Volatility Fear Crush Reversal,-0.09,9.81,-9.9,99910.26,False,85
2026-05-14,199,198,financial-sector-volatility-crush-trade,crazy,Financial Sector Volatility Crush Trade,-0.09,9.81,-9.9,99910.26,False,80
2026-05-14,200,200,retail-roulette,crazy,Retail Roulette,-0.09,9.81,-9.9,99913.43,False,95
2026-05-14,201,201,weekly-google-trends-surge-in-energy-bill-shock-signals-cons,crazy,Weekly Google Trends Surge In Energy Bill Shock Signals Consumer Stress Impacting Utilities,-0.09,9.81,-9.91,99905.33,False,81
2026-05-14,202,202,weekly-google-trends-surge-in-home-energy-bill-shock-signals,crazy,Weekly Google Trends Surge In Home Energy Bill Shock Signals Bullish Utilities,-0.09,9.81,-9.91,99905.33,False,80
2026-05-14,203,203,xlu-daily-electricity-demand-surge,crazy,Xlu Daily Electricity Demand Surge,-0.1,9.81,-9.91,99898.68,False,95
2026-05-14,204,207,daily-spike-in-rss-news-counts-mentioning-politician-insider,crazy,Daily Spike In Rss News Counts Mentioning Politician Insider Buying Tech Stock Signals Bullish Xlk,-0.11,9.81,-9.93,99886.48,False,85
2026-05-14,205,204,weekly-google-trends-spike-for-diy-car-repair-signals-bullis,crazy,Weekly Google Trends Spike For Diy Car Repair Signals Bullish Xly,-0.11,9.81,-9.92,99892.81,False,82
2026-05-14,206,205,xlb-weekly-rss-news-count-spike-on-commodity-shortage,crazy,Xlb Weekly Rss News Count Spike On Commodity Shortage,-0.11,9.81,-9.92,99889.8,False,95
2026-05-14,207,206,daily-jump-in-google-trends-searches-for-home-renovation-per,crazy,Daily Jump In Google Trends Searches For Home Renovation Permits,-0.12,9.81,-9.93,99884.41,False,72
2026-05-14,208,211,daily-spike-in-rss-counts-for-cybersecurity-breach-news-trig,crazy,Daily Spike In Rss Counts For Cybersecurity Breach News Triggers Bearish Xlk,-0.12,9.81,-9.94,99878.16,False,85
2026-05-14,209,208,ev-charger-network-expansion-sentiment-surge,crazy,Ev Charger Network Expansion Sentiment Surge,-0.12,9.81,-9.93,99884.44,False,68
2026-05-14,210,209,weekly-surge-in-google-trends-searches-for-commuting-strike-,crazy,Weekly Surge In Google Trends Searches For Commuting Strike Signals Bearish Xly,-0.12,9.81,-9.93,99880.6,False,85
2026-05-14,211,210,attention-sentiment-spike-daily-surge-in-news-rss-counts-men,crazy,Attention Sentiment Spike Daily Surge In News Rss Counts Mentioning Cyberattack Triggers Bullish Xlc,-0.13,9.81,-9.94,99872.51,False,87
2026-05-14,212,212,utilities-sector-negative-price-gap-fill,crazy,Utilities Sector Negative Price Gap Fill,-0.13,9.81,-9.94,99869.36,False,93
2026-05-14,213,215,electricity-enlightenment,crazy,Electricity Enlightenment,-0.14,9.81,-9.96,99857.33,False,95
2026-05-14,214,213,seismic-activity-construction-halt-signal,crazy,Seismic Activity Construction Halt Signal,-0.14,9.81,-9.95,99861.92,False,88
2026-05-14,215,214,tremor-tension,crazy,Tremor Tension,-0.14,9.81,-9.95,99864.21,False,95
2026-05-14,216,216,oil-price-momentum-reversal-energy-sector-bounce,crazy,Oil Price Momentum Reversal Energy Sector Bounce,-0.16,9.81,-9.97,99839.16,False,82
2026-05-14,217,217,daily-jump-in-google-trends-searches-for-emergency-dental-ca,crazy,Daily Jump In Google Trends Searches For Emergency Dental Care,-0.17,9.81,-9.98,99832.34,False,72
2026-05-14,218,218,daily-jump-in-google-trends-searches-for-job-quitting-signal,crazy,Daily Jump In Google Trends Searches For Job Quitting Signals Labor Market Tightness Benefiting Consumer Discretionary,-0.17,9.81,-9.98,99834.55,False,67
2026-05-14,219,220,daily-jump-in-google-trends-for-home-appliance-repair-signal,crazy,Daily Jump In Google Trends For Home Appliance Repair Signals Consumer Stress Lifting Consumer Staples,-0.19,9.81,-10.01,99795.5,False,67
2026-05-14,220,219,luxury-discretionary-google-trends-collapse-signal,crazy,Luxury Discretionary Google Trends Collapse Signal,-0.19,9.81,-10.0,99811.09,False,69
2026-05-14,221,221,industrial-sector-weekly-earthquake-activity-correlation-dip,crazy,Industrial Sector Weekly Earthquake Activity Correlation Dip,-0.2,9.81,-10.01,99803.15,False,93
2026-05-14,222,222,wage-growth-demand-surge-fast-food-google-trends,crazy,Wage Growth Demand Surge Fast Food Google Trends,-0.2,9.81,-10.01,99799.52,False,81
2026-05-14,223,223,weekly-rise-in-google-trends-interest-for-food-delivery-dela,crazy,Weekly Rise In Google Trends Interest For Food Delivery Delay Signals Bearish Xlp,-0.21,9.81,-10.03,99785.48,False,85
2026-05-14,224,226,daily-spike-in-daily-earthquake-activity-near-major-logistic,crazy,Daily Spike In Daily Earthquake Activity Near Major Logistics Hubs Signals Bearish Xli,-0.22,9.81,-10.04,99775.64,False,85
2026-05-14,225,228,weekly-google-trends-surge-in-fast-food-job-openings-signals,crazy,Weekly Google Trends Surge In Fast Food Job Openings Signals Bullish Consumer Discretionary,-0.22,9.81,-10.04,99777.09,False,80
2026-05-14,226,224,weekly-spike-in-google-trends-for-home-cooling-failure-signa,crazy,Weekly Spike In Google Trends For Home Cooling Failure Signals Bearish Xlu,-0.22,9.81,-10.03,99782.05,False,85
2026-05-14,227,225,weekly-surge-in-google-trends-searches-for-city-water-outage,crazy,Weekly Surge In Google Trends Searches For City Water Outage Signals Bearish Xlre,-0.22,9.81,-10.03,99773.32,False,85
2026-05-14,228,230,google-gusts,crazy,Google Gusts,-0.23,9.81,-10.05,99767.97,False,95
2026-05-14,229,227,port-container-volume-surge-signals-import-demand-recovery-a,crazy,Port Container Volume Surge Signals Import Demand Recovery And Consumer Spending Rebound,-0.23,9.81,-10.04,99774.23,False,67
2026-05-14,230,229,weekly-spike-in-freight-container-volumes-at-east-coast-port,crazy,Weekly Spike In Freight Container Volumes At East Coast Ports Signals Industrial Sector Strength,-0.23,9.81,-10.04,99773.92,False,68
2026-05-14,231,231,news-sentiment-rotation-fade-trade,crazy,News Sentiment Rotation Fade Trade,-0.25,9.81,-10.06,99754.74,False,88
2026-05-14,232,232,daily-jump-in-google-trends-for-emergency-dental-care-signal,crazy,Daily Jump In Google Trends For Emergency Dental Care Signals Consumer Stress Lifting Healthcare Sector Demand,-0.27,9.81,-10.08,99732.03,False,67
2026-05-14,233,233,weekly-surge-in-google-trends-for-inflation-hedge-gold-signa,crazy,Weekly Surge In Google Trends For Inflation Hedge Gold Signals Bullish Xlb,-0.29,9.81,-10.11,99696.68,False,82
2026-05-14,234,234,grocery-store-foot-traffic-collapse-signal,crazy,Grocery Store Foot Traffic Collapse Signal,-0.33,9.81,-10.14,99673.9,False,88
2026-05-14,235,235,xle-weekly-drawdown-rebound-signal,crazy,Xle Weekly Drawdown Rebound Signal,-0.33,9.81,-10.15,99667.3,False,95
2026-05-14,236,236,daily-surge-in-google-trends-searches-for-electric-vehicle-c,crazy,Daily Surge In Google Trends Searches For Electric Vehicle Charging Station Outages,-0.35,9.81,-10.16,99651.01,False,72
2026-05-14,237,237,healthcare-cost-shock-google-search-spike,crazy,Healthcare Cost Shock Google Search Spike,-0.37,9.81,-10.19,99617.84,False,88
2026-05-14,238,238,xlc-weekly-google-trends-surge-in-5g-rollout,crazy,Xlc Weekly Google Trends Surge In 5g Rollout,-0.41,9.81,-10.22,99592.39,False,95
2026-05-14,239,239,daily-spike-in-google-trends-for-emergency-plumbing-repair-s,crazy,Daily Spike In Google Trends For Emergency Plumbing Repair Signals Consumer Stress Rebound Benefiting Discretionary Sector,-0.42,9.81,-10.23,99572.85,False,78
2026-05-14,240,240,healthcare-cost-google-trends-acceleration-index,crazy,Healthcare Cost Google Trends Acceleration Index,-0.53,9.81,-10.35,99466.5,False,77
2026-05-14,241,241,port-container-volume,crazy,Port Container Volume,-0.55,9.81,-10.36,99448.71,False,99
2026-05-14,242,242,liquor,crazy,Liquor Store Leading Indicator,-0.6,9.81,-10.42,99397.9,False,99
2026-05-14,243,243,daily-jump-in-google-trends-searches-for-home-water-heater-r,crazy,Daily Jump In Google Trends Searches For Home Water Heater Repair Signals Consumer Stress Lifting Xly,-0.61,9.81,-10.43,99385.03,False,79
2026-05-14,244,244,lumber-momentum,crazy,Lumber Momentum,-0.69,9.81,-10.51,99307.14,False,99
2026-05-14,245,245,weekly-surge-in-google-trends-searches-for-diy-home-repair-s,crazy,Weekly Surge In Google Trends Searches For Diy Home Repair Signals Consumer Stress Lifting Xly,-0.79,9.81,-10.6,99212.48,False,87
2026-05-14,246,246,vix-term-structure,crazy,VIX Term Structure,-0.95,9.81,-10.76,99053.05,False,90
2026-05-14,247,247,biscotti,crazy,Algo Biscotti (Unconditional Loyalty),-1.84,9.81,-11.66,98158.27,False,99
2026-05-14,248,248,biscotti,normal,Algo Biscotti (Unconditional Loyalty),-2.15,9.81,-11.96,97852.93,False,100
2026-05-14,249,249,electricity-consumption,crazy,Electricity Consumption,-2.66,9.81,-12.47,97342.42,False,99
2026-05-14,250,250,vix-fear-rotation,crazy,VIX Fear Rotation,-2.7,9.81,-12.51,97304.01,False,90
2026-05-14,251,251,baileymol,crazy,Chaos Rotation Lab,-5.82,9.81,-15.63,94179.98,False,99
2026-05-15,1,1,simple_monthly,normal,Quantified Simple Monthly Rotation,10.5,8.49,2.0,110496.84,True,101
2026-05-15,2,2,baileymol,normal,Algo Baileymol (Chaos Monger),8.29,8.49,-0.2,108292.82,False,101
2026-05-15,3,3,faber,normal,Faber Momentum Rotation,7.34,8.49,-1.15,107342.19,False,101
2026-05-15,4,4,dmsr,normal,Antonacci Dual Momentum Sector Rotation,6.14,8.49,-2.35,106140.06,False,101
2026-05-15,5,5,uber-mobility,crazy,Uber Mobility Index,3.28,8.49,-5.21,103284.22,False,100
2026-05-15,6,6,retail-sales-momentum,crazy,Retail Sales Momentum,3.27,8.49,-5.22,103274.1,False,100
2026-05-15,7,7,job-posting-acceleration,crazy,Job Posting Acceleration,1.77,8.49,-6.72,101769.86,False,100
2026-05-15,8,8,insider-trading-signals,crazy,Insider Trading Signals,1.06,8.49,-7.43,101064.64,False,100
2026-05-15,9,9,weekly-google-trends-surge-in-diy-electronics-repair-signals,crazy,Weekly Google Trends Surge In Diy Electronics Repair Signals Tech Consumer Stress Lift,0.08,8.49,-8.41,100081.02,False,82
2026-05-15,10,10,weekly-surge-in-google-trends-searches-for-diy-electronics-r,crazy,Weekly Surge In Google Trends Searches For Diy Electronics Repair Signals Bullish Xlk,0.08,8.49,-8.41,100081.88,False,86
2026-05-15,11,11,daily-jump-in-consumer-stress-google-trends-searches-for-car,crazy,Daily Jump In Consumer Stress Google Trends Searches For Car Repossession Signals Rising Financial Distress,0.07,8.49,-8.42,100070.09,False,71
2026-05-15,12,12,earthquake-aftershock-insurance-claims-spike,crazy,Earthquake Aftershock Insurance Claims Spike,0.07,8.49,-8.42,100070.66,False,78
2026-05-15,13,13,recession-whisper-google-trends-unemployment-search-surge,crazy,Recession Whisper Google Trends Unemployment Search Surge,0.07,8.49,-8.42,100072.76,False,82
2026-05-15,14,14,price-momentum-reversion-in-defensive-sectors-after-tech-cra,crazy,Price Momentum Reversion In Defensive Sectors After Tech Crash,0.06,8.49,-8.43,100061.6,False,79
2026-05-15,15,15,earthquake-aftershock-amplifier,crazy,Earthquake Aftershock Amplifier,0.05,8.49,-8.45,100047.52,False,94
2026-05-15,16,16,google-trends-surge-in-used-car-price-searches,crazy,Google Trends Surge In Used Car Price Searches,0.04,8.49,-8.45,100038.19,False,80
2026-05-15,17,17,semiconductor-moonshot-warning,crazy,Semiconductor Moonshot Warning,0.04,8.49,-8.45,100041.43,False,94
2026-05-15,18,18,usgs-earthquake-activity-spike-near-major-freight-hubs-signa,crazy,Usgs Earthquake Activity Spike Near Major Freight Hubs Signals Temporary Freight Disruption,0.04,8.49,-8.45,100042.42,False,67
2026-05-15,19,19,healthcare-cost-inflation-google-trends-acceleration,crazy,Healthcare Cost Inflation Google Trends Acceleration,0.03,8.49,-8.46,100030.67,False,70
2026-05-15,20,22,materials-sector-weekly-positive-correlation-breakdown-with-,crazy,Materials Sector Weekly Positive Correlation Breakdown With Xlb,0.03,8.49,-8.47,100025.87,False,94
2026-05-15,21,20,weekly-spike-in-google-trends-searches-for-warehouse-automat,crazy,Weekly Spike In Google Trends Searches For Warehouse Automation Failure Signals Bearish Xli,0.03,8.49,-8.46,100029.47,False,86
2026-05-15,22,24,weekly-surge-in-google-trends-for-diy-electronics-repair-sig,crazy,Weekly Surge In Google Trends For Diy Electronics Repair Signals Bullish Xlk,0.03,8.49,-8.47,100027.01,False,80
2026-05-15,23,21,daily-jump-in-google-trends-for-home-building-permit-delay-s,crazy,Daily Jump In Google Trends For Home Building Permit Delay Signals Local Economy Construction Stress Hurting Real Estate Sector,0.02,8.49,-8.47,100024.25,False,68
2026-05-15,24,25,daily-spike-in-usgs-earthquake-activity-near-key-industrial-,crazy,Daily Spike In Usgs Earthquake Activity Near Key Industrial Hubs,0.02,8.49,-8.48,100015.96,False,73
2026-05-15,25,23,staples-sector-drawdown-rapid-recovery,crazy,Staples Sector Drawdown Rapid Recovery,0.02,8.49,-8.47,100024.7,False,94
2026-05-15,26,92,healthcare-procedure-google-trends-demand-resurgence,crazy,Healthcare Procedure Google Trends Demand Resurgence,0.01,8.49,-8.49,100005.77,False,69
2026-05-15,27,26,weekly-google-trends-spike-for-diy-home-renovation-signals-b,crazy,Weekly Google Trends Spike For Diy Home Renovation Signals Bullish Consumer Staples,0.01,8.49,-8.48,100010.87,False,67
2026-05-15,28,27,airline-fuel-cost-volatility-expansion,crazy,Airline Fuel Cost Volatility Expansion,0.0,8.49,-8.49,100000.0,False,70
2026-05-15,29,28,airline-load-factor,crazy,Airline Load Factor Proxy,0.0,8.49,-8.49,100000.0,False,100
2026-05-15,30,29,airport-security-surge,crazy,Airport Security Surge,0.0,8.49,-8.49,100000.0,False,98
2026-05-15,31,30,airport-shopping-spree,crazy,Airport Shopping Spree,0.0,8.49,-8.49,100000.0,False,100
2026-05-15,32,31,appliance-shortage-supply-chain-stress,crazy,Appliance Shortage Supply Chain Stress,0.0,8.49,-8.49,100000.0,False,67
2026-05-15,33,32,bankruptcy-filing-rate,crazy,Bankruptcy Filing Rate,0.0,8.49,-8.49,100000.0,False,100
2026-05-15,34,33,calls311,crazy,311 Call Rotation,0.0,8.49,-8.49,100000.0,False,100
2026-05-15,35,34,cardboard,crazy,Cardboard Box Index,0.0,8.49,-8.49,100000.0,False,100
2026-05-15,36,35,cloud-storage-demand-surge,crazy,Cloud Storage Demand Surge,0.0,8.49,-8.49,100000.0,False,100
2026-05-15,37,36,congress,crazy,Congress Trading Fade,0.0,8.49,-8.49,100000.0,False,100
2026-05-15,38,37,consumer-sentiment,crazy,Consumer Sentiment,0.0,8.49,-8.49,100000.0,False,100
2026-05-15,39,38,craigslist,crazy,Craigslist Desperation Index,0.0,8.49,-8.49,100000.0,False,100
2026-05-15,40,39,credit-card-delinquency,crazy,Credit Card Delinquency,0.0,8.49,-8.49,100000.0,False,100
2026-05-15,41,40,crypto-capitulation-countdown,crazy,Crypto Capitulation Countdown,0.0,8.49,-8.49,100000.0,False,94
2026-05-15,42,41,crypto-derivative-arbitrage,crazy,Crypto Derivative Arbitrage,0.0,8.49,-8.49,100000.0,False,100
2026-05-15,43,42,daily-jump-in-google-trends-for-emergency-plumber-signals-ri,crazy,Daily Jump In Google Trends For Emergency Plumber Signals Rising Local Economy Stress Benefiting Staples,0.0,8.49,-8.49,100000.24,False,70
2026-05-15,44,43,daily-jump-in-google-trends-for-emergency-roadside-assistanc,crazy,Daily Jump In Google Trends For Emergency Roadside Assistance Signals Consumer Stress Impacting Discretionary Sector,0.0,8.49,-8.49,100000.0,False,69
2026-05-15,45,44,daily-jump-in-google-trends-for-food-delivery-delay-complain,crazy,Daily Jump In Google Trends For Food Delivery Delay Complaints Signals Bearish Consumer Staples,0.0,8.49,-8.49,100000.0,False,67
2026-05-15,46,45,daily-jump-in-google-trends-for-solar-panel-repair-searches-,crazy,Daily Jump In Google Trends For Solar Panel Repair Searches Signals Green Energy Sector Rebound,0.0,8.49,-8.49,100000.0,False,78
2026-05-15,47,46,daily-jump-in-google-trends-searches-for-electric-vehicle-ba,crazy,Daily Jump In Google Trends Searches For Electric Vehicle Battery Failure Signals Consumer Tech Stress,0.0,8.49,-8.49,100000.0,False,71
2026-05-15,48,47,daily-jump-in-openchargemap-ev-charger-counts-expansion-rate,crazy,Daily Jump In Openchargemap Ev Charger Counts Expansion Rate Signals Bullish Consumer Discretionary,0.0,8.49,-8.49,100000.0,False,67
2026-05-15,49,48,daily-jump-in-openchargemap-ev-charger-counts-in-key-states-,crazy,Daily Jump In Openchargemap Ev Charger Counts In Key States Signals Tech Sector Acceleration,0.0,8.49,-8.49,100000.0,False,69
2026-05-15,50,49,daily-jump-in-rss-news-counts-mentioning-labor-strike-signal,crazy,Daily Jump In Rss News Counts Mentioning Labor Strike Signals Imminent Industrial Disruption,0.0,8.49,-8.49,100000.0,False,71
2026-05-15,51,50,daily-spike-in-ev-charger-installations-signals-bullish-xlc,crazy,Daily Spike In Ev Charger Installations Signals Bullish Xlc,0.0,8.49,-8.49,100000.0,False,83
2026-05-15,52,51,daily-spike-in-freight-logistics-rss-news-volume-mentioning-,crazy,Daily Spike In Freight Logistics Rss News Volume Mentioning Port Labor Strike Triggers Bearish Xli,0.0,8.49,-8.49,100000.0,False,86
2026-05-15,53,52,daily-spike-in-google-trends-for-emergency-vehicle-repair-si,crazy,Daily Spike In Google Trends For Emergency Vehicle Repair Signals Consumer Stress Lifting Industrial Sector,0.0,8.49,-8.49,100000.0,False,79
2026-05-15,54,53,daily-spike-in-google-trends-searches-for-airline-flight-del,crazy,Daily Spike In Google Trends Searches For Airline Flight Delay Compensation,0.0,8.49,-8.49,100000.0,False,73
2026-05-15,55,54,daily-spike-in-google-trends-searches-for-emergency-car-batt,crazy,Daily Spike In Google Trends Searches For Emergency Car Battery Replacement Signals Consumer Stress Impacting Discretionary,0.0,8.49,-8.49,100000.0,False,78
2026-05-15,56,55,daily-spike-in-google-trends-searches-for-emergency-plumber-,crazy,Daily Spike In Google Trends Searches For Emergency Plumber Signals Consumer Home Repair Stress,0.0,8.49,-8.49,100000.0,False,71
2026-05-15,57,56,daily-spike-in-google-trends-searches-for-home-heating-syste,crazy,Daily Spike In Google Trends Searches For Home Heating System Failure Signals Winter Utility Stress,0.0,8.49,-8.49,100000.0,False,71
2026-05-15,58,57,daily-surge-in-google-trends-for-car-rental-price-spike-trig,crazy,Daily Surge In Google Trends For Car Rental Price Spike Triggers Travel Mobility Sector Pullback,0.0,8.49,-8.49,100000.0,False,68
2026-05-15,59,58,daily-surge-in-google-trends-for-home-office-setup-signals-b,crazy,Daily Surge In Google Trends For Home Office Setup Signals Bullish Technology Sector,0.0,8.49,-8.49,100000.0,False,67
2026-05-15,60,59,daily-surge-in-google-trends-searches-for-home-heating-syste,crazy,Daily Surge In Google Trends Searches For Home Heating System Failure Signals Consumer Stress Impacting Utilities,0.0,8.49,-8.49,100000.0,False,79
2026-05-15,61,60,earthquake-energy-demand,crazy,Earthquake Energy Demand Indicator,0.0,8.49,-8.49,100000.0,False,100
2026-05-15,62,61,electric-vehicle-charge-station-density,crazy,Electric Vehicle Charge Station Density,0.0,8.49,-8.49,100000.0,False,100
2026-05-15,63,62,electricity-demand-collapse-during-mild-weather,crazy,Electricity Demand Collapse During Mild Weather,0.0,8.49,-8.49,100000.0,False,67
2026-05-15,64,63,electricity-demand-spike-during-extreme-cold-snap-triggers-u,crazy,Electricity Demand Spike During Extreme Cold Snap Triggers Utility Sector Rally,0.0,8.49,-8.49,100000.0,False,68
2026-05-15,65,64,electricity-demand-spike-weather-anomaly,crazy,Electricity Demand Spike Weather Anomaly,0.0,8.49,-8.49,100000.0,False,80
2026-05-15,66,65,energy-sector-sudden-weekly-volatility-spike,crazy,Energy Sector Sudden Weekly Volatility Spike,0.0,8.49,-8.49,100000.0,False,91
2026-05-15,67,66,energy-sector-weekly-drawdown-exhaustion,crazy,Energy Sector Weekly Drawdown Exhaustion,0.0,8.49,-8.49,100000.0,False,94
2026-05-15,68,67,ev-charger-density-saturation-play,crazy,Ev Charger Density Saturation Play,0.0,8.49,-8.49,100000.0,False,89
2026-05-15,69,68,ev-charger-deployment-sprint-acceleration,crazy,Ev Charger Deployment Sprint Acceleration,0.0,8.49,-8.49,100000.0,False,72
2026-05-15,70,69,ev-charger-expansion-frenzy,crazy,Ev Charger Expansion Frenzy,0.0,8.49,-8.49,100000.0,False,80
2026-05-15,71,70,ev-charger-expansion-momentum-surge,crazy,Ev Charger Expansion Momentum Surge,0.0,8.49,-8.49,100000.0,False,73
2026-05-15,72,71,ev-charger-expansion-velocity-boom,crazy,Ev Charger Expansion Velocity Boom,0.0,8.49,-8.49,100000.0,False,70
2026-05-15,73,72,ev-charger-installation-acceleration-play,crazy,Ev Charger Installation Acceleration Play,0.0,8.49,-8.49,100000.0,False,81
2026-05-15,74,73,ev-charger-network-contraction-signals-electric-vehicle-adop,crazy,Ev Charger Network Contraction Signals Electric Vehicle Adoption Slowdown,0.0,8.49,-8.49,100000.0,False,68
2026-05-15,75,74,ev-charger-network-density-jump,crazy,Ev Charger Network Density Jump,0.0,8.49,-8.49,100000.0,False,67
2026-05-15,76,75,ev-charger-network-density-surge-bullish-signal,crazy,Ev Charger Network Density Surge Bullish Signal,0.0,8.49,-8.49,100000.0,False,83
2026-05-15,77,76,ev-charger-network-expansion-acceleration,crazy,Ev Charger Network Expansion Acceleration,0.0,8.49,-8.49,100000.0,False,78
2026-05-15,78,77,ev-charger-network-expansion-sprint-demand-surge,crazy,Ev Charger Network Expansion Sprint Demand Surge,0.0,8.49,-8.49,100000.0,False,86
2026-05-15,79,78,ev-charger-network-expansion-velocity-surge,crazy,Ev Charger Network Expansion Velocity Surge,0.0,8.49,-8.49,100000.0,False,79
2026-05-15,80,79,ev-charging-boom,crazy,Ev Charging Boom,0.0,8.49,-8.49,100000.0,False,98
2026-05-15,81,80,ev-charging-station-stampede,crazy,Ev Charging Station Stampede,0.0,8.49,-8.49,100000.0,False,94
2026-05-15,82,81,ev-euphoria,crazy,Ev Euphoria,0.0,8.49,-8.49,100000.0,False,96
2026-05-15,83,82,financial-sector-momentum-divergence-with-spy,crazy,Financial Sector Momentum Divergence With Spy,0.0,8.49,-8.49,100000.0,False,94
2026-05-15,84,83,fintech-disruption-wave,crazy,Fintech Disruption Wave,0.0,8.49,-8.49,100000.0,False,98
2026-05-15,85,84,freight-rail-congestion-rss-volume-explosion,crazy,Freight Rail Congestion Rss Volume Explosion,0.0,8.49,-8.49,100000.0,False,70
2026-05-15,86,85,glassdoor,crazy,Glassdoor Misery Gradient,0.0,8.49,-8.49,100000.0,False,100
2026-05-15,87,86,global-tech-earnings-momentum,crazy,Global Tech Earnings Momentum,0.0,8.49,-8.49,100000.0,False,98
2026-05-15,88,87,gold-volatility-vol-of-vol-spike,crazy,Gold Volatility Vol-of-vol Spike,0.0,8.49,-8.49,100000.0,False,81
2026-05-15,89,88,google-trends-spike-in-bankruptcy-filing-and-debt-consolidat,crazy,Google Trends Spike In Bankruptcy Filing And Debt Consolidation Signals Consumer Default Risk Surge,0.0,8.49,-8.49,100000.0,False,68
2026-05-15,90,89,google-trends-surge-in-flight-delay-complaints,crazy,Google Trends Surge In Flight Delay Complaints,0.0,8.49,-8.49,100000.0,False,79
2026-05-15,91,90,health-insurance-deductible-shock-searches,crazy,Health Insurance Deductible Shock Searches,0.0,8.49,-8.49,100000.0,False,72
2026-05-15,92,91,healthcare-cost-shock-google-trends-spike,crazy,Healthcare Cost Shock Google Trends Spike,0.0,8.49,-8.49,100000.0,False,80
2026-05-15,93,93,high-yield-spread-regime,crazy,High Yield Spread Regime,0.0,8.49,-8.49,100000.0,False,100
2026-05-15,94,94,linkedin,crazy,LinkedIn Layoff Propagation,0.0,8.49,-8.49,100000.0,False,100
2026-05-15,95,95,lumber-futures-rollercoaster,crazy,Lumber Futures Rollercoaster,0.0,8.49,-8.49,100000.0,False,94
2026-05-15,96,96,materials-sector-weekly-volatility-contraction-breakout,crazy,Materials Sector Weekly Volatility Contraction Breakout,0.0,8.49,-8.49,100000.0,False,91
2026-05-15,97,97,mortgage-refinance-wave-google-trends-surge,crazy,Mortgage Refinance Wave Google Trends Surge,0.0,8.49,-8.49,100000.0,False,81
2026-05-15,98,98,natural-gas-futures-volatility-pump-rotation,crazy,Natural Gas Futures Volatility Pump Rotation,0.0,8.49,-8.49,100000.0,False,71
2026-05-15,99,99,online-ad-impression-volatility,crazy,Online Ad Impression Volatility Trader,0.0,8.49,-8.49,100000.0,False,100
2026-05-15,100,100,patent-filing-velocity,crazy,Patent Filing Velocity,0.0,8.49,-8.49,100000.0,False,91
2026-05-15,101,101,pet-emergency-vet-visit-spike,crazy,Pet Emergency Vet Visit Spike,0.0,8.49,-8.49,100000.0,False,67
2026-05-15,102,102,pet-food-supply-chain,crazy,Pet Food Supply Chain Disruption,0.0,8.49,-8.49,100000.0,False,100
2026-05-15,103,103,reddit-emoji-sentiment-spike,crazy,Reddit Emoji Sentiment Spike,0.0,8.49,-8.49,100000.0,False,100
2026-05-15,104,104,reddit-gaming-thread-spike,crazy,Reddit Gaming Thread Spike,0.0,8.49,-8.49,100000.0,False,100
2026-05-15,105,105,reddit-mentions-volatility-spike,crazy,Reddit Mentions Volatility Spike,0.0,8.49,-8.49,100000.0,False,100
2026-05-15,106,106,reddit-sentiment-spike-trend,crazy,Reddit Sentiment Spike Trend,0.0,8.49,-8.49,100000.0,False,100
2026-05-15,107,107,reddit-sentiment-spike,crazy,Reddit Sentiment Spike,0.0,8.49,-8.49,100000.0,False,100
2026-05-15,108,108,reddit-sentiment-volatility-spike,crazy,Reddit Sentiment Volatility Spike,0.0,8.49,-8.49,100000.0,False,100
2026-05-15,109,109,reddit-subreddit-mention-spike,crazy,Reddit Subreddit Mention Spike,0.0,8.49,-8.49,100000.0,False,100
2026-05-15,110,110,reddit-subreddit-sentiment-spike,crazy,Reddit Subreddit Sentiment Spike,0.0,8.49,-8.49,100000.0,False,100
2026-05-15,111,111,reddit-subreddit-surge-momentum,crazy,Reddit Subreddit Surge Momentum,0.0,8.49,-8.49,100000.0,False,100
2026-05-15,112,112,reddit-volatility-spike,crazy,Reddit Volatility Spike,0.0,8.49,-8.49,100000.0,False,100
2026-05-15,113,113,renewable-energy-rss-news-volume-surge,crazy,Renewable Energy Rss News Volume Surge,-0.0,8.49,-8.49,99999.77,False,72
2026-05-15,114,114,rental-car-shortage-volatility-spike,crazy,Rental Car Shortage Volatility Spike,0.0,8.49,-8.49,100000.0,False,89
2026-05-15,115,115,residential-real-estate-search-momentum-rotation,crazy,Residential Real Estate Search Momentum Rotation,0.0,8.49,-8.49,100000.0,False,73
2026-05-15,116,116,retail-rush-ahead-of-holidays,crazy,Retail Rush Ahead Of Holidays,0.0,8.49,-8.49,100000.0,False,98
2026-05-15,117,117,rss-roar,crazy,Rss Roar,0.0,8.49,-8.49,100000.0,False,96
2026-05-15,118,118,small-business-formation,crazy,Small Business Formation,0.0,8.49,-8.49,100000.0,False,100
2026-05-15,119,119,social-media-sentiment-spike,crazy,Social Media Sentiment Spike,0.0,8.49,-8.49,100000.0,False,100
2026-05-15,120,120,solar-storm-scorcher,crazy,Solar Storm Scorcher,0.0,8.49,-8.49,100000.0,False,94
2026-05-15,121,121,superbowl-futures-trade,crazy,Superbowl Futures Trade,0.0,8.49,-8.49,100000.0,False,100
2026-05-15,122,122,technology-sector-daily-ev-charger-count-surge,crazy,Technology Sector Daily Ev Charger Count Surge,0.0,8.49,-8.49,100000.0,False,94
2026-05-15,123,123,temperature-extremes-power-demand-spike-utility-boost,crazy,Temperature Extremes Power Demand Spike Utility Boost,0.0,8.49,-8.49,100000.0,False,86
2026-05-15,124,124,temperature-shock-energy-demand-flip,crazy,Temperature Shock Energy Demand Flip,0.0,8.49,-8.49,100000.0,False,89
2026-05-15,125,125,tsa,crazy,TSA Body Count,0.0,8.49,-8.49,100000.0,False,100
2026-05-15,126,126,twitter-sentiment-spike,crazy,Twitter Sentiment Spike,0.0,8.49,-8.49,100000.0,False,100
2026-05-15,127,127,utilities-sector-weekly-temperature-drop-signal,crazy,Utilities Sector Weekly Temperature Drop Signal,0.0,8.49,-8.49,100000.0,False,98
2026-05-15,128,128,utility-power-grid-stress,crazy,Utility Power Grid Stress,0.0,8.49,-8.49,100000.0,False,98
2026-05-15,129,129,utility-volatility-compression-reversion-bounce,crazy,Utility Volatility Compression Reversion Bounce,0.0,8.49,-8.49,100000.0,False,71
2026-05-15,130,130,volatility-spike-follow-through,crazy,Volatility Spike Follow-Through,0.0,8.49,-8.49,100000.0,False,100
2026-05-15,131,131,weather-disruption-ripple-effects,crazy,Weather Disruption Ripple Effects,0.0,8.49,-8.49,100000.0,False,98
2026-05-15,132,132,weather-extremes-utility-demand-spike,crazy,Weather Extremes Utility Demand Spike,0.0,8.49,-8.49,100000.0,False,70
2026-05-15,133,133,weather-volatility-spike,crazy,Weather Volatility Spike,0.0,8.49,-8.49,100000.0,False,100
2026-05-15,134,134,weather-windfall,crazy,Weather Windfall,0.0,8.49,-8.49,100000.0,False,96
2026-05-15,135,135,weekly-google-trends-spike-for-diy-electronics-repair-signal,crazy,Weekly Google Trends Spike For Diy Electronics Repair Signals Bullish Tech Sector,0.0,8.49,-8.49,100000.0,False,78
2026-05-15,136,136,weekly-google-trends-spike-for-small-business-loan-default-s,crazy,Weekly Google Trends Spike For Small Business Loan Default Searches,0.0,8.49,-8.49,100000.0,False,73
2026-05-15,137,137,weekly-google-trends-spike-in-business-travel-rebound-signal,crazy,Weekly Google Trends Spike In Business Travel Rebound Signals Bullish Industrial Sector,0.0,8.49,-8.49,100000.0,False,67
2026-05-15,138,138,weekly-google-trends-spike-in-searches-for-food-supply-chain,crazy,Weekly Google Trends Spike In Searches For Food Supply Chain Disruptions,0.0,8.49,-8.49,100000.0,False,73
2026-05-15,139,139,weekly-google-trends-surge-for-diy-roof-repair-searches-sign,crazy,Weekly Google Trends Surge For Diy Roof Repair Searches Signals Consumer Stress Impacting Xli,0.0,8.49,-8.49,100000.0,False,78
2026-05-15,140,140,weekly-google-trends-surge-for-home-pest-control-searches-si,crazy,Weekly Google Trends Surge For Home Pest Control Searches Signals Consumer Stress Boosting Staples,0.0,8.49,-8.49,100000.0,False,78
2026-05-15,141,141,weekly-google-trends-surge-for-small-business-loan-applicati,crazy,Weekly Google Trends Surge For Small Business Loan Application Signals Financial Sector Activity Boost,0.0,8.49,-8.49,100000.0,False,69
2026-05-15,142,142,weekly-google-trends-surge-for-truck-tire-replacement-search,crazy,Weekly Google Trends Surge For Truck Tire Replacement Searches Signals Industrial Sector Repair Cycle,0.0,8.49,-8.49,100000.0,False,69
2026-05-15,143,143,weekly-google-trends-surge-for-used-truck-purchase-searches-,crazy,Weekly Google Trends Surge For Used Truck Purchase Searches Signals Bullish Freight Logistics,0.0,8.49,-8.49,100000.0,False,78
2026-05-15,144,144,weekly-google-trends-surge-in-home-heating-oil-shortage-sign,crazy,Weekly Google Trends Surge In Home Heating Oil Shortage Signals Winter Utility Stress Favoring Utilities Sector,0.0,8.49,-8.49,100000.0,False,68
2026-05-15,145,145,weekly-google-trends-surge-in-job-training-programs-signals-,crazy,Weekly Google Trends Surge In Job Training Programs Signals Bullish Industrial Sector,0.0,8.49,-8.49,100000.0,False,67
2026-05-15,146,146,weekly-google-trends-surge-in-searches-for-diesel-fuel-price,crazy,Weekly Google Trends Surge In Searches For Diesel Fuel Price Increase,0.0,8.49,-8.49,100000.0,False,73
2026-05-15,147,147,weekly-google-trends-surge-in-searches-for-home-solar-instal,crazy,Weekly Google Trends Surge In Searches For Home Solar Installation Financing Signals Xle Bullish,0.0,8.49,-8.49,100000.0,False,78
2026-05-15,148,148,weekly-google-trends-surge-in-searches-for-truck-driver-shor,crazy,Weekly Google Trends Surge In Searches For Truck Driver Shortage,0.0,8.49,-8.49,100000.0,False,73
2026-05-15,149,149,weekly-increase-in-google-trends-for-home-solar-panel-instal,crazy,Weekly Increase In Google Trends For Home Solar Panel Installation Delay Signals Bearish Utilities Sector,0.0,8.49,-8.49,100000.0,False,67
2026-05-15,150,150,weekly-increase-in-google-trends-searches-for-bulk-shipping-,crazy,Weekly Increase In Google Trends Searches For Bulk Shipping Delay Signals Bearish Xlb,0.0,8.49,-8.49,100000.0,False,86
2026-05-15,151,151,weekly-increase-in-google-trends-searches-for-small-business,crazy,Weekly Increase In Google Trends Searches For Small Business Loan Default Signals Rising Credit Stress,0.0,8.49,-8.49,100000.0,False,71
2026-05-15,152,152,weekly-jump-in-google-trends-for-home-heating-oil-shortage-s,crazy,Weekly Jump In Google Trends For Home Heating Oil Shortage Signals Winter Energy Stress,0.0,8.49,-8.49,100000.0,False,70
2026-05-15,153,153,weekly-jump-in-google-trends-for-job-quitting-searches-signa,crazy,Weekly Jump In Google Trends For Job Quitting Searches Signals Labor Market Tightness Benefiting Financial Sector,0.0,8.49,-8.49,100000.0,False,69
2026-05-15,154,154,weekly-jump-in-google-trends-for-small-business-layoffs-sign,crazy,Weekly Jump In Google Trends For Small Business Layoffs Signals Consumer Discretionary Downturn,0.0,8.49,-8.49,100000.0,False,67
2026-05-15,155,155,weekly-jump-in-google-trends-for-warehouse-labor-shortage-si,crazy,Weekly Jump In Google Trends For Warehouse Labor Shortage Signals Supply Chain Labor Stress And Industrial Sector Risk,0.0,8.49,-8.49,100000.0,False,68
2026-05-15,156,156,weekly-jump-in-google-trends-home-pest-control-emergency-sea,crazy,Weekly Jump In Google Trends Home Pest Control Emergency Searches Signals Consumer Stress And Discretionary Rebound,0.0,8.49,-8.49,100000.0,False,69
2026-05-15,157,157,weekly-jump-in-google-trends-searches-for-airport-security-d,crazy,Weekly Jump In Google Trends Searches For Airport Security Delay Signals Travel Mobility Disruptions,0.0,8.49,-8.49,100000.0,False,71
2026-05-15,158,158,weekly-rise-in-google-trends-searches-for-emergency-hvac-rep,crazy,Weekly Rise In Google Trends Searches For Emergency Hvac Repair,0.0,8.49,-8.49,100000.0,False,73
2026-05-15,159,159,weekly-rise-in-google-trends-searches-for-gas-price-protest-,crazy,Weekly Rise In Google Trends Searches For Gas Price Protest Signals Bearish Xle,0.0,8.49,-8.49,100000.0,False,86
2026-05-15,160,160,weekly-spike-in-google-trends-for-fuel-shortage-predicts-ene,crazy,Weekly Spike In Google Trends For Fuel Shortage Predicts Energy Sector Volatility,0.0,8.49,-8.49,100000.0,False,68
2026-05-15,161,161,weekly-surge-in-google-trends-diy-home-roofing-repair-search,crazy,Weekly Surge In Google Trends Diy Home Roofing Repair Searches Signals Industrial Sector Demand Spike,0.0,8.49,-8.49,100000.0,False,69
2026-05-15,162,162,weekly-surge-in-google-trends-for-diy-roof-repair-signals-co,crazy,Weekly Surge In Google Trends For Diy Roof Repair Signals Consumer Stress Lifting Industrial Sector,0.0,8.49,-8.49,100000.0,False,72
2026-05-15,163,163,weekly-surge-in-google-trends-for-diy-solar-panel-repair-sig,crazy,Weekly Surge In Google Trends For Diy Solar Panel Repair Signals Green Energy Sector Rebound,0.0,8.49,-8.49,100000.0,False,79
2026-05-15,164,164,weekly-surge-in-google-trends-for-emergency-plumbing-repair-,crazy,Weekly Surge In Google Trends For Emergency Plumbing Repair Signals Consumer Stress Lifting Discretionary Sector,0.0,8.49,-8.49,100000.0,False,72
2026-05-15,165,165,weekly-surge-in-google-trends-for-home-heating-oil-shortage-,crazy,Weekly Surge In Google Trends For Home Heating Oil Shortage Signals Bullish Xle,0.0,8.49,-8.49,100000.0,False,80
2026-05-15,166,166,weekly-surge-in-google-trends-for-job-interview-preparation-,crazy,Weekly Surge In Google Trends For Job Interview Preparation Searches,0.0,8.49,-8.49,100000.0,False,73
2026-05-15,167,167,weekly-surge-in-google-trends-for-sudden-appliance-breakdown,crazy,Weekly Surge In Google Trends For Sudden Appliance Breakdowns Signals Discretionary Sector Rebound,0.0,8.49,-8.49,100000.0,False,69
2026-05-15,168,168,weekly-surge-in-google-trends-for-warehouse-automation-signa,crazy,Weekly Surge In Google Trends For Warehouse Automation Signals Industrial Sector Demand,0.0,8.49,-8.49,100000.0,False,67
2026-05-15,169,169,weekly-surge-in-google-trends-searches-for-diy-bicycle-repai,crazy,Weekly Surge In Google Trends Searches For Diy Bicycle Repair,0.0,8.49,-8.49,100000.0,False,73
2026-05-15,170,170,weekly-surge-in-google-trends-searches-for-freight-container,crazy,Weekly Surge In Google Trends Searches For Freight Container Backlog Signals Industrial Sector Pressure,0.0,8.49,-8.49,100000.0,False,68
2026-05-15,171,171,weekly-surge-in-google-trends-searches-for-home-improvement-,crazy,Weekly Surge In Google Trends Searches For Home Improvement Loan Signals Consumer Stress Lifting Xly,0.0,8.49,-8.49,100000.0,False,86
2026-05-15,172,172,weekly-surge-in-google-trends-searches-for-warehouse-worker-,crazy,Weekly Surge In Google Trends Searches For Warehouse Worker Shortage Signals Labor Tightness,0.0,8.49,-8.49,100000.0,False,71
2026-05-15,173,173,weekly-surge-in-openchargemap-ev-charger-installations-signa,crazy,Weekly Surge In Openchargemap Ev Charger Installations Signals Bullish Xlc,0.0,8.49,-8.49,100000.0,False,88
2026-05-15,174,174,work-from-home-frenzy,crazy,Work From Home Frenzy,0.0,8.49,-8.49,100000.0,False,98
2026-05-15,175,175,xlb-daily-volatility-contraction-breakout,crazy,Xlb Daily Volatility Contraction Breakout,0.0,8.49,-8.49,100000.0,False,96
2026-05-15,176,176,xlu-weekly-cold-snap-weather-correlation,crazy,Xlu Weekly Cold Snap Weather Correlation,0.0,8.49,-8.49,100000.0,False,96
2026-05-15,177,177,xlv-google-trends-flu-search-spike,crazy,Xlv Google Trends Flu Search Spike,0.0,8.49,-8.49,100000.0,False,96
2026-05-15,178,178,yelp-closure-velocity,crazy,Yelp Closure Velocity,0.0,8.49,-8.49,100000.0,False,91
2026-05-15,179,179,yield-curve-regime,crazy,Yield Curve Regime,0.0,8.49,-8.49,100000.0,False,100
2026-05-15,180,180,daily-surge-in-rss-news-counts-for-new-labor-union-formation,crazy,Daily Surge In Rss News Counts For New Labor Union Formations Signals Labor Market Pressure On Industrial Sector,-0.01,8.49,-8.5,99989.82,False,68
2026-05-15,181,181,weekly-google-trends-surge-for-truck-driver-shortage-signals,crazy,Weekly Google Trends Surge For Truck Driver Shortage Signals Freight Logistics Risk And Industrial Cost Pressure,-0.01,8.49,-8.5,99993.13,False,68
2026-05-15,182,182,weekly-rise-in-rss-count-for-labor-strike-news-signals-indus,crazy,Weekly Rise In Rss Count For Labor Strike News Signals Industrial Sector Risk,-0.01,8.49,-8.5,99989.82,False,68
2026-05-15,183,183,google-trends-surge-in-luxury-good-searches,crazy,Google Trends Surge In Luxury Good Searches,-0.02,8.49,-8.51,99979.84,False,78
2026-05-15,184,186,regional-earthquake-cluster-insurance-demand-spike,crazy,Regional Earthquake Cluster Insurance Demand Spike,-0.02,8.49,-8.52,99975.83,False,71
2026-05-15,185,184,weekly-google-trends-surge-in-home-appliance-repair-searches,crazy,Weekly Google Trends Surge In Home Appliance Repair Searches Signals Bullish Consumer Discretionary,-0.02,8.49,-8.51,99982.54,False,81
2026-05-15,186,185,daily-spike-in-google-trends-for-home-air-purifier-repair-si,crazy,Daily Spike In Google Trends For Home Air Purifier Repair Signals Consumer Stress Rebound In Discretionary Sector,-0.03,8.49,-8.52,99971.86,False,79
2026-05-15,187,187,weekly-spike-in-google-trends-for-electric-vehicle-battery-r,crazy,Weekly Spike In Google Trends For Electric Vehicle Battery Replacement Signals Consumer Stress Lifting Industrial Sector,-0.03,8.49,-8.52,99969.08,False,72
2026-05-15,188,188,weekly-surge-in-google-trends-for-diy-plumbing-repair-signal,crazy,Weekly Surge In Google Trends For Diy Plumbing Repair Signals Consumer Stress Rebound,-0.03,8.49,-8.52,99970.38,False,82
2026-05-15,189,189,consumer-discretionary-google-trends-surge-for-sale-keywords,crazy,Consumer Discretionary Google Trends Surge For Sale Keywords,-0.04,8.49,-8.53,99960.96,False,94
2026-05-15,190,193,weekly-spike-in-earthquake-activity-in-port-regions-signals-,crazy,Weekly Spike In Earthquake Activity In Port Regions Signals Potential Freight Logistics Disruption,-0.04,8.49,-8.54,99955.02,False,68
2026-05-15,191,190,port-congestion-squeeze,crazy,Port Congestion Squeeze,-0.05,8.49,-8.54,99949.94,False,98
2026-05-15,192,191,real-estate-sector-weekly-google-trends-home-buying-surge,crazy,Real Estate Sector Weekly Google Trends Home Buying Surge,-0.05,8.49,-8.54,99954.77,False,98
2026-05-15,193,192,shipping-container-squeeze-play,crazy,Shipping Container Squeeze Play,-0.05,8.49,-8.54,99949.94,False,89
2026-05-15,194,194,eia-electricity-demand-shock-rebound-spread,crazy,Eia Electricity Demand Shock Rebound Spread,-0.06,8.49,-8.55,99940.31,False,79
2026-05-15,195,195,travel-booking-momentum-divergence,crazy,Travel Booking Momentum Divergence,-0.06,8.49,-8.55,99943.44,False,72
2026-05-15,196,196,daily-spike-in-google-trends-for-emergency-dental-care-signa,crazy,Daily Spike In Google Trends For Emergency Dental Care Signals Consumer Stress Impacting Health Sector,-0.07,8.49,-8.56,99927.72,False,72
2026-05-15,197,197,daily-spike-in-rss-news-counts-around-labor-union-contract-n,crazy,Daily Spike In Rss News Counts Around Labor Union Contract Negotiation Signals Bearish Xlf,-0.07,8.49,-8.56,99932.67,False,86
2026-05-15,198,198,weekly-surge-in-job-postings-for-warehouse-workers-signals-b,crazy,Weekly Surge In Job Postings For Warehouse Workers Signals Bullish Xli,-0.07,8.49,-8.56,99934.67,False,86
2026-05-15,199,199,daily-spike-in-google-trends-searches-for-electric-vehicle-b,crazy,Daily Spike In Google Trends Searches For Electric Vehicle Battery Replacement,-0.08,8.49,-8.57,99921.33,False,73
2026-05-15,200,204,healthcare-sector-google-trends-spike-in-flu-symptoms,crazy,Healthcare Sector Google Trends Spike In Flu Symptoms,-0.08,8.49,-8.58,99917.38,False,94
2026-05-15,201,200,weekly-increase-in-usgs-earthquake-activity-within-key-logis,crazy,Weekly Increase In Usgs Earthquake Activity Within Key Logistics Hubs Signals Potential Freight Delays,-0.08,8.49,-8.57,99923.09,False,71
2026-05-15,202,201,weekly-surge-in-google-trends-searches-for-truck-driver-stri,crazy,Weekly Surge In Google Trends Searches For Truck Driver Strike Signals Imminent Logistics Disruption,-0.08,8.49,-8.57,99922.61,False,71
2026-05-15,203,202,bank-stress-index-volatility-fear-crush-reversal,crazy,Bank Stress Index Volatility Fear Crush Reversal,-0.09,8.49,-8.58,99910.26,False,86
2026-05-15,204,203,financial-sector-volatility-crush-trade,crazy,Financial Sector Volatility Crush Trade,-0.09,8.49,-8.58,99910.26,False,81
2026-05-15,205,207,oil-price-momentum-reversal-energy-sector-bounce,crazy,Oil Price Momentum Reversal Energy Sector Bounce,-0.09,8.49,-8.59,99906.92,False,83
2026-05-15,206,205,retail-roulette,crazy,Retail Roulette,-0.09,8.49,-8.58,99913.43,False,96
2026-05-15,207,206,rss-news-volume-spike-on-food-supply-chain-disruptions,crazy,Rss News Volume Spike On Food Supply Chain Disruptions,-0.09,8.49,-8.58,99911.03,False,78
2026-05-15,208,208,xlu-daily-electricity-demand-surge,crazy,Xlu Daily Electricity Demand Surge,-0.1,8.49,-8.59,99898.68,False,96
2026-05-15,209,213,daily-spike-in-rss-news-counts-mentioning-politician-insider,crazy,Daily Spike In Rss News Counts Mentioning Politician Insider Buying Tech Stock Signals Bullish Xlk,-0.11,8.49,-8.61,99886.48,False,86
2026-05-15,210,209,weekly-google-trends-spike-for-diy-car-repair-signals-bullis,crazy,Weekly Google Trends Spike For Diy Car Repair Signals Bullish Xly,-0.11,8.49,-8.6,99892.81,False,83
2026-05-15,211,210,weekly-surge-in-google-trends-for-hotel-room-shortage-signal,crazy,Weekly Surge In Google Trends For Hotel Room Shortage Signals Travel Sector Tightness,-0.11,8.49,-8.6,99889.68,False,82
2026-05-15,212,211,xlb-weekly-rss-news-count-spike-on-commodity-shortage,crazy,Xlb Weekly Rss News Count Spike On Commodity Shortage,-0.11,8.49,-8.6,99889.8,False,96
2026-05-15,213,212,daily-jump-in-google-trends-searches-for-home-renovation-per,crazy,Daily Jump In Google Trends Searches For Home Renovation Permits,-0.12,8.49,-8.61,99884.41,False,73
2026-05-15,214,214,ev-charger-network-expansion-sentiment-surge,crazy,Ev Charger Network Expansion Sentiment Surge,-0.12,8.49,-8.61,99884.44,False,69
2026-05-15,215,215,weekly-surge-in-google-trends-searches-for-commuting-strike-,crazy,Weekly Surge In Google Trends Searches For Commuting Strike Signals Bearish Xly,-0.12,8.49,-8.61,99880.6,False,86
2026-05-15,216,216,utilities-sector-negative-price-gap-fill,crazy,Utilities Sector Negative Price Gap Fill,-0.13,8.49,-8.62,99869.36,False,94
2026-05-15,217,219,electricity-enlightenment,crazy,Electricity Enlightenment,-0.14,8.49,-8.64,99857.33,False,96
2026-05-15,218,217,seismic-activity-construction-halt-signal,crazy,Seismic Activity Construction Halt Signal,-0.14,8.49,-8.63,99861.92,False,89
2026-05-15,219,218,tremor-tension,crazy,Tremor Tension,-0.14,8.49,-8.63,99864.21,False,96
2026-05-15,220,220,daily-jump-in-google-trends-searches-for-emergency-dental-ca,crazy,Daily Jump In Google Trends Searches For Emergency Dental Care,-0.17,8.49,-8.66,99832.34,False,73
2026-05-15,221,221,daily-jump-in-google-trends-searches-for-job-quitting-signal,crazy,Daily Jump In Google Trends Searches For Job Quitting Signals Labor Market Tightness Benefiting Consumer Discretionary,-0.17,8.49,-8.66,99834.55,False,68
2026-05-15,222,222,daily-surge-in-google-trends-for-electric-bike-repair-signal,crazy,Daily Surge In Google Trends For Electric Bike Repair Signals Bullish Consumer Discretionary,-0.17,8.49,-8.66,99828.7,False,67
2026-05-15,223,223,attention-sentiment-spike-daily-surge-in-news-rss-counts-men,crazy,Attention Sentiment Spike Daily Surge In News Rss Counts Mentioning Cyberattack Triggers Bullish Xlc,-0.18,8.49,-8.67,99818.38,False,88
2026-05-15,224,225,daily-jump-in-google-trends-for-home-appliance-repair-signal,crazy,Daily Jump In Google Trends For Home Appliance Repair Signals Consumer Stress Lifting Consumer Staples,-0.19,8.49,-8.69,99795.5,False,68
2026-05-15,225,224,luxury-discretionary-google-trends-collapse-signal,crazy,Luxury Discretionary Google Trends Collapse Signal,-0.19,8.49,-8.68,99811.09,False,70
2026-05-15,226,226,wage-growth-demand-surge-fast-food-google-trends,crazy,Wage Growth Demand Surge Fast Food Google Trends,-0.2,8.49,-8.69,99799.52,False,82
2026-05-15,227,230,weekly-rise-in-google-trends-interest-for-food-delivery-dela,crazy,Weekly Rise In Google Trends Interest For Food Delivery Delay Signals Bearish Xlp,-0.21,8.49,-8.71,99785.48,False,86
2026-05-15,228,232,daily-spike-in-daily-earthquake-activity-near-major-logistic,crazy,Daily Spike In Daily Earthquake Activity Near Major Logistics Hubs Signals Bearish Xli,-0.22,8.49,-8.72,99775.64,False,86
2026-05-15,229,227,daily-spike-in-rss-counts-for-cybersecurity-breach-news-trig,crazy,Daily Spike In Rss Counts For Cybersecurity Breach News Triggers Bearish Xlk,-0.22,8.49,-8.71,99777.81,False,86
2026-05-15,230,228,weekly-google-trends-surge-in-energy-bill-shock-signals-cons,crazy,Weekly Google Trends Surge In Energy Bill Shock Signals Consumer Stress Impacting Utilities,-0.22,8.49,-8.71,99780.5,False,82
2026-05-15,231,229,weekly-google-trends-surge-in-home-energy-bill-shock-signals,crazy,Weekly Google Trends Surge In Home Energy Bill Shock Signals Bullish Utilities,-0.22,8.49,-8.71,99780.5,False,81
2026-05-15,232,231,weekly-surge-in-google-trends-searches-for-city-water-outage,crazy,Weekly Surge In Google Trends Searches For City Water Outage Signals Bearish Xlre,-0.22,8.49,-8.71,99773.32,False,86
2026-05-15,233,233,port-container-volume-surge-signals-import-demand-recovery-a,crazy,Port Container Volume Surge Signals Import Demand Recovery And Consumer Spending Rebound,-0.24,8.49,-8.73,99764.28,False,68
2026-05-15,234,234,weekly-spike-in-freight-container-volumes-at-east-coast-port,crazy,Weekly Spike In Freight Container Volumes At East Coast Ports Signals Industrial Sector Strength,-0.24,8.49,-8.73,99763.97,False,69
2026-05-15,235,235,news-sentiment-rotation-fade-trade,crazy,News Sentiment Rotation Fade Trade,-0.26,8.49,-8.75,99744.79,False,89
2026-05-15,236,236,daily-jump-in-google-trends-for-emergency-dental-care-signal,crazy,Daily Jump In Google Trends For Emergency Dental Care Signals Consumer Stress Lifting Healthcare Sector Demand,-0.27,8.49,-8.76,99732.03,False,68
2026-05-15,237,237,google-gusts,crazy,Google Gusts,-0.29,8.49,-8.78,99713.88,False,96
2026-05-15,238,239,weekly-surge-in-google-trends-for-inflation-hedge-gold-signa,crazy,Weekly Surge In Google Trends For Inflation Hedge Gold Signals Bullish Xlb,-0.29,8.49,-8.79,99696.68,False,83
2026-05-15,239,238,industrial-sector-weekly-earthquake-activity-correlation-dip,crazy,Industrial Sector Weekly Earthquake Activity Correlation Dip,-0.3,8.49,-8.79,99704.01,False,94
2026-05-15,240,241,weekly-google-trends-surge-in-fast-food-job-openings-signals,crazy,Weekly Google Trends Surge In Fast Food Job Openings Signals Bullish Consumer Discretionary,-0.32,8.49,-8.82,99676.91,False,81
2026-05-15,241,240,grocery-store-foot-traffic-collapse-signal,crazy,Grocery Store Foot Traffic Collapse Signal,-0.33,8.49,-8.82,99673.9,False,89
2026-05-15,242,242,xle-weekly-drawdown-rebound-signal,crazy,Xle Weekly Drawdown Rebound Signal,-0.33,8.49,-8.83,99667.3,False,96
2026-05-15,243,244,weekly-spike-in-google-trends-for-home-cooling-failure-signa,crazy,Weekly Spike In Google Trends For Home Cooling Failure Signals Bearish Xlu,-0.34,8.49,-8.84,99657.36,False,86
2026-05-15,244,243,daily-surge-in-google-trends-searches-for-electric-vehicle-c,crazy,Daily Surge In Google Trends Searches For Electric Vehicle Charging Station Outages,-0.35,8.49,-8.84,99651.01,False,73
2026-05-15,245,245,healthcare-cost-shock-google-search-spike,crazy,Healthcare Cost Shock Google Search Spike,-0.37,8.49,-8.86,99617.84,False,89
2026-05-15,246,246,xlc-weekly-google-trends-surge-in-5g-rollout,crazy,Xlc Weekly Google Trends Surge In 5g Rollout,-0.41,8.49,-8.9,99592.39,False,96
2026-05-15,247,247,daily-spike-in-google-trends-for-emergency-plumbing-repair-s,crazy,Daily Spike In Google Trends For Emergency Plumbing Repair Signals Consumer Stress Rebound Benefiting Discretionary Sector,-0.42,8.49,-8.91,99572.85,False,79
2026-05-15,248,248,finra-dark-pool-signal,crazy,FINRA Dark Pool Signal,-0.51,8.49,-9.01,99486.31,False,91
2026-05-15,249,249,healthcare-cost-google-trends-acceleration-index,crazy,Healthcare Cost Google Trends Acceleration Index,-0.53,8.49,-9.03,99466.5,False,78
2026-05-15,250,250,daily-jump-in-google-trends-searches-for-home-water-heater-r,crazy,Daily Jump In Google Trends Searches For Home Water Heater Repair Signals Consumer Stress Lifting Xly,-0.61,8.49,-9.11,99385.03,False,80
2026-05-15,251,251,weekly-surge-in-google-trends-searches-for-diy-home-repair-s,crazy,Weekly Surge In Google Trends Searches For Diy Home Repair Signals Consumer Stress Lifting Xly,-0.79,8.49,-9.28,99212.48,False,88
2026-05-15,252,252,misery-rotation,crazy,Misery Rotation,-0.8,8.49,-9.29,99198.54,False,100
2026-05-15,253,253,housing-permit-velocity,crazy,Housing Permit Velocity,-0.83,8.49,-9.32,99170.63,False,100
2026-05-15,254,254,mortgage-rate-housing-proxy,crazy,Mortgage Rate Housing Proxy,-0.89,8.49,-9.38,99113.92,False,100
2026-05-15,255,255,truck-tonnage,crazy,Truck Tonnage Index,-0.99,8.49,-9.49,99005.88,False,100
2026-05-15,256,256,freight-rail-carloads,crazy,Freight Rail Carloads,-1.14,8.49,-9.63,98858.55,False,100
2026-05-15,257,257,liquor,crazy,Liquor Store Leading Indicator,-1.47,8.49,-9.96,98532.12,False,100
2026-05-15,258,258,copper-momentum,crazy,Copper Momentum,-1.86,8.49,-10.36,98137.11,False,100
2026-05-15,259,259,port-container-volume,crazy,Port Container Volume,-2.27,8.49,-10.76,97731.65,False,100
2026-05-15,260,260,vix-term-structure,crazy,VIX Term Structure,-2.31,8.49,-10.8,97691.27,False,91
2026-05-15,261,261,lumber-momentum,crazy,Lumber Momentum,-2.42,8.49,-10.91,97580.49,False,100
2026-05-15,262,262,biscotti,crazy,Algo Biscotti (Unconditional Loyalty),-2.87,8.49,-11.36,97134.05,False,100
2026-05-15,263,263,biscotti,normal,Algo Biscotti (Unconditional Loyalty),-3.17,8.49,-11.66,96831.89,False,101
2026-05-15,264,264,vix-fear-rotation,crazy,VIX Fear Rotation,-4.04,8.49,-12.53,95963.45,False,91
2026-05-15,265,265,electricity-consumption,crazy,Electricity Consumption,-4.34,8.49,-12.83,95661.73,False,100
2026-05-15,266,266,baileymol,crazy,Chaos Rotation Lab,-6.1,8.49,-14.6,93895.44,False,100
2026-05-20,1,1,simple_monthly,normal,Quantified Simple Monthly Rotation,11.05,8.8,2.25,111048.51,True,108
2026-05-20,2,2,baileymol,normal,Algo Baileymol (Chaos Monger),8.15,8.8,-0.64,108154.5,False,108
2026-05-20,3,3,faber,normal,Faber Momentum Rotation,7.74,8.8,-1.06,107742.09,False,108
2026-05-20,4,4,dmsr,normal,Antonacci Dual Momentum Sector Rotation,6.34,8.8,-2.46,106340.65,False,108
2026-05-20,5,5,uber-mobility,crazy,Uber Mobility Index,3.96,8.8,-4.84,103955.78,False,107
2026-05-20,6,6,retail-sales-momentum,crazy,Retail Sales Momentum,3.95,8.8,-4.85,103945.6,False,107
2026-05-20,7,7,job-posting-acceleration,crazy,Job Posting Acceleration,2.37,8.8,-6.42,102373.79,False,107
2026-05-20,8,8,insider-trading-signals,crazy,Insider Trading Signals,1.02,8.8,-7.78,101017.59,False,107
2026-05-20,9,9,weekly-google-trends-surge-in-diy-electronics-repair-signals,crazy,Weekly Google Trends Surge In Diy Electronics Repair Signals Tech Consumer Stress Lift,0.08,8.8,-8.72,100081.02,False,89
2026-05-20,10,10,weekly-surge-in-google-trends-searches-for-diy-electronics-r,crazy,Weekly Surge In Google Trends Searches For Diy Electronics Repair Signals Bullish Xlk,0.08,8.8,-8.72,100081.88,False,93
2026-05-20,11,11,daily-jump-in-consumer-stress-google-trends-searches-for-car,crazy,Daily Jump In Consumer Stress Google Trends Searches For Car Repossession Signals Rising Financial Distress,0.07,8.8,-8.73,100070.09,False,78
2026-05-20,12,12,earthquake-aftershock-insurance-claims-spike,crazy,Earthquake Aftershock Insurance Claims Spike,0.07,8.8,-8.73,100070.66,False,85
2026-05-20,13,13,recession-whisper-google-trends-unemployment-search-surge,crazy,Recession Whisper Google Trends Unemployment Search Surge,0.07,8.8,-8.73,100072.76,False,89
2026-05-20,14,14,price-momentum-reversion-in-defensive-sectors-after-tech-cra,crazy,Price Momentum Reversion In Defensive Sectors After Tech Crash,0.06,8.8,-8.74,100061.6,False,86
2026-05-20,15,15,earthquake-aftershock-amplifier,crazy,Earthquake Aftershock Amplifier,0.05,8.8,-8.75,100047.52,False,101
2026-05-20,16,16,google-trends-surge-in-used-car-price-searches,crazy,Google Trends Surge In Used Car Price Searches,0.04,8.8,-8.76,100038.19,False,87
2026-05-20,17,17,misery-rotation,crazy,Misery Rotation,0.04,8.8,-8.76,100040.28,False,107
2026-05-20,18,18,semiconductor-moonshot-warning,crazy,Semiconductor Moonshot Warning,0.04,8.8,-8.76,100041.43,False,101
2026-05-20,19,19,usgs-earthquake-activity-spike-near-major-freight-hubs-signa,crazy,Usgs Earthquake Activity Spike Near Major Freight Hubs Signals Temporary Freight Disruption,0.04,8.8,-8.76,100042.42,False,74
2026-05-20,20,21,daily-spike-in-rss-news-feed-for-semiconductor-chip-shortage,crazy,Daily Spike In Rss News Feed For Semiconductor Chip Shortage Signals Tech Sector Volatility,0.03,8.8,-8.77,100027.17,False,72
2026-05-20,21,22,healthcare-cost-inflation-google-trends-acceleration,crazy,Healthcare Cost Inflation Google Trends Acceleration,0.03,8.8,-8.77,100030.67,False,77
2026-05-20,22,23,materials-sector-weekly-positive-correlation-breakdown-with-,crazy,Materials Sector Weekly Positive Correlation Breakdown With Xlb,0.03,8.8,-8.77,100025.87,False,101
2026-05-20,23,25,weekly-surge-in-google-trends-for-diy-electronics-repair-sig,crazy,Weekly Surge In Google Trends For Diy Electronics Repair Signals Bullish Xlk,0.03,8.8,-8.77,100027.01,False,87
2026-05-20,24,20,daily-jump-in-google-trends-for-home-building-permit-delay-s,crazy,Daily Jump In Google Trends For Home Building Permit Delay Signals Local Economy Construction Stress Hurting Real Estate Sector,0.02,8.8,-8.77,100024.25,False,75
2026-05-20,25,26,daily-spike-in-usgs-earthquake-activity-near-key-industrial-,crazy,Daily Spike In Usgs Earthquake Activity Near Key Industrial Hubs,0.02,8.8,-8.78,100015.96,False,80
2026-05-20,26,24,staples-sector-drawdown-rapid-recovery,crazy,Staples Sector Drawdown Rapid Recovery,0.02,8.8,-8.77,100024.7,False,101
2026-05-20,27,27,healthcare-procedure-google-trends-demand-resurgence,crazy,Healthcare Procedure Google Trends Demand Resurgence,0.01,8.8,-8.79,100005.77,False,76
2026-05-20,28,28,housing-permit-velocity,crazy,Housing Permit Velocity,0.01,8.8,-8.79,100007.15,False,107
2026-05-20,29,29,weekly-google-trends-spike-for-diy-home-renovation-signals-b,crazy,Weekly Google Trends Spike For Diy Home Renovation Signals Bullish Consumer Staples,0.01,8.8,-8.79,100010.87,False,74
2026-05-20,30,30,airline-fuel-cost-volatility-expansion,crazy,Airline Fuel Cost Volatility Expansion,0.0,8.8,-8.8,100000.0,False,77
2026-05-20,31,31,airline-load-factor,crazy,Airline Load Factor Proxy,0.0,8.8,-8.8,100000.0,False,107
2026-05-20,32,32,airport-security-surge,crazy,Airport Security Surge,0.0,8.8,-8.8,100000.0,False,105
2026-05-20,33,33,airport-shopping-spree,crazy,Airport Shopping Spree,0.0,8.8,-8.8,100000.0,False,107
2026-05-20,34,34,appliance-shortage-supply-chain-stress,crazy,Appliance Shortage Supply Chain Stress,0.0,8.8,-8.8,100000.0,False,74
2026-05-20,35,35,bankruptcy-filing-rate,crazy,Bankruptcy Filing Rate,0.0,8.8,-8.8,100000.0,False,107
2026-05-20,36,36,calls311,crazy,311 Call Rotation,0.0,8.8,-8.8,100000.0,False,107
2026-05-20,37,37,cardboard,crazy,Cardboard Box Index,0.0,8.8,-8.8,100000.0,False,107
2026-05-20,38,38,cloud-storage-demand-surge,crazy,Cloud Storage Demand Surge,0.0,8.8,-8.8,100000.0,False,107
2026-05-20,39,39,congress,crazy,Congress Trading Fade,0.0,8.8,-8.8,100000.0,False,107
2026-05-20,40,40,consumer-sentiment,crazy,Consumer Sentiment,0.0,8.8,-8.8,100000.0,False,107
2026-05-20,41,41,consumer-stress-spike-from-google-trends-on-urgent-appliance,crazy,Consumer Stress Spike From Google Trends On Urgent Appliance Repair Searches,0.0,8.8,-8.8,100000.0,False,73
2026-05-20,42,42,craigslist,crazy,Craigslist Desperation Index,0.0,8.8,-8.8,100000.0,False,107
2026-05-20,43,43,credit-card-delinquency,crazy,Credit Card Delinquency,0.0,8.8,-8.8,100000.0,False,107
2026-05-20,44,44,crypto-capitulation-countdown,crazy,Crypto Capitulation Countdown,0.0,8.8,-8.8,100000.0,False,101
2026-05-20,45,45,crypto-derivative-arbitrage,crazy,Crypto Derivative Arbitrage,0.0,8.8,-8.8,100000.0,False,107
2026-05-20,46,46,daily-jump-in-google-trends-for-bank-account-overdraft-fees,crazy,Daily Jump In Google Trends For Bank Account Overdraft Fees,0.0,8.8,-8.8,100000.0,False,70
2026-05-20,47,47,daily-jump-in-google-trends-for-emergency-plumber-signals-ri,crazy,Daily Jump In Google Trends For Emergency Plumber Signals Rising Local Economy Stress Benefiting Staples,0.0,8.8,-8.8,100000.24,False,77
2026-05-20,48,48,daily-jump-in-google-trends-for-emergency-roadside-assistanc,crazy,Daily Jump In Google Trends For Emergency Roadside Assistance Signals Consumer Stress Impacting Discretionary Sector,0.0,8.8,-8.8,100000.0,False,76
2026-05-20,49,49,daily-jump-in-google-trends-for-food-delivery-delay-complain,crazy,Daily Jump In Google Trends For Food Delivery Delay Complaints Signals Bearish Consumer Staples,0.0,8.8,-8.8,100000.0,False,74
2026-05-20,50,50,daily-jump-in-google-trends-for-home-internet-outage-signals,crazy,Daily Jump In Google Trends For Home Internet Outage Signals Consumer Discretionary Tech Stress,0.0,8.8,-8.8,100000.0,False,72
2026-05-20,51,51,daily-jump-in-google-trends-for-solar-panel-repair-searches-,crazy,Daily Jump In Google Trends For Solar Panel Repair Searches Signals Green Energy Sector Rebound,0.0,8.8,-8.8,100000.0,False,85
2026-05-20,52,52,daily-jump-in-google-trends-for-warehouse-worker-strike-sign,crazy,Daily Jump In Google Trends For Warehouse Worker Strike Signals Labor Stress In Logistics,0.0,8.8,-8.8,100000.0,False,70
2026-05-20,53,53,daily-jump-in-google-trends-searches-for-electric-vehicle-ba,crazy,Daily Jump In Google Trends Searches For Electric Vehicle Battery Failure Signals Consumer Tech Stress,0.0,8.8,-8.8,100000.0,False,78
2026-05-20,54,54,daily-jump-in-openchargemap-ev-charger-counts-expansion-rate,crazy,Daily Jump In Openchargemap Ev Charger Counts Expansion Rate Signals Bullish Consumer Discretionary,0.0,8.8,-8.8,100000.0,False,74
2026-05-20,55,55,daily-jump-in-openchargemap-ev-charger-counts-in-key-states-,crazy,Daily Jump In Openchargemap Ev Charger Counts In Key States Signals Tech Sector Acceleration,0.0,8.8,-8.8,100000.0,False,76
2026-05-20,56,56,daily-jump-in-rss-news-counts-mentioning-labor-strike-signal,crazy,Daily Jump In Rss News Counts Mentioning Labor Strike Signals Imminent Industrial Disruption,0.0,8.8,-8.8,100000.0,False,78
2026-05-20,57,57,daily-spike-in-ev-charger-installations-signals-bullish-xlc,crazy,Daily Spike In Ev Charger Installations Signals Bullish Xlc,0.0,8.8,-8.8,100000.0,False,90
2026-05-20,58,58,daily-spike-in-freight-logistics-rss-news-volume-mentioning-,crazy,Daily Spike In Freight Logistics Rss News Volume Mentioning Port Labor Strike Triggers Bearish Xli,0.0,8.8,-8.8,100000.0,False,93
2026-05-20,59,59,daily-spike-in-google-trends-for-emergency-roadside-assistan,crazy,Daily Spike In Google Trends For Emergency Roadside Assistance Searches Signals Consumer Stress,0.0,8.8,-8.8,100000.0,False,73
2026-05-20,60,60,daily-spike-in-google-trends-for-emergency-vehicle-battery-r,crazy,Daily Spike In Google Trends For Emergency Vehicle Battery Replacement Searches Signals Auto Stress,0.0,8.8,-8.8,100000.0,False,73
2026-05-20,61,61,daily-spike-in-google-trends-for-emergency-vehicle-repair-si,crazy,Daily Spike In Google Trends For Emergency Vehicle Repair Signals Consumer Stress Lifting Industrial Sector,0.0,8.8,-8.8,100000.0,False,86
2026-05-20,62,62,daily-spike-in-google-trends-for-flu-symptom-searches-boosti,crazy,Daily Spike In Google Trends For Flu Symptom Searches Boosting Healthcare Services Demand,0.0,8.8,-8.8,100000.0,False,73
2026-05-20,63,63,daily-spike-in-google-trends-for-heating-oil-delivery-delay-,crazy,Daily Spike In Google Trends For Heating Oil Delivery Delay Signals Energy Sector Pressure,0.0,8.8,-8.8,100000.0,False,72
2026-05-20,64,64,daily-spike-in-google-trends-for-urgent-dental-surgery-signa,crazy,Daily Spike In Google Trends For Urgent Dental Surgery Signals Healthcare Demand Surge,0.0,8.8,-8.8,100000.0,False,71
2026-05-20,65,65,daily-spike-in-google-trends-searches-for-airline-flight-del,crazy,Daily Spike In Google Trends Searches For Airline Flight Delay Compensation,0.0,8.8,-8.8,100000.0,False,80
2026-05-20,66,66,daily-spike-in-google-trends-searches-for-emergency-car-batt,crazy,Daily Spike In Google Trends Searches For Emergency Car Battery Replacement Signals Consumer Stress Impacting Discretionary,0.0,8.8,-8.8,100000.0,False,85
2026-05-20,67,67,daily-spike-in-google-trends-searches-for-emergency-plumber-,crazy,Daily Spike In Google Trends Searches For Emergency Plumber Signals Consumer Home Repair Stress,0.0,8.8,-8.8,100000.0,False,78
2026-05-20,68,68,daily-spike-in-google-trends-searches-for-home-heating-syste,crazy,Daily Spike In Google Trends Searches For Home Heating System Failure Signals Winter Utility Stress,0.0,8.8,-8.8,100000.0,False,78
2026-05-20,69,69,daily-stock-price-volatility-spike-in-xlu-relative-to-spy,crazy,Daily Stock Price Volatility Spike In Xlu Relative To Spy,0.0,8.8,-8.8,100000.0,False,70
2026-05-20,70,70,daily-surge-in-google-trends-for-car-rental-price-spike-trig,crazy,Daily Surge In Google Trends For Car Rental Price Spike Triggers Travel Mobility Sector Pullback,0.0,8.8,-8.8,100000.0,False,75
2026-05-20,71,71,daily-surge-in-google-trends-for-electric-vehicle-charging-s,crazy,Daily Surge In Google Trends For Electric Vehicle Charging Station Outage Signals Green Tech Stress,0.0,8.8,-8.8,100000.0,False,70
2026-05-20,72,72,daily-surge-in-google-trends-for-emergency-food-delivery-sig,crazy,Daily Surge In Google Trends For Emergency Food Delivery Signals Consumer Stress Lifting Staples Demand,0.0,8.8,-8.8,100000.0,False,70
2026-05-20,73,73,daily-surge-in-google-trends-for-home-office-setup-signals-b,crazy,Daily Surge In Google Trends For Home Office Setup Signals Bullish Technology Sector,0.0,8.8,-8.8,100000.0,False,74
2026-05-20,74,74,daily-surge-in-google-trends-for-urgent-dental-care-searches,crazy,Daily Surge In Google Trends For Urgent Dental Care Searches Lifting Healthcare Sector,0.0,8.8,-8.8,100000.0,False,73
2026-05-20,75,75,daily-surge-in-google-trends-searches-for-home-heating-syste,crazy,Daily Surge In Google Trends Searches For Home Heating System Failure Signals Consumer Stress Impacting Utilities,0.0,8.8,-8.8,100000.0,False,86
2026-05-20,76,76,daily-surge-in-rss-news-counts-for-corporate-bond-downgrade-,crazy,Daily Surge In Rss News Counts For Corporate Bond Downgrade Signals Credit Stress Rotation,0.0,8.8,-8.8,100000.0,False,70
2026-05-20,77,77,earthquake-activity-surge-in-oil-producing-regions-signals-s,crazy,Earthquake Activity Surge In Oil-producing Regions Signals Supply Disruption Risk Premium,0.0,8.8,-8.8,100000.0,False,71
2026-05-20,78,78,earthquake-energy-demand,crazy,Earthquake Energy Demand Indicator,0.0,8.8,-8.8,100000.0,False,107
2026-05-20,79,79,electric-vehicle-charge-station-density,crazy,Electric Vehicle Charge Station Density,0.0,8.8,-8.8,100000.0,False,107
2026-05-20,80,80,electricity-demand-spike-weather-anomaly,crazy,Electricity Demand Spike Weather Anomaly,0.0,8.8,-8.8,100000.0,False,87
2026-05-20,81,81,energy-sector-sudden-weekly-volatility-spike,crazy,Energy Sector Sudden Weekly Volatility Spike,0.0,8.8,-8.8,100000.0,False,98
2026-05-20,82,82,energy-sector-weekly-drawdown-exhaustion,crazy,Energy Sector Weekly Drawdown Exhaustion,0.0,8.8,-8.8,100000.0,False,101
2026-05-20,83,83,ev-charger-buildout-acceleration-play,crazy,Ev Charger Buildout Acceleration Play,0.0,8.8,-8.8,100000.0,False,73
2026-05-20,84,84,ev-charger-density-saturation-play,crazy,Ev Charger Density Saturation Play,0.0,8.8,-8.8,100000.0,False,96
2026-05-20,85,85,ev-charger-deployment-sprint-acceleration,crazy,Ev Charger Deployment Sprint Acceleration,0.0,8.8,-8.8,100000.0,False,79
2026-05-20,86,86,ev-charger-expansion-frenzy,crazy,Ev Charger Expansion Frenzy,0.0,8.8,-8.8,100000.0,False,87
2026-05-20,87,87,ev-charger-expansion-momentum-surge,crazy,Ev Charger Expansion Momentum Surge,0.0,8.8,-8.8,100000.0,False,80
2026-05-20,88,88,ev-charger-expansion-velocity-boom,crazy,Ev Charger Expansion Velocity Boom,0.0,8.8,-8.8,100000.0,False,77
2026-05-20,89,89,ev-charger-installation-acceleration-play,crazy,Ev Charger Installation Acceleration Play,0.0,8.8,-8.8,100000.0,False,88
2026-05-20,90,90,ev-charger-network-contraction-signals-electric-vehicle-adop,crazy,Ev Charger Network Contraction Signals Electric Vehicle Adoption Slowdown,0.0,8.8,-8.8,100000.0,False,75
2026-05-20,91,91,ev-charger-network-density-jump,crazy,Ev Charger Network Density Jump,0.0,8.8,-8.8,100000.0,False,74
2026-05-20,92,92,ev-charger-network-density-surge-bullish-signal,crazy,Ev Charger Network Density Surge Bullish Signal,0.0,8.8,-8.8,100000.0,False,90
2026-05-20,93,93,ev-charger-network-expansion-acceleration,crazy,Ev Charger Network Expansion Acceleration,0.0,8.8,-8.8,100000.0,False,85
2026-05-20,94,94,ev-charger-network-expansion-sprint-demand-surge,crazy,Ev Charger Network Expansion Sprint Demand Surge,0.0,8.8,-8.8,100000.0,False,93
2026-05-20,95,95,ev-charger-network-expansion-velocity-surge,crazy,Ev Charger Network Expansion Velocity Surge,0.0,8.8,-8.8,100000.0,False,86
2026-05-20,96,96,ev-charging-boom,crazy,Ev Charging Boom,0.0,8.8,-8.8,100000.0,False,105
2026-05-20,97,97,ev-charging-station-stampede,crazy,Ev Charging Station Stampede,0.0,8.8,-8.8,100000.0,False,101
2026-05-20,98,98,ev-euphoria,crazy,Ev Euphoria,0.0,8.8,-8.8,100000.0,False,103
2026-05-20,99,99,financial-sector-momentum-divergence-with-spy,crazy,Financial Sector Momentum Divergence With Spy,0.0,8.8,-8.8,100000.0,False,101
2026-05-20,100,100,fintech-disruption-wave,crazy,Fintech Disruption Wave,0.0,8.8,-8.8,100000.0,False,105
2026-05-20,101,101,freight-rail-congestion-rss-volume-explosion,crazy,Freight Rail Congestion Rss Volume Explosion,0.0,8.8,-8.8,100000.0,False,77
2026-05-20,102,102,glassdoor,crazy,Glassdoor Misery Gradient,0.0,8.8,-8.8,100000.0,False,107
2026-05-20,103,103,global-tech-earnings-momentum,crazy,Global Tech Earnings Momentum,0.0,8.8,-8.8,100000.0,False,105
2026-05-20,104,104,gold-volatility-vol-of-vol-spike,crazy,Gold Volatility Vol-of-vol Spike,0.0,8.8,-8.8,100000.0,False,88
2026-05-20,105,105,google-trends-spike-in-bankruptcy-filing-and-debt-consolidat,crazy,Google Trends Spike In Bankruptcy Filing And Debt Consolidation Signals Consumer Default Risk Surge,0.0,8.8,-8.8,100000.0,False,75
2026-05-20,106,106,google-trends-surge-in-flight-delay-complaints,crazy,Google Trends Surge In Flight Delay Complaints,0.0,8.8,-8.8,100000.0,False,86
2026-05-20,107,107,health-insurance-deductible-shock-searches,crazy,Health Insurance Deductible Shock Searches,0.0,8.8,-8.8,100000.0,False,79
2026-05-20,108,108,healthcare-cost-shock-google-trends-spike,crazy,Healthcare Cost Shock Google Trends Spike,0.0,8.8,-8.8,100000.0,False,87
2026-05-20,109,109,high-yield-spread-regime,crazy,High Yield Spread Regime,0.0,8.8,-8.8,100000.0,False,107
2026-05-20,110,110,linkedin,crazy,LinkedIn Layoff Propagation,0.0,8.8,-8.8,100000.0,False,107
2026-05-20,111,111,lumber-futures-rollercoaster,crazy,Lumber Futures Rollercoaster,0.0,8.8,-8.8,100000.0,False,101
2026-05-20,112,112,materials-sector-weekly-volatility-contraction-breakout,crazy,Materials Sector Weekly Volatility Contraction Breakout,0.0,8.8,-8.8,100000.0,False,98
2026-05-20,113,113,mortgage-refinance-wave-google-trends-surge,crazy,Mortgage Refinance Wave Google Trends Surge,0.0,8.8,-8.8,100000.0,False,88
2026-05-20,114,114,natural-gas-demand-spike-from-unseasonable-cold-snap-detecti,crazy,Natural Gas Demand Spike From Unseasonable Cold Snap Detection,0.0,8.8,-8.8,100000.0,False,71
2026-05-20,115,115,online-ad-impression-volatility,crazy,Online Ad Impression Volatility Trader,0.0,8.8,-8.8,100000.0,False,107
2026-05-20,116,116,patent-filing-velocity,crazy,Patent Filing Velocity,0.0,8.8,-8.8,100000.0,False,98
2026-05-20,117,117,pet-emergency-vet-visit-spike,crazy,Pet Emergency Vet Visit Spike,0.0,8.8,-8.8,100000.0,False,74
2026-05-20,118,118,pet-food-supply-chain,crazy,Pet Food Supply Chain Disruption,0.0,8.8,-8.8,100000.0,False,107
2026-05-20,119,119,reddit-emoji-sentiment-spike,crazy,Reddit Emoji Sentiment Spike,0.0,8.8,-8.8,100000.0,False,107
2026-05-20,120,120,reddit-gaming-thread-spike,crazy,Reddit Gaming Thread Spike,0.0,8.8,-8.8,100000.0,False,107
2026-05-20,121,121,reddit-mentions-volatility-spike,crazy,Reddit Mentions Volatility Spike,0.0,8.8,-8.8,100000.0,False,107
2026-05-20,122,122,reddit-sentiment-spike-trend,crazy,Reddit Sentiment Spike Trend,0.0,8.8,-8.8,100000.0,False,107
2026-05-20,123,123,reddit-sentiment-spike,crazy,Reddit Sentiment Spike,0.0,8.8,-8.8,100000.0,False,107
2026-05-20,124,124,reddit-sentiment-volatility-spike,crazy,Reddit Sentiment Volatility Spike,0.0,8.8,-8.8,100000.0,False,107
2026-05-20,125,125,reddit-subreddit-mention-spike,crazy,Reddit Subreddit Mention Spike,0.0,8.8,-8.8,100000.0,False,107
2026-05-20,126,126,reddit-subreddit-sentiment-spike,crazy,Reddit Subreddit Sentiment Spike,0.0,8.8,-8.8,100000.0,False,107
2026-05-20,127,127,reddit-subreddit-surge-momentum,crazy,Reddit Subreddit Surge Momentum,0.0,8.8,-8.8,100000.0,False,107
2026-05-20,128,128,reddit-volatility-spike,crazy,Reddit Volatility Spike,0.0,8.8,-8.8,100000.0,False,107
2026-05-20,129,129,renewable-energy-rss-news-volume-surge,crazy,Renewable Energy Rss News Volume Surge,-0.0,8.8,-8.8,99999.77,False,79
2026-05-20,130,130,rental-car-shortage-volatility-spike,crazy,Rental Car Shortage Volatility Spike,0.0,8.8,-8.8,100000.0,False,96
2026-05-20,131,131,residential-real-estate-search-momentum-rotation,crazy,Residential Real Estate Search Momentum Rotation,0.0,8.8,-8.8,100000.0,False,80
2026-05-20,132,132,retail-rush-ahead-of-holidays,crazy,Retail Rush Ahead Of Holidays,0.0,8.8,-8.8,100000.0,False,105
2026-05-20,133,133,rss-roar,crazy,Rss Roar,0.0,8.8,-8.8,100000.0,False,103
2026-05-20,134,134,small-business-formation,crazy,Small Business Formation,0.0,8.8,-8.8,100000.0,False,107
2026-05-20,135,135,social-media-sentiment-spike,crazy,Social Media Sentiment Spike,0.0,8.8,-8.8,100000.0,False,107
2026-05-20,136,136,solar-storm-scorcher,crazy,Solar Storm Scorcher,0.0,8.8,-8.8,100000.0,False,101
2026-05-20,137,137,superbowl-futures-trade,crazy,Superbowl Futures Trade,0.0,8.8,-8.8,100000.0,False,107
2026-05-20,138,138,technology-sector-daily-ev-charger-count-surge,crazy,Technology Sector Daily Ev Charger Count Surge,0.0,8.8,-8.8,100000.0,False,101
2026-05-20,139,139,temperature-shock-energy-demand-flip,crazy,Temperature Shock Energy Demand Flip,0.0,8.8,-8.8,100000.0,False,96
2026-05-20,140,140,truck-driver-wage-search-surge,crazy,Truck Driver Wage Search Surge,0.0,8.8,-8.8,100000.0,False,73
2026-05-20,141,141,tsa,crazy,TSA Body Count,0.0,8.8,-8.8,100000.0,False,107
2026-05-20,142,142,twitter-sentiment-spike,crazy,Twitter Sentiment Spike,0.0,8.8,-8.8,100000.0,False,107
2026-05-20,143,143,utilities-sector-weekly-temperature-drop-signal,crazy,Utilities Sector Weekly Temperature Drop Signal,0.0,8.8,-8.8,100000.0,False,105
2026-05-20,144,144,utility-volatility-compression-reversion-bounce,crazy,Utility Volatility Compression Reversion Bounce,0.0,8.8,-8.8,100000.0,False,78
2026-05-20,145,145,vix-to-realized-volatility-contraction-signals-mean-reversio,crazy,Vix-to-realized Volatility Contraction Signals Mean Reversion Opportunity In Large Caps,0.0,8.8,-8.8,100000.0,False,71
2026-05-20,146,146,volatility-spike-follow-through,crazy,Volatility Spike Follow-Through,0.0,8.8,-8.8,100000.0,False,107
2026-05-20,147,147,weather-disruption-ripple-effects,crazy,Weather Disruption Ripple Effects,0.0,8.8,-8.8,100000.0,False,105
2026-05-20,148,148,weather-volatility-spike,crazy,Weather Volatility Spike,0.0,8.8,-8.8,100000.0,False,107
2026-05-20,149,149,weather-windfall,crazy,Weather Windfall,0.0,8.8,-8.8,100000.0,False,103
2026-05-20,150,150,weekly-ev-charger-expansion-in-underserved-regions,crazy,Weekly Ev Charger Expansion In Underserved Regions,0.0,8.8,-8.8,100000.0,False,70
2026-05-20,151,151,weekly-ev-charger-network-density-jump-in-rural-counties,crazy,Weekly Ev Charger Network Density Jump In Rural Counties,0.0,8.8,-8.8,100000.0,False,71
2026-05-20,152,152,weekly-google-trends-spike-for-diy-electronics-repair-signal,crazy,Weekly Google Trends Spike For Diy Electronics Repair Signals Bullish Tech Sector,0.0,8.8,-8.8,100000.0,False,85
2026-05-20,153,153,weekly-google-trends-spike-for-small-business-loan-default-s,crazy,Weekly Google Trends Spike For Small Business Loan Default Searches,0.0,8.8,-8.8,100000.0,False,80
2026-05-20,154,154,weekly-google-trends-spike-in-business-travel-rebound-signal,crazy,Weekly Google Trends Spike In Business Travel Rebound Signals Bullish Industrial Sector,0.0,8.8,-8.8,100000.0,False,74
2026-05-20,155,155,weekly-google-trends-spike-in-searches-for-food-supply-chain,crazy,Weekly Google Trends Spike In Searches For Food Supply Chain Disruptions,0.0,8.8,-8.8,100000.0,False,80
2026-05-20,156,156,weekly-google-trends-surge-for-diy-roof-repair-searches-sign,crazy,Weekly Google Trends Surge For Diy Roof Repair Searches Signals Consumer Stress Impacting Xli,0.0,8.8,-8.8,100000.0,False,85
2026-05-20,157,157,weekly-google-trends-surge-for-home-pest-control-searches-si,crazy,Weekly Google Trends Surge For Home Pest Control Searches Signals Consumer Stress Boosting Staples,0.0,8.8,-8.8,100000.0,False,85
2026-05-20,158,158,weekly-google-trends-surge-for-small-business-loan-applicati,crazy,Weekly Google Trends Surge For Small Business Loan Application Signals Financial Sector Activity Boost,0.0,8.8,-8.8,100000.0,False,76
2026-05-20,159,160,weekly-google-trends-surge-for-truck-tire-replacement-search,crazy,Weekly Google Trends Surge For Truck Tire Replacement Searches Signals Industrial Sector Repair Cycle,0.0,8.8,-8.8,100000.0,False,76
2026-05-20,160,161,weekly-google-trends-surge-for-used-truck-purchase-searches-,crazy,Weekly Google Trends Surge For Used Truck Purchase Searches Signals Bullish Freight Logistics,0.0,8.8,-8.8,100000.0,False,85
2026-05-20,161,162,weekly-google-trends-surge-in-home-heating-oil-shortage-sign,crazy,Weekly Google Trends Surge In Home Heating Oil Shortage Signals Winter Utility Stress Favoring Utilities Sector,0.0,8.8,-8.8,100000.0,False,75
2026-05-20,162,163,weekly-google-trends-surge-in-job-training-programs-signals-,crazy,Weekly Google Trends Surge In Job Training Programs Signals Bullish Industrial Sector,0.0,8.8,-8.8,100000.0,False,74
2026-05-20,163,164,weekly-google-trends-surge-in-pest-control-searches,crazy,Weekly Google Trends Surge In Pest Control Searches,0.0,8.8,-8.8,100000.0,False,70
2026-05-20,164,165,weekly-google-trends-surge-in-searches-for-diesel-fuel-price,crazy,Weekly Google Trends Surge In Searches For Diesel Fuel Price Increase,0.0,8.8,-8.8,100000.0,False,80
2026-05-20,165,166,weekly-google-trends-surge-in-searches-for-home-solar-instal,crazy,Weekly Google Trends Surge In Searches For Home Solar Installation Financing Signals Xle Bullish,0.0,8.8,-8.8,100000.0,False,85
2026-05-20,166,167,weekly-google-trends-surge-in-searches-for-truck-driver-shor,crazy,Weekly Google Trends Surge In Searches For Truck Driver Shortage,0.0,8.8,-8.8,100000.0,False,80
2026-05-20,167,168,weekly-increase-in-google-trends-for-commercial-drone-repair,crazy,Weekly Increase In Google Trends For Commercial Drone Repair Signals Tech Sector Maintenance Demand,0.0,8.8,-8.8,100000.0,False,72
2026-05-20,168,169,weekly-increase-in-google-trends-for-home-solar-panel-instal,crazy,Weekly Increase In Google Trends For Home Solar Panel Installation Delay Signals Bearish Utilities Sector,0.0,8.8,-8.8,100000.0,False,74
2026-05-20,169,170,weekly-increase-in-google-trends-for-industrial-machinery-br,crazy,Weekly Increase In Google Trends For Industrial Machinery Breakdown Signals Rising Repair Demand,0.0,8.8,-8.8,100000.0,False,71
2026-05-20,170,171,weekly-increase-in-google-trends-searches-for-bulk-shipping-,crazy,Weekly Increase In Google Trends Searches For Bulk Shipping Delay Signals Bearish Xlb,0.0,8.8,-8.8,100000.0,False,93
2026-05-20,171,172,weekly-increase-in-google-trends-searches-for-small-business,crazy,Weekly Increase In Google Trends Searches For Small Business Loan Default Signals Rising Credit Stress,0.0,8.8,-8.8,100000.0,False,78
2026-05-20,172,173,weekly-jump-in-google-trends-for-home-heating-oil-shortage-s,crazy,Weekly Jump In Google Trends For Home Heating Oil Shortage Signals Winter Energy Stress,0.0,8.8,-8.8,100000.0,False,77
2026-05-20,173,174,weekly-jump-in-google-trends-for-home-moving-truck-rental-de,crazy,Weekly Jump In Google Trends For Home Moving Truck Rental Demand Signals Housing Market Activity,0.0,8.8,-8.8,100000.0,False,70
2026-05-20,174,175,weekly-jump-in-google-trends-for-job-quitting-searches-signa,crazy,Weekly Jump In Google Trends For Job Quitting Searches Signals Labor Market Tightness Benefiting Financial Sector,0.0,8.8,-8.8,100000.0,False,76
2026-05-20,175,176,weekly-jump-in-google-trends-for-small-business-layoffs-sign,crazy,Weekly Jump In Google Trends For Small Business Layoffs Signals Consumer Discretionary Downturn,0.0,8.8,-8.8,100000.0,False,74
2026-05-20,176,177,weekly-jump-in-google-trends-for-truck-driver-shortage-signa,crazy,Weekly Jump In Google Trends For Truck Driver Shortage Signals Labor Stress In Transportation,0.0,8.8,-8.8,100000.0,False,70
2026-05-20,177,178,weekly-jump-in-google-trends-for-warehouse-automation-jobs-s,crazy,Weekly Jump In Google Trends For Warehouse Automation Jobs Signals Labor Substitution Pressure,0.0,8.8,-8.8,100000.0,False,70
2026-05-20,178,179,weekly-jump-in-google-trends-for-warehouse-labor-shortage-si,crazy,Weekly Jump In Google Trends For Warehouse Labor Shortage Signals Supply Chain Labor Stress And Industrial Sector Risk,0.0,8.8,-8.8,100000.0,False,75
2026-05-20,179,180,weekly-jump-in-google-trends-home-pest-control-emergency-sea,crazy,Weekly Jump In Google Trends Home Pest Control Emergency Searches Signals Consumer Stress And Discretionary Rebound,0.0,8.8,-8.8,100000.0,False,76
2026-05-20,180,181,weekly-jump-in-google-trends-searches-for-airport-security-d,crazy,Weekly Jump In Google Trends Searches For Airport Security Delay Signals Travel Mobility Disruptions,0.0,8.8,-8.8,100000.0,False,78
2026-05-20,181,182,weekly-rise-in-google-trends-for-commercial-truck-tire-blowo,crazy,Weekly Rise In Google Trends For Commercial Truck Tire Blowout Signals Freight Sector Caution,0.0,8.8,-8.8,100000.0,False,72
2026-05-20,182,183,weekly-rise-in-google-trends-for-freight-train-delays-signal,crazy,Weekly Rise In Google Trends For Freight Train Delays Signals Logistics Bottlenecks,0.0,8.8,-8.8,100000.0,False,70
2026-05-20,183,184,weekly-rise-in-google-trends-for-solar-panel-installation-de,crazy,Weekly Rise In Google Trends For Solar Panel Installation Delay Signals Supply Chain Issues In Green Energy,0.0,8.8,-8.8,100000.0,False,70
2026-05-20,184,185,weekly-rise-in-google-trends-for-warehouse-automation-intere,crazy,Weekly Rise In Google Trends For Warehouse Automation Interest Signals Industrial Demand,0.0,8.8,-8.8,100000.0,False,73
2026-05-20,185,186,weekly-rise-in-google-trends-for-warehouse-lighting-failure-,crazy,Weekly Rise In Google Trends For Warehouse Lighting Failure Signals Industrial Maintenance Cycle,0.0,8.8,-8.8,100000.0,False,72
2026-05-20,186,187,weekly-rise-in-google-trends-searches-for-emergency-hvac-rep,crazy,Weekly Rise In Google Trends Searches For Emergency Hvac Repair,0.0,8.8,-8.8,100000.0,False,80
2026-05-20,187,188,weekly-rise-in-google-trends-searches-for-gas-price-protest-,crazy,Weekly Rise In Google Trends Searches For Gas Price Protest Signals Bearish Xle,0.0,8.8,-8.8,100000.0,False,93
2026-05-20,188,189,weekly-rise-in-usgs-earthquake-activity-near-major-ports-sig,crazy,Weekly Rise In Usgs Earthquake Activity Near Major Ports Signals Potential Freight Disruptions,0.0,8.8,-8.8,100000.0,False,70
2026-05-20,189,190,weekly-rss-count-spike-on-warehouse-worker-injury-reports,crazy,Weekly Rss Count Spike On Warehouse Worker Injury Reports,0.0,8.8,-8.8,100000.0,False,70
2026-05-20,190,191,weekly-spike-in-food-bank-demand-google-trends-signals-consu,crazy,Weekly Spike In Food Bank Demand Google Trends Signals Consumer Staples Demand Surge,0.0,8.8,-8.8,100000.0,False,71
2026-05-20,191,192,weekly-spike-in-google-trends-for-fuel-shortage-predicts-ene,crazy,Weekly Spike In Google Trends For Fuel Shortage Predicts Energy Sector Volatility,0.0,8.8,-8.8,100000.0,False,75
2026-05-20,192,193,weekly-spike-in-google-trends-for-railway-crossing-malfuncti,crazy,Weekly Spike In Google Trends For Railway Crossing Malfunction Signals Freight Sector Risk,0.0,8.8,-8.8,100000.0,False,72
2026-05-20,193,194,weekly-spike-in-google-trends-searches-for-warehouse-automat,crazy,Weekly Spike In Google Trends Searches For Warehouse Automation Failure Signals Bearish Xli,0.0,8.8,-8.8,100000.29,False,93
2026-05-20,194,195,weekly-surge-in-google-trends-diy-home-roofing-repair-search,crazy,Weekly Surge In Google Trends Diy Home Roofing Repair Searches Signals Industrial Sector Demand Spike,0.0,8.8,-8.8,100000.0,False,76
2026-05-20,195,196,weekly-surge-in-google-trends-for-delayed-package-delivery-s,crazy,Weekly Surge In Google Trends For Delayed Package Delivery Signals Consumer Discretionary Shipping Pressure,0.0,8.8,-8.8,100000.0,False,72
2026-05-20,196,197,weekly-surge-in-google-trends-for-diy-roof-repair-signals-co,crazy,Weekly Surge In Google Trends For Diy Roof Repair Signals Consumer Stress Lifting Industrial Sector,0.0,8.8,-8.8,100000.0,False,79
2026-05-20,197,198,weekly-surge-in-google-trends-for-diy-solar-panel-repair-sig,crazy,Weekly Surge In Google Trends For Diy Solar Panel Repair Signals Green Energy Sector Rebound,0.0,8.8,-8.8,100000.0,False,86
2026-05-20,198,199,weekly-surge-in-google-trends-for-electric-scooter-theft-sig,crazy,Weekly Surge In Google Trends For Electric Scooter Theft Signals Consumer Discretionary Stress,0.0,8.8,-8.8,100000.0,False,72
2026-05-20,199,200,weekly-surge-in-google-trends-for-emergency-plumbing-repair-,crazy,Weekly Surge In Google Trends For Emergency Plumbing Repair Signals Consumer Stress Lifting Discretionary Sector,0.0,8.8,-8.8,100000.0,False,79
2026-05-20,200,201,weekly-surge-in-google-trends-for-freight-congestion-complai,crazy,Weekly Surge In Google Trends For Freight Congestion Complaints Correlating With Industrial Sector Risk,0.0,8.8,-8.8,100000.0,False,73
2026-05-20,201,202,weekly-surge-in-google-trends-for-freight-elevator-repair-si,crazy,Weekly Surge In Google Trends For Freight Elevator Repair Signals Industrial Sector Demand,0.0,8.8,-8.8,100000.0,False,72
2026-05-20,202,203,weekly-surge-in-google-trends-for-home-heating-oil-shortage-,crazy,Weekly Surge In Google Trends For Home Heating Oil Shortage Signals Bullish Xle,0.0,8.8,-8.8,100000.0,False,87
2026-05-20,203,204,weekly-surge-in-google-trends-for-job-interview-preparation-,crazy,Weekly Surge In Google Trends For Job Interview Preparation Searches,0.0,8.8,-8.8,100000.0,False,80
2026-05-20,204,205,weekly-surge-in-google-trends-for-last-minute-flight-deals-s,crazy,Weekly Surge In Google Trends For Last Minute Flight Deals Signals Travel Demand Rebound,0.0,8.8,-8.8,100000.0,False,70
2026-05-20,205,206,weekly-surge-in-google-trends-for-sudden-appliance-breakdown,crazy,Weekly Surge In Google Trends For Sudden Appliance Breakdowns Signals Discretionary Sector Rebound,0.0,8.8,-8.8,100000.0,False,76
2026-05-20,206,207,weekly-surge-in-google-trends-for-used-car-price-searches-si,crazy,Weekly Surge In Google Trends For Used Car Price Searches Signaling Consumer Cost Pressure,0.0,8.8,-8.8,100000.0,False,73
2026-05-20,207,208,weekly-surge-in-google-trends-for-warehouse-automation-signa,crazy,Weekly Surge In Google Trends For Warehouse Automation Signals Industrial Sector Demand,0.0,8.8,-8.8,100000.0,False,74
2026-05-20,208,209,weekly-surge-in-google-trends-searches-for-diy-bicycle-repai,crazy,Weekly Surge In Google Trends Searches For Diy Bicycle Repair,0.0,8.8,-8.8,100000.0,False,80
2026-05-20,209,210,weekly-surge-in-google-trends-searches-for-freight-container,crazy,Weekly Surge In Google Trends Searches For Freight Container Backlog Signals Industrial Sector Pressure,0.0,8.8,-8.8,100000.0,False,75
2026-05-20,210,211,weekly-surge-in-google-trends-searches-for-home-improvement-,crazy,Weekly Surge In Google Trends Searches For Home Improvement Loan Signals Consumer Stress Lifting Xly,0.0,8.8,-8.8,100000.0,False,93
2026-05-20,211,212,weekly-surge-in-google-trends-searches-for-warehouse-worker-,crazy,Weekly Surge In Google Trends Searches For Warehouse Worker Shortage Signals Labor Tightness,0.0,8.8,-8.8,100000.0,False,78
2026-05-20,212,213,weekly-surge-in-openchargemap-ev-charger-installations-signa,crazy,Weekly Surge In Openchargemap Ev Charger Installations Signals Bullish Xlc,0.0,8.8,-8.8,100000.0,False,95
2026-05-20,213,214,work-from-home-frenzy,crazy,Work From Home Frenzy,0.0,8.8,-8.8,100000.0,False,105
2026-05-20,214,215,xlb-daily-volatility-contraction-breakout,crazy,Xlb Daily Volatility Contraction Breakout,0.0,8.8,-8.8,100000.0,False,103
2026-05-20,215,216,xlu-weekly-cold-snap-weather-correlation,crazy,Xlu Weekly Cold Snap Weather Correlation,0.0,8.8,-8.8,100000.0,False,103
2026-05-20,216,217,xlv-google-trends-flu-search-spike,crazy,Xlv Google Trends Flu Search Spike,0.0,8.8,-8.8,100000.0,False,103
2026-05-20,217,218,yelp-closure-velocity,crazy,Yelp Closure Velocity,0.0,8.8,-8.8,100000.0,False,98
2026-05-20,218,219,yield-curve-regime,crazy,Yield Curve Regime,0.0,8.8,-8.8,100000.0,False,107
2026-05-20,219,220,daily-jump-in-google-trends-for-food-poisoning-outbreak-boos,crazy,Daily Jump In Google Trends For Food Poisoning Outbreak Boosts Healthcare Sector Demand,-0.01,8.8,-8.81,99989.37,False,72
2026-05-20,220,221,rss-news-volume-spike-on-corporate-bond-downgrades-signals-c,crazy,Rss News Volume Spike On Corporate Bond Downgrades Signals Credit Stress Rotation,-0.01,8.8,-8.81,99990.05,False,71
2026-05-20,221,159,weekly-google-trends-surge-for-truck-driver-shortage-signals,crazy,Weekly Google Trends Surge For Truck Driver Shortage Signals Freight Logistics Risk And Industrial Cost Pressure,-0.01,8.8,-8.8,99993.13,False,75
2026-05-20,222,223,daily-spike-in-rss-news-counts-on-corporate-dividend-cuts,crazy,Daily Spike In Rss News Counts On Corporate Dividend Cuts,-0.02,8.8,-8.82,99981.96,False,70
2026-05-20,223,224,electricity-demand-collapse-during-mild-weather,crazy,Electricity Demand Collapse During Mild Weather,-0.02,8.8,-8.82,99979.82,False,74
2026-05-20,224,225,google-trends-surge-in-luxury-good-searches,crazy,Google Trends Surge In Luxury Good Searches,-0.02,8.8,-8.82,99979.84,False,85
2026-05-20,225,226,natural-gas-futures-volatility-pump-rotation,crazy,Natural Gas Futures Volatility Pump Rotation,-0.02,8.8,-8.82,99979.83,False,78
2026-05-20,226,227,regional-earthquake-cluster-insurance-demand-spike,crazy,Regional Earthquake Cluster Insurance Demand Spike,-0.02,8.8,-8.82,99975.83,False,78
2026-05-20,227,228,temperature-extremes-power-demand-spike-utility-boost,crazy,Temperature Extremes Power Demand Spike Utility Boost,-0.02,8.8,-8.82,99979.82,False,93
2026-05-20,228,229,weather-extreme-disruption-energy-demand-spike,crazy,Weather Extreme Disruption Energy Demand Spike,-0.02,8.8,-8.82,99979.82,False,73
2026-05-20,229,230,weather-extremes-utility-demand-spike,crazy,Weather Extremes Utility Demand Spike,-0.02,8.8,-8.82,99979.82,False,77
2026-05-20,230,231,weekly-google-trends-surge-in-home-appliance-repair-searches,crazy,Weekly Google Trends Surge In Home Appliance Repair Searches Signals Bullish Consumer Discretionary,-0.02,8.8,-8.82,99982.54,False,88
2026-05-20,231,222,weekly-jump-in-rss-news-counts-for-coal-shortage-signals-inp,crazy,Weekly Jump In Rss News Counts For Coal Shortage Signals Input Cost Pressure In Materials,-0.02,8.8,-8.81,99983.85,False,70
2026-05-20,232,232,daily-spike-in-google-trends-for-home-air-purifier-repair-si,crazy,Daily Spike In Google Trends For Home Air Purifier Repair Signals Consumer Stress Rebound In Discretionary Sector,-0.03,8.8,-8.83,99971.86,False,86
2026-05-20,233,233,weekly-spike-in-google-trends-for-electric-vehicle-battery-r,crazy,Weekly Spike In Google Trends For Electric Vehicle Battery Replacement Signals Consumer Stress Lifting Industrial Sector,-0.03,8.8,-8.83,99969.08,False,79
2026-05-20,234,234,consumer-discretionary-google-trends-surge-for-sale-keywords,crazy,Consumer Discretionary Google Trends Surge For Sale Keywords,-0.04,8.8,-8.84,99960.96,False,101
2026-05-20,235,236,weekly-spike-in-earthquake-activity-in-port-regions-signals-,crazy,Weekly Spike In Earthquake Activity In Port Regions Signals Potential Freight Logistics Disruption,-0.04,8.8,-8.84,99955.02,False,75
2026-05-20,236,237,weekly-surge-in-google-trends-for-diy-plumbing-repair-signal,crazy,Weekly Surge In Google Trends For Diy Plumbing Repair Signals Consumer Stress Rebound,-0.04,8.8,-8.84,99960.43,False,89
2026-05-20,237,238,mortgage-rate-housing-proxy,crazy,Mortgage Rate Housing Proxy,-0.05,8.8,-8.85,99949.96,False,107
2026-05-20,238,235,real-estate-sector-weekly-google-trends-home-buying-surge,crazy,Real Estate Sector Weekly Google Trends Home Buying Surge,-0.05,8.8,-8.84,99954.77,False,105
2026-05-20,239,240,weekly-surge-in-google-trends-for-diy-car-maintenance-signal,crazy,Weekly Surge In Google Trends For Diy Car Maintenance Signals Rising Auto Sector Interest,-0.05,8.8,-8.85,99939.58,False,71
2026-05-20,240,241,daily-spike-in-rss-news-counts-around-labor-union-contract-n,crazy,Daily Spike In Rss News Counts Around Labor Union Contract Negotiation Signals Bearish Xlf,-0.06,8.8,-8.86,99939.5,False,93
2026-05-20,241,242,eia-electricity-demand-shock-rebound-spread,crazy,Eia Electricity Demand Shock Rebound Spread,-0.06,8.8,-8.86,99940.31,False,86
2026-05-20,242,239,travel-booking-momentum-divergence,crazy,Travel Booking Momentum Divergence,-0.06,8.8,-8.85,99943.44,False,79
2026-05-20,243,243,utility-power-grid-stress,crazy,Utility Power Grid Stress,-0.06,8.8,-8.86,99938.31,False,105
2026-05-20,244,244,daily-spike-in-google-trends-for-emergency-dental-care-signa,crazy,Daily Spike In Google Trends For Emergency Dental Care Signals Consumer Stress Impacting Health Sector,-0.07,8.8,-8.87,99927.72,False,79
2026-05-20,245,245,electricity-demand-spike-during-extreme-cold-snap-triggers-u,crazy,Electricity Demand Spike During Extreme Cold Snap Triggers Utility Sector Rally,-0.07,8.8,-8.87,99927.69,False,75
2026-05-20,246,246,finra-dark-pool-signal,crazy,FINRA Dark Pool Signal,-0.07,8.8,-8.87,99932.48,False,98
2026-05-20,247,248,commodity-shortage-news-volume-burst,crazy,Commodity Shortage News Volume Burst,-0.08,8.8,-8.88,99917.37,False,73
2026-05-20,248,249,daily-jump-in-rss-news-counts-for-labor-union-strikes-in-tra,crazy,Daily Jump In Rss News Counts For Labor Union Strikes In Transportation Sector,-0.08,8.8,-8.88,99920.99,False,72
2026-05-20,249,250,daily-spike-in-google-trends-searches-for-electric-vehicle-b,crazy,Daily Spike In Google Trends Searches For Electric Vehicle Battery Replacement,-0.08,8.8,-8.88,99921.33,False,80
2026-05-20,250,251,healthcare-sector-google-trends-spike-in-flu-symptoms,crazy,Healthcare Sector Google Trends Spike In Flu Symptoms,-0.08,8.8,-8.88,99917.38,False,101
2026-05-20,251,247,weekly-increase-in-usgs-earthquake-activity-within-key-logis,crazy,Weekly Increase In Usgs Earthquake Activity Within Key Logistics Hubs Signals Potential Freight Delays,-0.08,8.8,-8.87,99923.09,False,78
2026-05-20,252,253,weekly-surge-in-google-trends-searches-for-truck-driver-stri,crazy,Weekly Surge In Google Trends Searches For Truck Driver Strike Signals Imminent Logistics Disruption,-0.08,8.8,-8.88,99922.61,False,78
2026-05-20,253,254,bank-stress-index-volatility-fear-crush-reversal,crazy,Bank Stress Index Volatility Fear Crush Reversal,-0.09,8.8,-8.89,99910.26,False,93
2026-05-20,254,256,financial-sector-volatility-crush-trade,crazy,Financial Sector Volatility Crush Trade,-0.09,8.8,-8.89,99910.26,False,88
2026-05-20,255,252,retail-roulette,crazy,Retail Roulette,-0.09,8.8,-8.88,99913.43,False,103
2026-05-20,256,257,weekly-surge-in-job-postings-for-warehouse-workers-signals-b,crazy,Weekly Surge In Job Postings For Warehouse Workers Signals Bullish Xli,-0.09,8.8,-8.89,99905.51,False,93
2026-05-20,257,255,daily-spike-in-google-trends-for-emergency-plumber-near-me-s,crazy,Daily Spike In Google Trends For Emergency Plumber Near Me Signals Consumer Stress Lifting Home Repair Demand,-0.1,8.8,-8.89,99903.93,False,70
2026-05-20,258,259,rss-news-volume-spike-on-food-supply-chain-disruptions,crazy,Rss News Volume Spike On Food Supply Chain Disruptions,-0.1,8.8,-8.9,99898.78,False,85
2026-05-20,259,261,daily-spike-in-rss-news-counts-mentioning-politician-insider,crazy,Daily Spike In Rss News Counts Mentioning Politician Insider Buying Tech Stock Signals Bullish Xlk,-0.11,8.8,-8.91,99886.48,False,93
2026-05-20,260,258,daily-surge-in-rss-news-counts-for-new-labor-union-formation,crazy,Daily Surge In Rss News Counts For New Labor Union Formations Signals Labor Market Pressure On Industrial Sector,-0.11,8.8,-8.9,99894.97,False,75
2026-05-20,261,263,weekly-google-trends-spike-for-diy-car-repair-signals-bullis,crazy,Weekly Google Trends Spike For Diy Car Repair Signals Bullish Xly,-0.11,8.8,-8.91,99892.81,False,90
2026-05-20,262,264,weekly-rise-in-rss-count-for-labor-strike-news-signals-indus,crazy,Weekly Rise In Rss Count For Labor Strike News Signals Industrial Sector Risk,-0.11,8.8,-8.91,99892.18,False,75
2026-05-20,263,260,daily-jump-in-google-trends-searches-for-home-renovation-per,crazy,Daily Jump In Google Trends Searches For Home Renovation Permits,-0.12,8.8,-8.91,99884.41,False,80
2026-05-20,264,262,ev-charger-network-expansion-sentiment-surge,crazy,Ev Charger Network Expansion Sentiment Surge,-0.12,8.8,-8.91,99884.44,False,76
2026-05-20,265,265,port-congestion-squeeze,crazy,Port Congestion Squeeze,-0.12,8.8,-8.92,99875.62,False,105
2026-05-20,266,266,google-trends-surge-in-mortgage-refinance-calculator-signals,crazy,Google Trends Surge In Mortgage Refinance Calculator Signals Rate-sensitive Financial Stress,-0.13,8.8,-8.93,99857.8,False,71
2026-05-20,267,267,oil-price-momentum-reversal-energy-sector-bounce,crazy,Oil Price Momentum Reversal Energy Sector Bounce,-0.13,8.8,-8.93,99867.3,False,90
2026-05-20,268,268,shipping-container-squeeze-play,crazy,Shipping Container Squeeze Play,-0.13,8.8,-8.93,99870.55,False,96
2026-05-20,269,270,utilities-sector-negative-price-gap-fill,crazy,Utilities Sector Negative Price Gap Fill,-0.13,8.8,-8.93,99869.36,False,101
2026-05-20,270,271,seismic-activity-construction-halt-signal,crazy,Seismic Activity Construction Halt Signal,-0.14,8.8,-8.94,99861.92,False,96
2026-05-20,271,269,tremor-tension,crazy,Tremor Tension,-0.14,8.8,-8.93,99864.21,False,103
2026-05-20,272,273,daily-spike-in-google-trends-for-emergency-dental-surgery-si,crazy,Daily Spike In Google Trends For Emergency Dental Surgery Signals Healthcare Consumer Stress,-0.16,8.8,-8.96,99840.86,False,72
2026-05-20,273,275,daily-jump-in-google-trends-searches-for-emergency-dental-ca,crazy,Daily Jump In Google Trends Searches For Emergency Dental Care,-0.17,8.8,-8.97,99832.34,False,80
2026-05-20,274,272,daily-jump-in-google-trends-searches-for-job-quitting-signal,crazy,Daily Jump In Google Trends Searches For Job Quitting Signals Labor Market Tightness Benefiting Consumer Discretionary,-0.17,8.8,-8.96,99834.55,False,75
2026-05-20,275,276,daily-surge-in-google-trends-for-electric-bike-repair-signal,crazy,Daily Surge In Google Trends For Electric Bike Repair Signals Bullish Consumer Discretionary,-0.17,8.8,-8.97,99828.7,False,74
2026-05-20,276,274,xlu-daily-electricity-demand-surge,crazy,Xlu Daily Electricity Demand Surge,-0.17,8.8,-8.96,99834.76,False,103
2026-05-20,277,278,daily-jump-in-google-trends-for-home-appliance-repair-signal,crazy,Daily Jump In Google Trends For Home Appliance Repair Signals Consumer Stress Lifting Consumer Staples,-0.19,8.8,-8.99,99795.5,False,75
2026-05-20,278,279,luxury-discretionary-google-trends-collapse-signal,crazy,Luxury Discretionary Google Trends Collapse Signal,-0.19,8.8,-8.99,99811.09,False,77
2026-05-20,279,277,weekly-surge-in-google-trends-for-hotel-room-shortage-signal,crazy,Weekly Surge In Google Trends For Hotel Room Shortage Signals Travel Sector Tightness,-0.19,8.8,-8.98,99814.13,False,89
2026-05-20,280,280,weekly-surge-in-google-trends-searches-for-commuting-strike-,crazy,Weekly Surge In Google Trends Searches For Commuting Strike Signals Bearish Xly,-0.19,8.8,-8.99,99805.06,False,93
2026-05-20,281,281,wage-growth-demand-surge-fast-food-google-trends,crazy,Wage Growth Demand Surge Fast Food Google Trends,-0.2,8.8,-9.0,99799.52,False,89
2026-05-20,282,282,weekly-google-trends-surge-in-energy-bill-shock-signals-cons,crazy,Weekly Google Trends Surge In Energy Bill Shock Signals Consumer Stress Impacting Utilities,-0.21,8.8,-9.01,99792.72,False,89
2026-05-20,283,283,weekly-google-trends-surge-in-home-energy-bill-shock-signals,crazy,Weekly Google Trends Surge In Home Energy Bill Shock Signals Bullish Utilities,-0.21,8.8,-9.01,99792.72,False,88
2026-05-20,284,285,daily-spike-in-daily-earthquake-activity-near-major-logistic,crazy,Daily Spike In Daily Earthquake Activity Near Major Logistics Hubs Signals Bearish Xli,-0.22,8.8,-9.02,99775.64,False,93
2026-05-20,285,284,weekly-surge-in-google-trends-searches-for-city-water-outage,crazy,Weekly Surge In Google Trends Searches For City Water Outage Signals Bearish Xlre,-0.22,8.8,-9.01,99773.32,False,93
2026-05-20,286,286,weekly-rise-in-google-trends-interest-for-food-delivery-dela,crazy,Weekly Rise In Google Trends Interest For Food Delivery Delay Signals Bearish Xlp,-0.23,8.8,-9.03,99765.31,False,93
2026-05-20,287,287,electricity-enlightenment,crazy,Electricity Enlightenment,-0.24,8.8,-9.04,99757.03,False,103
2026-05-20,288,288,xlb-weekly-rss-news-count-spike-on-commodity-shortage,crazy,Xlb Weekly Rss News Count Spike On Commodity Shortage,-0.25,8.8,-9.05,99752.27,False,103
2026-05-20,289,290,daily-jump-in-google-trends-for-emergency-dental-care-signal,crazy,Daily Jump In Google Trends For Emergency Dental Care Signals Consumer Stress Lifting Healthcare Sector Demand,-0.27,8.8,-9.07,99732.03,False,75
2026-05-20,290,289,daily-spike-in-rss-counts-for-cybersecurity-breach-news-trig,crazy,Daily Spike In Rss Counts For Cybersecurity Breach News Triggers Bearish Xlk,-0.27,8.8,-9.06,99734.97,False,93
2026-05-20,291,292,news-sentiment-rotation-fade-trade,crazy,News Sentiment Rotation Fade Trade,-0.29,8.8,-9.09,99706.65,False,96
2026-05-20,292,291,port-container-volume-surge-signals-import-demand-recovery-a,crazy,Port Container Volume Surge Signals Import Demand Recovery And Consumer Spending Rebound,-0.29,8.8,-9.08,99712.98,False,75
2026-05-20,293,293,weekly-surge-in-google-trends-for-inflation-hedge-gold-signa,crazy,Weekly Surge In Google Trends For Inflation Hedge Gold Signals Bullish Xlb,-0.29,8.8,-9.09,99696.68,False,90
2026-05-20,294,294,attention-sentiment-spike-daily-surge-in-news-rss-counts-men,crazy,Attention Sentiment Spike Daily Surge In News Rss Counts Mentioning Cyberattack Triggers Bullish Xlc,-0.31,8.8,-9.11,99689.03,False,95
2026-05-20,295,295,google-trends-surge-in-logistics-job-openings-signals-labor-,crazy,Google Trends Surge In Logistics Job Openings Signals Labor Shortage In Freight,-0.31,8.8,-9.11,99675.81,False,71
2026-05-20,296,296,industrial-sector-weekly-earthquake-activity-correlation-dip,crazy,Industrial Sector Weekly Earthquake Activity Correlation Dip,-0.31,8.8,-9.11,99691.73,False,101
2026-05-20,297,297,grocery-store-foot-traffic-collapse-signal,crazy,Grocery Store Foot Traffic Collapse Signal,-0.33,8.8,-9.12,99673.9,False,96
2026-05-20,298,298,weekly-spike-in-freight-container-volumes-at-east-coast-port,crazy,Weekly Spike In Freight Container Volumes At East Coast Ports Signals Industrial Sector Strength,-0.33,8.8,-9.13,99669.33,False,76
2026-05-20,299,299,weekly-spike-in-google-trends-for-home-cooling-failure-signa,crazy,Weekly Spike In Google Trends For Home Cooling Failure Signals Bearish Xlu,-0.33,8.8,-9.13,99669.54,False,93
2026-05-20,300,300,daily-surge-in-google-trends-searches-for-electric-vehicle-c,crazy,Daily Surge In Google Trends Searches For Electric Vehicle Charging Station Outages,-0.35,8.8,-9.15,99651.01,False,80
2026-05-20,301,301,google-gusts,crazy,Google Gusts,-0.35,8.8,-9.15,99645.56,False,103
2026-05-20,302,302,xle-weekly-drawdown-rebound-signal,crazy,Xle Weekly Drawdown Rebound Signal,-0.36,8.8,-9.15,99644.75,False,103
2026-05-20,303,303,healthcare-cost-shock-google-search-spike,crazy,Healthcare Cost Shock Google Search Spike,-0.37,8.8,-9.17,99617.84,False,96
2026-05-20,304,304,weekly-google-trends-surge-in-fast-food-job-openings-signals,crazy,Weekly Google Trends Surge In Fast Food Job Openings Signals Bullish Consumer Discretionary,-0.4,8.8,-9.2,99601.48,False,88
2026-05-20,305,305,daily-jump-in-google-trends-for-emergency-plumber-near-me-si,crazy,Daily Jump In Google Trends For Emergency Plumber Near Me Signals Consumer Home Repair Stress,-0.41,8.8,-9.21,99592.43,False,71
2026-05-20,306,306,xlc-weekly-google-trends-surge-in-5g-rollout,crazy,Xlc Weekly Google Trends Surge In 5g Rollout,-0.41,8.8,-9.21,99592.39,False,103
2026-05-20,307,307,daily-spike-in-google-trends-for-emergency-plumbing-repair-s,crazy,Daily Spike In Google Trends For Emergency Plumbing Repair Signals Consumer Stress Rebound Benefiting Discretionary Sector,-0.42,8.8,-9.22,99572.85,False,86
2026-05-20,308,308,healthcare-cost-google-trends-acceleration-index,crazy,Healthcare Cost Google Trends Acceleration Index,-0.53,8.8,-9.33,99466.5,False,85
2026-05-20,309,309,liquor,crazy,Liquor Store Leading Indicator,-0.53,8.8,-9.33,99467.33,False,107
2026-05-20,310,310,daily-jump-in-google-trends-for-emergency-hvac-repair-signal,crazy,Daily Jump In Google Trends For Emergency Hvac Repair Signals Consumer Home Repair Stress,-0.56,8.8,-9.36,99442.23,False,72
2026-05-20,311,311,daily-jump-in-google-trends-searches-for-home-water-heater-r,crazy,Daily Jump In Google Trends Searches For Home Water Heater Repair Signals Consumer Stress Lifting Xly,-0.61,8.8,-9.41,99385.03,False,87
2026-05-20,312,312,weekly-surge-in-google-trends-searches-for-diy-home-repair-s,crazy,Weekly Surge In Google Trends Searches For Diy Home Repair Signals Consumer Stress Lifting Xly,-0.79,8.8,-9.59,99212.48,False,95
2026-05-20,313,313,truck-tonnage,crazy,Truck Tonnage Index,-1.49,8.8,-10.29,98512.08,False,107
2026-05-20,314,314,biscotti-crazy,crazy,Algo Biscotti (Unconditional Loyalty) (alt),-1.51,8.8,-10.3,98492.99,False,107
2026-05-20,315,316,freight-rail-carloads,crazy,Freight Rail Carloads,-1.71,8.8,-10.51,98288.9,False,107
2026-05-20,316,315,vix-term-structure,crazy,VIX Term Structure,-1.71,8.8,-10.5,98293.48,False,98
2026-05-20,317,317,biscotti,normal,Algo Biscotti (Unconditional Loyalty),-1.81,8.8,-10.61,98186.6,False,108
2026-05-20,318,318,lumber-momentum,crazy,Lumber Momentum,-1.98,8.8,-10.78,98017.11,False,107
2026-05-20,319,319,copper-momentum,crazy,Copper Momentum,-2.5,8.8,-11.3,97497.21,False,107
2026-05-20,320,320,port-container-volume,crazy,Port Container Volume,-2.83,8.8,-11.63,97170.96,False,107
2026-05-20,321,321,vix-fear-rotation,crazy,VIX Fear Rotation,-3.44,8.8,-12.24,96556.2,False,98
2026-05-20,322,322,electricity-consumption,crazy,Electricity Consumption,-4.89,8.8,-13.68,95112.91,False,107
2026-05-20,323,323,baileymol-crazy,crazy,Chaos Rotation Lab,-6.03,8.8,-14.83,93971.57,False,107
2026-05-21,1,1,simple_monthly,normal,Quantified Simple Monthly Rotation,11.96,9.01,2.95,111963.78,True,109
2026-05-21,2,2,baileymol,normal,Algo Baileymol (Chaos Monger),8.06,9.01,-0.96,108057.74,False,109
2026-05-21,3,3,faber,normal,Faber Momentum Rotation,7.67,9.01,-1.34,107670.14,False,109
2026-05-21,4,4,dmsr,normal,Antonacci Dual Momentum Sector Rotation,6.26,9.01,-2.76,106256.82,False,109
2026-05-21,5,5,uber-mobility,crazy,Uber Mobility Index,4.53,9.01,-4.48,104532.76,False,108
2026-05-21,6,6,retail-sales-momentum,crazy,Retail Sales Momentum,4.52,9.01,-4.49,104522.51,False,108
2026-05-21,7,7,job-posting-acceleration,crazy,Job Posting Acceleration,2.91,9.01,-6.11,102907.6,False,108
2026-05-21,8,8,insider-trading-signals,crazy,Insider Trading Signals,0.51,9.01,-8.5,100510.74,False,108
2026-05-21,9,9,daily-jump-in-consumer-stress-google-trends-searches-for-car,crazy,Daily Jump In Consumer Stress Google Trends Searches For Car Repossession Signals Rising Financial Distress,0.07,9.01,-8.94,100070.09,False,79
2026-05-21,10,10,earthquake-aftershock-insurance-claims-spike,crazy,Earthquake Aftershock Insurance Claims Spike,0.07,9.01,-8.94,100070.66,False,86
2026-05-21,11,11,recession-whisper-google-trends-unemployment-search-surge,crazy,Recession Whisper Google Trends Unemployment Search Surge,0.07,9.01,-8.94,100072.76,False,90
2026-05-21,12,12,weekly-google-trends-surge-in-diy-electronics-repair-signals,crazy,Weekly Google Trends Surge In Diy Electronics Repair Signals Tech Consumer Stress Lift,0.07,9.01,-8.94,100071.07,False,90
2026-05-21,13,13,weekly-surge-in-google-trends-searches-for-diy-electronics-r,crazy,Weekly Surge In Google Trends Searches For Diy Electronics Repair Signals Bullish Xlk,0.07,9.01,-8.94,100071.93,False,94
2026-05-21,14,14,price-momentum-reversion-in-defensive-sectors-after-tech-cra,crazy,Price Momentum Reversion In Defensive Sectors After Tech Crash,0.06,9.01,-8.95,100061.6,False,87
2026-05-21,15,15,earthquake-aftershock-amplifier,crazy,Earthquake Aftershock Amplifier,0.05,9.01,-8.97,100047.52,False,102
2026-05-21,16,18,google-trends-surge-in-used-car-price-searches,crazy,Google Trends Surge In Used Car Price Searches,0.04,9.01,-8.98,100038.19,False,88
2026-05-21,17,16,semiconductor-moonshot-warning,crazy,Semiconductor Moonshot Warning,0.04,9.01,-8.97,100041.43,False,102
2026-05-21,18,17,usgs-earthquake-activity-spike-near-major-freight-hubs-signa,crazy,Usgs Earthquake Activity Spike Near Major Freight Hubs Signals Temporary Freight Disruption,0.04,9.01,-8.97,100042.42,False,75
2026-05-21,19,21,daily-spike-in-rss-news-feed-for-semiconductor-chip-shortage,crazy,Daily Spike In Rss News Feed For Semiconductor Chip Shortage Signals Tech Sector Volatility,0.03,9.01,-8.99,100027.17,False,73
2026-05-21,20,19,healthcare-cost-inflation-google-trends-acceleration,crazy,Healthcare Cost Inflation Google Trends Acceleration,0.03,9.01,-8.98,100030.67,False,78
2026-05-21,21,22,materials-sector-weekly-positive-correlation-breakdown-with-,crazy,Materials Sector Weekly Positive Correlation Breakdown With Xlb,0.03,9.01,-8.99,100025.87,False,102
2026-05-21,22,20,daily-jump-in-google-trends-for-home-building-permit-delay-s,crazy,Daily Jump In Google Trends For Home Building Permit Delay Signals Local Economy Construction Stress Hurting Real Estate Sector,0.02,9.01,-8.99,100024.25,False,76
2026-05-21,23,24,daily-spike-in-usgs-earthquake-activity-near-key-industrial-,crazy,Daily Spike In Usgs Earthquake Activity Near Key Industrial Hubs,0.02,9.01,-9.0,100015.96,False,81
2026-05-21,24,23,staples-sector-drawdown-rapid-recovery,crazy,Staples Sector Drawdown Rapid Recovery,0.02,9.01,-8.99,100024.7,False,102
2026-05-21,25,26,weekly-surge-in-google-trends-for-diy-electronics-repair-sig,crazy,Weekly Surge In Google Trends For Diy Electronics Repair Signals Bullish Xlk,0.02,9.01,-9.0,100017.06,False,88
2026-05-21,26,106,healthcare-procedure-google-trends-demand-resurgence,crazy,Healthcare Procedure Google Trends Demand Resurgence,0.01,9.01,-9.01,100005.77,False,77
2026-05-21,27,25,weekly-google-trends-spike-for-diy-home-renovation-signals-b,crazy,Weekly Google Trends Spike For Diy Home Renovation Signals Bullish Consumer Staples,0.01,9.01,-9.0,100010.87,False,75
2026-05-21,28,27,airline-fuel-cost-volatility-expansion,crazy,Airline Fuel Cost Volatility Expansion,0.0,9.01,-9.01,100000.0,False,78
2026-05-21,29,28,airline-load-factor,crazy,Airline Load Factor Proxy,0.0,9.01,-9.01,100000.0,False,108
2026-05-21,30,29,airport-security-surge,crazy,Airport Security Surge,0.0,9.01,-9.01,100000.0,False,106
2026-05-21,31,30,airport-shopping-spree,crazy,Airport Shopping Spree,0.0,9.01,-9.01,100000.0,False,108
2026-05-21,32,31,appliance-shortage-supply-chain-stress,crazy,Appliance Shortage Supply Chain Stress,0.0,9.01,-9.01,100000.0,False,75
2026-05-21,33,32,bankruptcy-filing-rate,crazy,Bankruptcy Filing Rate,0.0,9.01,-9.01,100000.0,False,108
2026-05-21,34,33,calls311,crazy,311 Call Rotation,0.0,9.01,-9.01,100000.0,False,108
2026-05-21,35,34,cardboard,crazy,Cardboard Box Index,0.0,9.01,-9.01,100000.0,False,108
2026-05-21,36,35,cloud-storage-demand-surge,crazy,Cloud Storage Demand Surge,0.0,9.01,-9.01,100000.0,False,108
2026-05-21,37,36,congress,crazy,Congress Trading Fade,0.0,9.01,-9.01,100000.0,False,108
2026-05-21,38,37,consumer-sentiment,crazy,Consumer Sentiment,0.0,9.01,-9.01,100000.0,False,108
2026-05-21,39,38,consumer-stress-spike-from-google-trends-on-urgent-appliance,crazy,Consumer Stress Spike From Google Trends On Urgent Appliance Repair Searches,0.0,9.01,-9.01,100000.0,False,74
2026-05-21,40,39,craigslist,crazy,Craigslist Desperation Index,0.0,9.01,-9.01,100000.0,False,108
2026-05-21,41,40,credit-card-delinquency,crazy,Credit Card Delinquency,0.0,9.01,-9.01,100000.0,False,108
2026-05-21,42,41,crypto-capitulation-countdown,crazy,Crypto Capitulation Countdown,0.0,9.01,-9.01,100000.0,False,102
2026-05-21,43,42,crypto-derivative-arbitrage,crazy,Crypto Derivative Arbitrage,0.0,9.01,-9.01,100000.0,False,108
2026-05-21,44,43,daily-jump-in-google-trends-for-bank-account-overdraft-fees,crazy,Daily Jump In Google Trends For Bank Account Overdraft Fees,0.0,9.01,-9.01,100000.0,False,71
2026-05-21,45,44,daily-jump-in-google-trends-for-emergency-plumber-signals-ri,crazy,Daily Jump In Google Trends For Emergency Plumber Signals Rising Local Economy Stress Benefiting Staples,0.0,9.01,-9.01,100000.24,False,78
2026-05-21,46,45,daily-jump-in-google-trends-for-emergency-roadside-assistanc,crazy,Daily Jump In Google Trends For Emergency Roadside Assistance Signals Consumer Stress Impacting Discretionary Sector,0.0,9.01,-9.01,100000.0,False,77
2026-05-21,47,46,daily-jump-in-google-trends-for-food-delivery-delay-complain,crazy,Daily Jump In Google Trends For Food Delivery Delay Complaints Signals Bearish Consumer Staples,0.0,9.01,-9.01,100000.0,False,75
2026-05-21,48,47,daily-jump-in-google-trends-for-home-internet-outage-signals,crazy,Daily Jump In Google Trends For Home Internet Outage Signals Consumer Discretionary Tech Stress,0.0,9.01,-9.01,100000.0,False,73
2026-05-21,49,48,daily-jump-in-google-trends-for-solar-panel-repair-searches-,crazy,Daily Jump In Google Trends For Solar Panel Repair Searches Signals Green Energy Sector Rebound,0.0,9.01,-9.01,100000.0,False,86
2026-05-21,50,49,daily-jump-in-google-trends-for-warehouse-worker-strike-sign,crazy,Daily Jump In Google Trends For Warehouse Worker Strike Signals Labor Stress In Logistics,0.0,9.01,-9.01,100000.0,False,71
2026-05-21,51,50,daily-jump-in-google-trends-searches-for-electric-vehicle-ba,crazy,Daily Jump In Google Trends Searches For Electric Vehicle Battery Failure Signals Consumer Tech Stress,0.0,9.01,-9.01,100000.0,False,79
2026-05-21,52,51,daily-jump-in-openchargemap-ev-charger-counts-expansion-rate,crazy,Daily Jump In Openchargemap Ev Charger Counts Expansion Rate Signals Bullish Consumer Discretionary,0.0,9.01,-9.01,100000.0,False,75
2026-05-21,53,52,daily-jump-in-openchargemap-ev-charger-counts-in-key-states-,crazy,Daily Jump In Openchargemap Ev Charger Counts In Key States Signals Tech Sector Acceleration,0.0,9.01,-9.01,100000.0,False,77
2026-05-21,54,53,daily-jump-in-rss-news-counts-mentioning-labor-strike-signal,crazy,Daily Jump In Rss News Counts Mentioning Labor Strike Signals Imminent Industrial Disruption,0.0,9.01,-9.01,100000.0,False,79
2026-05-21,55,54,daily-spike-in-ev-charger-installations-signals-bullish-xlc,crazy,Daily Spike In Ev Charger Installations Signals Bullish Xlc,0.0,9.01,-9.01,100000.0,False,91
2026-05-21,56,55,daily-spike-in-freight-logistics-rss-news-volume-mentioning-,crazy,Daily Spike In Freight Logistics Rss News Volume Mentioning Port Labor Strike Triggers Bearish Xli,0.0,9.01,-9.01,100000.0,False,94
2026-05-21,57,56,daily-spike-in-google-trends-for-emergency-roadside-assistan,crazy,Daily Spike In Google Trends For Emergency Roadside Assistance Searches Signals Consumer Stress,0.0,9.01,-9.01,100000.0,False,74
2026-05-21,58,57,daily-spike-in-google-trends-for-emergency-vehicle-battery-r,crazy,Daily Spike In Google Trends For Emergency Vehicle Battery Replacement Searches Signals Auto Stress,0.0,9.01,-9.01,100000.0,False,74
2026-05-21,59,58,daily-spike-in-google-trends-for-emergency-vehicle-repair-si,crazy,Daily Spike In Google Trends For Emergency Vehicle Repair Signals Consumer Stress Lifting Industrial Sector,0.0,9.01,-9.01,100000.0,False,87
2026-05-21,60,59,daily-spike-in-google-trends-for-flu-symptom-searches-boosti,crazy,Daily Spike In Google Trends For Flu Symptom Searches Boosting Healthcare Services Demand,0.0,9.01,-9.01,100000.0,False,74
2026-05-21,61,60,daily-spike-in-google-trends-for-heating-oil-delivery-delay-,crazy,Daily Spike In Google Trends For Heating Oil Delivery Delay Signals Energy Sector Pressure,0.0,9.01,-9.01,100000.0,False,73
2026-05-21,62,61,daily-spike-in-google-trends-for-urgent-dental-surgery-signa,crazy,Daily Spike In Google Trends For Urgent Dental Surgery Signals Healthcare Demand Surge,0.0,9.01,-9.01,100000.0,False,72
2026-05-21,63,62,daily-spike-in-google-trends-searches-for-airline-flight-del,crazy,Daily Spike In Google Trends Searches For Airline Flight Delay Compensation,0.0,9.01,-9.01,100000.0,False,81
2026-05-21,64,63,daily-spike-in-google-trends-searches-for-emergency-car-batt,crazy,Daily Spike In Google Trends Searches For Emergency Car Battery Replacement Signals Consumer Stress Impacting Discretionary,0.0,9.01,-9.01,100000.0,False,86
2026-05-21,65,64,daily-spike-in-google-trends-searches-for-emergency-plumber-,crazy,Daily Spike In Google Trends Searches For Emergency Plumber Signals Consumer Home Repair Stress,0.0,9.01,-9.01,100000.0,False,79
2026-05-21,66,65,daily-spike-in-google-trends-searches-for-home-heating-syste,crazy,Daily Spike In Google Trends Searches For Home Heating System Failure Signals Winter Utility Stress,0.0,9.01,-9.01,100000.0,False,79
2026-05-21,67,66,daily-stock-price-volatility-spike-in-xlu-relative-to-spy,crazy,Daily Stock Price Volatility Spike In Xlu Relative To Spy,0.0,9.01,-9.01,100000.0,False,71
2026-05-21,68,67,daily-surge-in-google-trends-for-car-rental-price-spike-trig,crazy,Daily Surge In Google Trends For Car Rental Price Spike Triggers Travel Mobility Sector Pullback,0.0,9.01,-9.01,100000.0,False,76
2026-05-21,69,68,daily-surge-in-google-trends-for-electric-vehicle-charging-s,crazy,Daily Surge In Google Trends For Electric Vehicle Charging Station Outage Signals Green Tech Stress,0.0,9.01,-9.01,100000.0,False,71
2026-05-21,70,69,daily-surge-in-google-trends-for-emergency-food-delivery-sig,crazy,Daily Surge In Google Trends For Emergency Food Delivery Signals Consumer Stress Lifting Staples Demand,0.0,9.01,-9.01,100000.0,False,71
2026-05-21,71,70,daily-surge-in-google-trends-for-home-office-setup-signals-b,crazy,Daily Surge In Google Trends For Home Office Setup Signals Bullish Technology Sector,0.0,9.01,-9.01,100000.0,False,75
2026-05-21,72,71,daily-surge-in-google-trends-for-urgent-dental-care-searches,crazy,Daily Surge In Google Trends For Urgent Dental Care Searches Lifting Healthcare Sector,0.0,9.01,-9.01,100000.0,False,74
2026-05-21,73,72,daily-surge-in-google-trends-searches-for-home-heating-syste,crazy,Daily Surge In Google Trends Searches For Home Heating System Failure Signals Consumer Stress Impacting Utilities,0.0,9.01,-9.01,100000.0,False,87
2026-05-21,74,73,daily-surge-in-rss-news-counts-for-corporate-bond-downgrade-,crazy,Daily Surge In Rss News Counts For Corporate Bond Downgrade Signals Credit Stress Rotation,0.0,9.01,-9.01,100000.0,False,71
2026-05-21,75,74,earthquake-activity-surge-in-oil-producing-regions-signals-s,crazy,Earthquake Activity Surge In Oil-producing Regions Signals Supply Disruption Risk Premium,0.0,9.01,-9.01,100000.0,False,72
2026-05-21,76,75,earthquake-energy-demand,crazy,Earthquake Energy Demand Indicator,0.0,9.01,-9.01,100000.0,False,108
2026-05-21,77,76,electric-vehicle-charge-station-density,crazy,Electric Vehicle Charge Station Density,0.0,9.01,-9.01,100000.0,False,108
2026-05-21,78,77,electricity-demand-spike-weather-anomaly,crazy,Electricity Demand Spike Weather Anomaly,0.0,9.01,-9.01,100000.0,False,88
2026-05-21,79,78,energy-sector-sudden-weekly-volatility-spike,crazy,Energy Sector Sudden Weekly Volatility Spike,0.0,9.01,-9.01,100000.0,False,99
2026-05-21,80,79,energy-sector-weekly-drawdown-exhaustion,crazy,Energy Sector Weekly Drawdown Exhaustion,0.0,9.01,-9.01,100000.0,False,102
2026-05-21,81,80,ev-charger-buildout-acceleration-play,crazy,Ev Charger Buildout Acceleration Play,0.0,9.01,-9.01,100000.0,False,74
2026-05-21,82,81,ev-charger-density-saturation-play,crazy,Ev Charger Density Saturation Play,0.0,9.01,-9.01,100000.0,False,97
2026-05-21,83,82,ev-charger-deployment-sprint-acceleration,crazy,Ev Charger Deployment Sprint Acceleration,0.0,9.01,-9.01,100000.0,False,80
2026-05-21,84,83,ev-charger-expansion-frenzy,crazy,Ev Charger Expansion Frenzy,0.0,9.01,-9.01,100000.0,False,88
2026-05-21,85,84,ev-charger-expansion-momentum-surge,crazy,Ev Charger Expansion Momentum Surge,0.0,9.01,-9.01,100000.0,False,81
2026-05-21,86,85,ev-charger-expansion-velocity-boom,crazy,Ev Charger Expansion Velocity Boom,0.0,9.01,-9.01,100000.0,False,78
2026-05-21,87,86,ev-charger-installation-acceleration-play,crazy,Ev Charger Installation Acceleration Play,0.0,9.01,-9.01,100000.0,False,89
2026-05-21,88,87,ev-charger-network-contraction-signals-electric-vehicle-adop,crazy,Ev Charger Network Contraction Signals Electric Vehicle Adoption Slowdown,0.0,9.01,-9.01,100000.0,False,76
2026-05-21,89,88,ev-charger-network-density-jump,crazy,Ev Charger Network Density Jump,0.0,9.01,-9.01,100000.0,False,75
2026-05-21,90,89,ev-charger-network-density-surge-bullish-signal,crazy,Ev Charger Network Density Surge Bullish Signal,0.0,9.01,-9.01,100000.0,False,91
2026-05-21,91,90,ev-charger-network-expansion-acceleration,crazy,Ev Charger Network Expansion Acceleration,0.0,9.01,-9.01,100000.0,False,86
2026-05-21,92,91,ev-charger-network-expansion-sprint-demand-surge,crazy,Ev Charger Network Expansion Sprint Demand Surge,0.0,9.01,-9.01,100000.0,False,94
2026-05-21,93,92,ev-charger-network-expansion-velocity-surge,crazy,Ev Charger Network Expansion Velocity Surge,0.0,9.01,-9.01,100000.0,False,87
2026-05-21,94,93,ev-charging-boom,crazy,Ev Charging Boom,0.0,9.01,-9.01,100000.0,False,106
2026-05-21,95,94,ev-charging-station-stampede,crazy,Ev Charging Station Stampede,0.0,9.01,-9.01,100000.0,False,102
2026-05-21,96,95,ev-euphoria,crazy,Ev Euphoria,0.0,9.01,-9.01,100000.0,False,104
2026-05-21,97,96,financial-sector-momentum-divergence-with-spy,crazy,Financial Sector Momentum Divergence With Spy,0.0,9.01,-9.01,100000.0,False,102
2026-05-21,98,97,fintech-disruption-wave,crazy,Fintech Disruption Wave,0.0,9.01,-9.01,100000.0,False,106
2026-05-21,99,98,freight-rail-congestion-rss-volume-explosion,crazy,Freight Rail Congestion Rss Volume Explosion,0.0,9.01,-9.01,100000.0,False,78
2026-05-21,100,99,glassdoor,crazy,Glassdoor Misery Gradient,0.0,9.01,-9.01,100000.0,False,108
2026-05-21,101,100,global-tech-earnings-momentum,crazy,Global Tech Earnings Momentum,0.0,9.01,-9.01,100000.0,False,106
2026-05-21,102,101,gold-volatility-vol-of-vol-spike,crazy,Gold Volatility Vol-of-vol Spike,0.0,9.01,-9.01,100000.0,False,89
2026-05-21,103,102,google-trends-spike-in-bankruptcy-filing-and-debt-consolidat,crazy,Google Trends Spike In Bankruptcy Filing And Debt Consolidation Signals Consumer Default Risk Surge,0.0,9.01,-9.01,100000.0,False,76
2026-05-21,104,103,google-trends-surge-in-flight-delay-complaints,crazy,Google Trends Surge In Flight Delay Complaints,0.0,9.01,-9.01,100000.0,False,87
2026-05-21,105,104,health-insurance-deductible-shock-searches,crazy,Health Insurance Deductible Shock Searches,0.0,9.01,-9.01,100000.0,False,80
2026-05-21,106,105,healthcare-cost-shock-google-trends-spike,crazy,Healthcare Cost Shock Google Trends Spike,0.0,9.01,-9.01,100000.0,False,88
2026-05-21,107,107,high-yield-spread-regime,crazy,High Yield Spread Regime,0.0,9.01,-9.01,100000.0,False,108
2026-05-21,108,108,linkedin,crazy,LinkedIn Layoff Propagation,0.0,9.01,-9.01,100000.0,False,108
2026-05-21,109,109,lumber-futures-rollercoaster,crazy,Lumber Futures Rollercoaster,0.0,9.01,-9.01,100000.0,False,102
2026-05-21,110,110,materials-sector-weekly-volatility-contraction-breakout,crazy,Materials Sector Weekly Volatility Contraction Breakout,0.0,9.01,-9.01,100000.0,False,99
2026-05-21,111,111,mortgage-refinance-wave-google-trends-surge,crazy,Mortgage Refinance Wave Google Trends Surge,0.0,9.01,-9.01,100000.0,False,89
2026-05-21,112,112,natural-gas-demand-spike-from-unseasonable-cold-snap-detecti,crazy,Natural Gas Demand Spike From Unseasonable Cold Snap Detection,0.0,9.01,-9.01,100000.0,False,72
2026-05-21,113,113,online-ad-impression-volatility,crazy,Online Ad Impression Volatility Trader,0.0,9.01,-9.01,100000.0,False,108
2026-05-21,114,114,patent-filing-velocity,crazy,Patent Filing Velocity,0.0,9.01,-9.01,100000.0,False,99
2026-05-21,115,115,pet-emergency-vet-visit-spike,crazy,Pet Emergency Vet Visit Spike,0.0,9.01,-9.01,100000.0,False,75
2026-05-21,116,116,pet-food-supply-chain,crazy,Pet Food Supply Chain Disruption,0.0,9.01,-9.01,100000.0,False,108
2026-05-21,117,117,reddit-emoji-sentiment-spike,crazy,Reddit Emoji Sentiment Spike,0.0,9.01,-9.01,100000.0,False,108
2026-05-21,118,118,reddit-gaming-thread-spike,crazy,Reddit Gaming Thread Spike,0.0,9.01,-9.01,100000.0,False,108
2026-05-21,119,119,reddit-mentions-volatility-spike,crazy,Reddit Mentions Volatility Spike,0.0,9.01,-9.01,100000.0,False,108
2026-05-21,120,120,reddit-sentiment-spike-trend,crazy,Reddit Sentiment Spike Trend,0.0,9.01,-9.01,100000.0,False,108
2026-05-21,121,121,reddit-sentiment-spike,crazy,Reddit Sentiment Spike,0.0,9.01,-9.01,100000.0,False,108
2026-05-21,122,122,reddit-sentiment-volatility-spike,crazy,Reddit Sentiment Volatility Spike,0.0,9.01,-9.01,100000.0,False,108
2026-05-21,123,123,reddit-subreddit-mention-spike,crazy,Reddit Subreddit Mention Spike,0.0,9.01,-9.01,100000.0,False,108
2026-05-21,124,124,reddit-subreddit-sentiment-spike,crazy,Reddit Subreddit Sentiment Spike,0.0,9.01,-9.01,100000.0,False,108
2026-05-21,125,125,reddit-subreddit-surge-momentum,crazy,Reddit Subreddit Surge Momentum,0.0,9.01,-9.01,100000.0,False,108
2026-05-21,126,126,reddit-volatility-spike,crazy,Reddit Volatility Spike,0.0,9.01,-9.01,100000.0,False,108
2026-05-21,127,127,rental-car-shortage-volatility-spike,crazy,Rental Car Shortage Volatility Spike,0.0,9.01,-9.01,100000.0,False,97
2026-05-21,128,128,residential-real-estate-search-momentum-rotation,crazy,Residential Real Estate Search Momentum Rotation,0.0,9.01,-9.01,100000.0,False,81
2026-05-21,129,129,retail-rush-ahead-of-holidays,crazy,Retail Rush Ahead Of Holidays,0.0,9.01,-9.01,100000.0,False,106
2026-05-21,130,130,rss-roar,crazy,Rss Roar,0.0,9.01,-9.01,100000.0,False,104
2026-05-21,131,131,small-business-formation,crazy,Small Business Formation,0.0,9.01,-9.01,100000.0,False,108
2026-05-21,132,132,social-media-sentiment-spike,crazy,Social Media Sentiment Spike,0.0,9.01,-9.01,100000.0,False,108
2026-05-21,133,133,solar-storm-scorcher,crazy,Solar Storm Scorcher,0.0,9.01,-9.01,100000.0,False,102
2026-05-21,134,134,superbowl-futures-trade,crazy,Superbowl Futures Trade,0.0,9.01,-9.01,100000.0,False,108
2026-05-21,135,135,technology-sector-daily-ev-charger-count-surge,crazy,Technology Sector Daily Ev Charger Count Surge,0.0,9.01,-9.01,100000.0,False,102
2026-05-21,136,136,temperature-shock-energy-demand-flip,crazy,Temperature Shock Energy Demand Flip,0.0,9.01,-9.01,100000.0,False,97
2026-05-21,137,137,truck-driver-wage-search-surge,crazy,Truck Driver Wage Search Surge,0.0,9.01,-9.01,100000.0,False,74
2026-05-21,138,138,tsa,crazy,TSA Body Count,0.0,9.01,-9.01,100000.0,False,108
2026-05-21,139,139,twitter-sentiment-spike,crazy,Twitter Sentiment Spike,0.0,9.01,-9.01,100000.0,False,108
2026-05-21,140,140,utilities-sector-weekly-temperature-drop-signal,crazy,Utilities Sector Weekly Temperature Drop Signal,0.0,9.01,-9.01,100000.0,False,106
2026-05-21,141,141,utility-volatility-compression-reversion-bounce,crazy,Utility Volatility Compression Reversion Bounce,0.0,9.01,-9.01,100000.0,False,79
2026-05-21,142,142,vix-to-realized-volatility-contraction-signals-mean-reversio,crazy,Vix-to-realized Volatility Contraction Signals Mean Reversion Opportunity In Large Caps,0.0,9.01,-9.01,100000.0,False,72
2026-05-21,143,143,volatility-spike-follow-through,crazy,Volatility Spike Follow-Through,0.0,9.01,-9.01,100000.0,False,108
2026-05-21,144,144,weather-disruption-ripple-effects,crazy,Weather Disruption Ripple Effects,0.0,9.01,-9.01,100000.0,False,106
2026-05-21,145,145,weather-volatility-spike,crazy,Weather Volatility Spike,0.0,9.01,-9.01,100000.0,False,108
2026-05-21,146,146,weather-windfall,crazy,Weather Windfall,0.0,9.01,-9.01,100000.0,False,104
2026-05-21,147,147,weekly-ev-charger-expansion-in-underserved-regions,crazy,Weekly Ev Charger Expansion In Underserved Regions,0.0,9.01,-9.01,100000.0,False,71
2026-05-21,148,148,weekly-ev-charger-network-density-jump-in-rural-counties,crazy,Weekly Ev Charger Network Density Jump In Rural Counties,0.0,9.01,-9.01,100000.0,False,72
2026-05-21,149,149,weekly-google-trends-spike-for-diy-electronics-repair-signal,crazy,Weekly Google Trends Spike For Diy Electronics Repair Signals Bullish Tech Sector,0.0,9.01,-9.01,100000.0,False,86
2026-05-21,150,150,weekly-google-trends-spike-for-small-business-loan-default-s,crazy,Weekly Google Trends Spike For Small Business Loan Default Searches,0.0,9.01,-9.01,100000.0,False,81
2026-05-21,151,151,weekly-google-trends-spike-in-business-travel-rebound-signal,crazy,Weekly Google Trends Spike In Business Travel Rebound Signals Bullish Industrial Sector,0.0,9.01,-9.01,100000.0,False,75
2026-05-21,152,152,weekly-google-trends-spike-in-searches-for-food-supply-chain,crazy,Weekly Google Trends Spike In Searches For Food Supply Chain Disruptions,0.0,9.01,-9.01,100000.0,False,81
2026-05-21,153,153,weekly-google-trends-surge-for-diy-roof-repair-searches-sign,crazy,Weekly Google Trends Surge For Diy Roof Repair Searches Signals Consumer Stress Impacting Xli,0.0,9.01,-9.01,100000.0,False,86
2026-05-21,154,154,weekly-google-trends-surge-for-home-pest-control-searches-si,crazy,Weekly Google Trends Surge For Home Pest Control Searches Signals Consumer Stress Boosting Staples,0.0,9.01,-9.01,100000.0,False,86
2026-05-21,155,155,weekly-google-trends-surge-for-small-business-loan-applicati,crazy,Weekly Google Trends Surge For Small Business Loan Application Signals Financial Sector Activity Boost,0.0,9.01,-9.01,100000.0,False,77
2026-05-21,156,156,weekly-google-trends-surge-for-truck-tire-replacement-search,crazy,Weekly Google Trends Surge For Truck Tire Replacement Searches Signals Industrial Sector Repair Cycle,0.0,9.01,-9.01,100000.0,False,77
2026-05-21,157,157,weekly-google-trends-surge-for-used-truck-purchase-searches-,crazy,Weekly Google Trends Surge For Used Truck Purchase Searches Signals Bullish Freight Logistics,0.0,9.01,-9.01,100000.0,False,86
2026-05-21,158,158,weekly-google-trends-surge-in-home-heating-oil-shortage-sign,crazy,Weekly Google Trends Surge In Home Heating Oil Shortage Signals Winter Utility Stress Favoring Utilities Sector,0.0,9.01,-9.01,100000.0,False,76
2026-05-21,159,159,weekly-google-trends-surge-in-job-training-programs-signals-,crazy,Weekly Google Trends Surge In Job Training Programs Signals Bullish Industrial Sector,0.0,9.01,-9.01,100000.0,False,75
2026-05-21,160,160,weekly-google-trends-surge-in-pest-control-searches,crazy,Weekly Google Trends Surge In Pest Control Searches,0.0,9.01,-9.01,100000.0,False,71
2026-05-21,161,161,weekly-google-trends-surge-in-searches-for-diesel-fuel-price,crazy,Weekly Google Trends Surge In Searches For Diesel Fuel Price Increase,0.0,9.01,-9.01,100000.0,False,81
2026-05-21,162,162,weekly-google-trends-surge-in-searches-for-home-solar-instal,crazy,Weekly Google Trends Surge In Searches For Home Solar Installation Financing Signals Xle Bullish,0.0,9.01,-9.01,100000.0,False,86
2026-05-21,163,163,weekly-google-trends-surge-in-searches-for-truck-driver-shor,crazy,Weekly Google Trends Surge In Searches For Truck Driver Shortage,0.0,9.01,-9.01,100000.0,False,81
2026-05-21,164,164,weekly-increase-in-google-trends-for-commercial-drone-repair,crazy,Weekly Increase In Google Trends For Commercial Drone Repair Signals Tech Sector Maintenance Demand,0.0,9.01,-9.01,100000.0,False,73
2026-05-21,165,165,weekly-increase-in-google-trends-for-home-solar-panel-instal,crazy,Weekly Increase In Google Trends For Home Solar Panel Installation Delay Signals Bearish Utilities Sector,0.0,9.01,-9.01,100000.0,False,75
2026-05-21,166,166,weekly-increase-in-google-trends-for-industrial-machinery-br,crazy,Weekly Increase In Google Trends For Industrial Machinery Breakdown Signals Rising Repair Demand,0.0,9.01,-9.01,100000.0,False,72
2026-05-21,167,167,weekly-increase-in-google-trends-searches-for-bulk-shipping-,crazy,Weekly Increase In Google Trends Searches For Bulk Shipping Delay Signals Bearish Xlb,0.0,9.01,-9.01,100000.0,False,94
2026-05-21,168,168,weekly-increase-in-google-trends-searches-for-small-business,crazy,Weekly Increase In Google Trends Searches For Small Business Loan Default Signals Rising Credit Stress,0.0,9.01,-9.01,100000.0,False,79
2026-05-21,169,169,weekly-jump-in-google-trends-for-home-heating-oil-shortage-s,crazy,Weekly Jump In Google Trends For Home Heating Oil Shortage Signals Winter Energy Stress,0.0,9.01,-9.01,100000.0,False,78
2026-05-21,170,170,weekly-jump-in-google-trends-for-home-moving-truck-rental-de,crazy,Weekly Jump In Google Trends For Home Moving Truck Rental Demand Signals Housing Market Activity,0.0,9.01,-9.01,100000.0,False,71
2026-05-21,171,171,weekly-jump-in-google-trends-for-job-quitting-searches-signa,crazy,Weekly Jump In Google Trends For Job Quitting Searches Signals Labor Market Tightness Benefiting Financial Sector,0.0,9.01,-9.01,100000.0,False,77
2026-05-21,172,172,weekly-jump-in-google-trends-for-small-business-layoffs-sign,crazy,Weekly Jump In Google Trends For Small Business Layoffs Signals Consumer Discretionary Downturn,0.0,9.01,-9.01,100000.0,False,75
2026-05-21,173,173,weekly-jump-in-google-trends-for-truck-driver-shortage-signa,crazy,Weekly Jump In Google Trends For Truck Driver Shortage Signals Labor Stress In Transportation,0.0,9.01,-9.01,100000.0,False,71
2026-05-21,174,174,weekly-jump-in-google-trends-for-warehouse-automation-jobs-s,crazy,Weekly Jump In Google Trends For Warehouse Automation Jobs Signals Labor Substitution Pressure,0.0,9.01,-9.01,100000.0,False,71
2026-05-21,175,175,weekly-jump-in-google-trends-for-warehouse-labor-shortage-si,crazy,Weekly Jump In Google Trends For Warehouse Labor Shortage Signals Supply Chain Labor Stress And Industrial Sector Risk,0.0,9.01,-9.01,100000.0,False,76
2026-05-21,176,176,weekly-jump-in-google-trends-home-pest-control-emergency-sea,crazy,Weekly Jump In Google Trends Home Pest Control Emergency Searches Signals Consumer Stress And Discretionary Rebound,0.0,9.01,-9.01,100000.0,False,77
2026-05-21,177,177,weekly-jump-in-google-trends-searches-for-airport-security-d,crazy,Weekly Jump In Google Trends Searches For Airport Security Delay Signals Travel Mobility Disruptions,0.0,9.01,-9.01,100000.0,False,79
2026-05-21,178,178,weekly-rise-in-google-trends-for-commercial-truck-tire-blowo,crazy,Weekly Rise In Google Trends For Commercial Truck Tire Blowout Signals Freight Sector Caution,0.0,9.01,-9.01,100000.0,False,73
2026-05-21,179,179,weekly-rise-in-google-trends-for-freight-train-delays-signal,crazy,Weekly Rise In Google Trends For Freight Train Delays Signals Logistics Bottlenecks,0.0,9.01,-9.01,100000.0,False,71
2026-05-21,180,180,weekly-rise-in-google-trends-for-solar-panel-installation-de,crazy,Weekly Rise In Google Trends For Solar Panel Installation Delay Signals Supply Chain Issues In Green Energy,0.0,9.01,-9.01,100000.0,False,71
2026-05-21,181,181,weekly-rise-in-google-trends-for-warehouse-automation-intere,crazy,Weekly Rise In Google Trends For Warehouse Automation Interest Signals Industrial Demand,0.0,9.01,-9.01,100000.0,False,74
2026-05-21,182,182,weekly-rise-in-google-trends-for-warehouse-lighting-failure-,crazy,Weekly Rise In Google Trends For Warehouse Lighting Failure Signals Industrial Maintenance Cycle,0.0,9.01,-9.01,100000.0,False,73
2026-05-21,183,183,weekly-rise-in-google-trends-searches-for-emergency-hvac-rep,crazy,Weekly Rise In Google Trends Searches For Emergency Hvac Repair,0.0,9.01,-9.01,100000.0,False,81
2026-05-21,184,184,weekly-rise-in-google-trends-searches-for-gas-price-protest-,crazy,Weekly Rise In Google Trends Searches For Gas Price Protest Signals Bearish Xle,0.0,9.01,-9.01,100000.0,False,94
2026-05-21,185,185,weekly-rise-in-usgs-earthquake-activity-near-major-ports-sig,crazy,Weekly Rise In Usgs Earthquake Activity Near Major Ports Signals Potential Freight Disruptions,0.0,9.01,-9.01,100000.0,False,71
2026-05-21,186,186,weekly-rss-count-spike-on-warehouse-worker-injury-reports,crazy,Weekly Rss Count Spike On Warehouse Worker Injury Reports,0.0,9.01,-9.01,100000.0,False,71
2026-05-21,187,187,weekly-spike-in-food-bank-demand-google-trends-signals-consu,crazy,Weekly Spike In Food Bank Demand Google Trends Signals Consumer Staples Demand Surge,0.0,9.01,-9.01,100000.0,False,72
2026-05-21,188,188,weekly-spike-in-google-trends-for-fuel-shortage-predicts-ene,crazy,Weekly Spike In Google Trends For Fuel Shortage Predicts Energy Sector Volatility,0.0,9.01,-9.01,100000.0,False,76
2026-05-21,189,189,weekly-spike-in-google-trends-for-railway-crossing-malfuncti,crazy,Weekly Spike In Google Trends For Railway Crossing Malfunction Signals Freight Sector Risk,0.0,9.01,-9.01,100000.0,False,73
2026-05-21,190,190,weekly-spike-in-google-trends-searches-for-warehouse-automat,crazy,Weekly Spike In Google Trends Searches For Warehouse Automation Failure Signals Bearish Xli,0.0,9.01,-9.01,100000.29,False,94
2026-05-21,191,191,weekly-surge-in-google-trends-diy-home-roofing-repair-search,crazy,Weekly Surge In Google Trends Diy Home Roofing Repair Searches Signals Industrial Sector Demand Spike,0.0,9.01,-9.01,100000.0,False,77
2026-05-21,192,192,weekly-surge-in-google-trends-for-delayed-package-delivery-s,crazy,Weekly Surge In Google Trends For Delayed Package Delivery Signals Consumer Discretionary Shipping Pressure,0.0,9.01,-9.01,100000.0,False,73
2026-05-21,193,193,weekly-surge-in-google-trends-for-diy-roof-repair-signals-co,crazy,Weekly Surge In Google Trends For Diy Roof Repair Signals Consumer Stress Lifting Industrial Sector,0.0,9.01,-9.01,100000.0,False,80
2026-05-21,194,194,weekly-surge-in-google-trends-for-diy-solar-panel-repair-sig,crazy,Weekly Surge In Google Trends For Diy Solar Panel Repair Signals Green Energy Sector Rebound,0.0,9.01,-9.01,100000.0,False,87
2026-05-21,195,195,weekly-surge-in-google-trends-for-electric-scooter-theft-sig,crazy,Weekly Surge In Google Trends For Electric Scooter Theft Signals Consumer Discretionary Stress,0.0,9.01,-9.01,100000.0,False,73
2026-05-21,196,196,weekly-surge-in-google-trends-for-emergency-plumbing-repair-,crazy,Weekly Surge In Google Trends For Emergency Plumbing Repair Signals Consumer Stress Lifting Discretionary Sector,0.0,9.01,-9.01,100000.0,False,80
2026-05-21,197,197,weekly-surge-in-google-trends-for-freight-congestion-complai,crazy,Weekly Surge In Google Trends For Freight Congestion Complaints Correlating With Industrial Sector Risk,0.0,9.01,-9.01,100000.0,False,74
2026-05-21,198,198,weekly-surge-in-google-trends-for-freight-elevator-repair-si,crazy,Weekly Surge In Google Trends For Freight Elevator Repair Signals Industrial Sector Demand,0.0,9.01,-9.01,100000.0,False,73
2026-05-21,199,199,weekly-surge-in-google-trends-for-home-heating-oil-shortage-,crazy,Weekly Surge In Google Trends For Home Heating Oil Shortage Signals Bullish Xle,0.0,9.01,-9.01,100000.0,False,88
2026-05-21,200,200,weekly-surge-in-google-trends-for-job-interview-preparation-,crazy,Weekly Surge In Google Trends For Job Interview Preparation Searches,0.0,9.01,-9.01,100000.0,False,81
2026-05-21,201,201,weekly-surge-in-google-trends-for-last-minute-flight-deals-s,crazy,Weekly Surge In Google Trends For Last Minute Flight Deals Signals Travel Demand Rebound,0.0,9.01,-9.01,100000.0,False,71
2026-05-21,202,202,weekly-surge-in-google-trends-for-sudden-appliance-breakdown,crazy,Weekly Surge In Google Trends For Sudden Appliance Breakdowns Signals Discretionary Sector Rebound,0.0,9.01,-9.01,100000.0,False,77
2026-05-21,203,203,weekly-surge-in-google-trends-for-used-car-price-searches-si,crazy,Weekly Surge In Google Trends For Used Car Price Searches Signaling Consumer Cost Pressure,0.0,9.01,-9.01,100000.0,False,74
2026-05-21,204,204,weekly-surge-in-google-trends-for-warehouse-automation-signa,crazy,Weekly Surge In Google Trends For Warehouse Automation Signals Industrial Sector Demand,0.0,9.01,-9.01,100000.0,False,75
2026-05-21,205,205,weekly-surge-in-google-trends-searches-for-diy-bicycle-repai,crazy,Weekly Surge In Google Trends Searches For Diy Bicycle Repair,0.0,9.01,-9.01,100000.0,False,81
2026-05-21,206,206,weekly-surge-in-google-trends-searches-for-freight-container,crazy,Weekly Surge In Google Trends Searches For Freight Container Backlog Signals Industrial Sector Pressure,0.0,9.01,-9.01,100000.0,False,76
2026-05-21,207,207,weekly-surge-in-google-trends-searches-for-home-improvement-,crazy,Weekly Surge In Google Trends Searches For Home Improvement Loan Signals Consumer Stress Lifting Xly,0.0,9.01,-9.01,100000.0,False,94
2026-05-21,208,208,weekly-surge-in-google-trends-searches-for-warehouse-worker-,crazy,Weekly Surge In Google Trends Searches For Warehouse Worker Shortage Signals Labor Tightness,0.0,9.01,-9.01,100000.0,False,79
2026-05-21,209,209,weekly-surge-in-openchargemap-ev-charger-installations-signa,crazy,Weekly Surge In Openchargemap Ev Charger Installations Signals Bullish Xlc,0.0,9.01,-9.01,100000.0,False,96
2026-05-21,210,210,work-from-home-frenzy,crazy,Work From Home Frenzy,0.0,9.01,-9.01,100000.0,False,106
2026-05-21,211,211,xlb-daily-volatility-contraction-breakout,crazy,Xlb Daily Volatility Contraction Breakout,0.0,9.01,-9.01,100000.0,False,104
2026-05-21,212,212,xlu-weekly-cold-snap-weather-correlation,crazy,Xlu Weekly Cold Snap Weather Correlation,0.0,9.01,-9.01,100000.0,False,104
2026-05-21,213,213,xlv-google-trends-flu-search-spike,crazy,Xlv Google Trends Flu Search Spike,0.0,9.01,-9.01,100000.0,False,104
2026-05-21,214,214,yelp-closure-velocity,crazy,Yelp Closure Velocity,0.0,9.01,-9.01,100000.0,False,99
2026-05-21,215,215,yield-curve-regime,crazy,Yield Curve Regime,0.0,9.01,-9.01,100000.0,False,108
2026-05-21,216,216,daily-jump-in-google-trends-for-food-poisoning-outbreak-boos,crazy,Daily Jump In Google Trends For Food Poisoning Outbreak Boosts Healthcare Sector Demand,-0.01,9.01,-9.02,99989.37,False,73
2026-05-21,217,217,renewable-energy-rss-news-volume-surge,crazy,Renewable Energy Rss News Volume Surge,-0.01,9.01,-9.02,99989.82,False,80
2026-05-21,218,222,rss-news-volume-spike-on-corporate-bond-downgrades-signals-c,crazy,Rss News Volume Spike On Corporate Bond Downgrades Signals Credit Stress Rotation,-0.01,9.01,-9.03,99986.6,False,72
2026-05-21,219,218,weekly-google-trends-surge-for-truck-driver-shortage-signals,crazy,Weekly Google Trends Surge For Truck Driver Shortage Signals Freight Logistics Risk And Industrial Cost Pressure,-0.01,9.01,-9.02,99993.13,False,76
2026-05-21,220,219,electricity-demand-collapse-during-mild-weather,crazy,Electricity Demand Collapse During Mild Weather,-0.02,9.01,-9.03,99979.82,False,75
2026-05-21,221,220,google-trends-surge-in-luxury-good-searches,crazy,Google Trends Surge In Luxury Good Searches,-0.02,9.01,-9.03,99979.84,False,86
2026-05-21,222,221,natural-gas-futures-volatility-pump-rotation,crazy,Natural Gas Futures Volatility Pump Rotation,-0.02,9.01,-9.03,99979.83,False,79
2026-05-21,223,230,regional-earthquake-cluster-insurance-demand-spike,crazy,Regional Earthquake Cluster Insurance Demand Spike,-0.02,9.01,-9.04,99975.83,False,79
2026-05-21,224,223,temperature-extremes-power-demand-spike-utility-boost,crazy,Temperature Extremes Power Demand Spike Utility Boost,-0.02,9.01,-9.03,99979.82,False,94
2026-05-21,225,224,weather-extreme-disruption-energy-demand-spike,crazy,Weather Extreme Disruption Energy Demand Spike,-0.02,9.01,-9.03,99979.82,False,74
2026-05-21,226,225,weather-extremes-utility-demand-spike,crazy,Weather Extremes Utility Demand Spike,-0.02,9.01,-9.03,99979.82,False,78
2026-05-21,227,226,weekly-google-trends-surge-in-home-appliance-repair-searches,crazy,Weekly Google Trends Surge In Home Appliance Repair Searches Signals Bullish Consumer Discretionary,-0.02,9.01,-9.03,99982.54,False,89
2026-05-21,228,227,weekly-jump-in-rss-news-counts-for-coal-shortage-signals-inp,crazy,Weekly Jump In Rss News Counts For Coal Shortage Signals Input Cost Pressure In Materials,-0.02,9.01,-9.03,99983.85,False,71
2026-05-21,229,228,daily-spike-in-google-trends-for-home-air-purifier-repair-si,crazy,Daily Spike In Google Trends For Home Air Purifier Repair Signals Consumer Stress Rebound In Discretionary Sector,-0.03,9.01,-9.04,99971.86,False,87
2026-05-21,230,229,daily-spike-in-rss-news-counts-on-corporate-dividend-cuts,crazy,Daily Spike In Rss News Counts On Corporate Dividend Cuts,-0.03,9.01,-9.04,99972.01,False,71
2026-05-21,231,231,weekly-spike-in-google-trends-for-electric-vehicle-battery-r,crazy,Weekly Spike In Google Trends For Electric Vehicle Battery Replacement Signals Consumer Stress Lifting Industrial Sector,-0.03,9.01,-9.04,99969.08,False,80
2026-05-21,232,232,weekly-surge-in-google-trends-for-diy-plumbing-repair-signal,crazy,Weekly Surge In Google Trends For Diy Plumbing Repair Signals Consumer Stress Rebound,-0.03,9.01,-9.04,99974.29,False,90
2026-05-21,233,233,consumer-discretionary-google-trends-surge-for-sale-keywords,crazy,Consumer Discretionary Google Trends Surge For Sale Keywords,-0.04,9.01,-9.05,99960.96,False,102
2026-05-21,234,234,misery-rotation,crazy,Misery Rotation,-0.04,9.01,-9.06,99958.18,False,108
2026-05-21,235,236,weekly-spike-in-earthquake-activity-in-port-regions-signals-,crazy,Weekly Spike In Earthquake Activity In Port Regions Signals Potential Freight Logistics Disruption,-0.04,9.01,-9.06,99955.02,False,76
2026-05-21,236,235,real-estate-sector-weekly-google-trends-home-buying-surge,crazy,Real Estate Sector Weekly Google Trends Home Buying Surge,-0.05,9.01,-9.06,99954.77,False,106
2026-05-21,237,237,weekly-surge-in-google-trends-for-diy-car-maintenance-signal,crazy,Weekly Surge In Google Trends For Diy Car Maintenance Signals Rising Auto Sector Interest,-0.05,9.01,-9.06,99939.58,False,72
2026-05-21,238,238,daily-spike-in-rss-news-counts-around-labor-union-contract-n,crazy,Daily Spike In Rss News Counts Around Labor Union Contract Negotiation Signals Bearish Xlf,-0.06,9.01,-9.07,99939.5,False,94
2026-05-21,239,239,eia-electricity-demand-shock-rebound-spread,crazy,Eia Electricity Demand Shock Rebound Spread,-0.06,9.01,-9.07,99940.31,False,87
2026-05-21,240,240,travel-booking-momentum-divergence,crazy,Travel Booking Momentum Divergence,-0.06,9.01,-9.07,99943.44,False,80
2026-05-21,241,241,utility-power-grid-stress,crazy,Utility Power Grid Stress,-0.06,9.01,-9.08,99938.31,False,106
2026-05-21,242,243,daily-spike-in-google-trends-for-emergency-dental-care-signa,crazy,Daily Spike In Google Trends For Emergency Dental Care Signals Consumer Stress Impacting Health Sector,-0.07,9.01,-9.09,99927.72,False,80
2026-05-21,243,245,electricity-demand-spike-during-extreme-cold-snap-triggers-u,crazy,Electricity Demand Spike During Extreme Cold Snap Triggers Utility Sector Rally,-0.07,9.01,-9.09,99927.69,False,76
2026-05-21,244,242,daily-jump-in-rss-news-counts-for-labor-union-strikes-in-tra,crazy,Daily Jump In Rss News Counts For Labor Union Strikes In Transportation Sector,-0.08,9.01,-9.09,99920.99,False,73
2026-05-21,245,244,daily-spike-in-google-trends-searches-for-electric-vehicle-b,crazy,Daily Spike In Google Trends Searches For Electric Vehicle Battery Replacement,-0.08,9.01,-9.09,99921.33,False,81
2026-05-21,246,246,finra-dark-pool-signal,crazy,FINRA Dark Pool Signal,-0.08,9.01,-9.09,99922.36,False,99
2026-05-21,247,251,healthcare-sector-google-trends-spike-in-flu-symptoms,crazy,Healthcare Sector Google Trends Spike In Flu Symptoms,-0.08,9.01,-9.1,99917.38,False,102
2026-05-21,248,247,weekly-increase-in-usgs-earthquake-activity-within-key-logis,crazy,Weekly Increase In Usgs Earthquake Activity Within Key Logistics Hubs Signals Potential Freight Delays,-0.08,9.01,-9.09,99923.09,False,79
2026-05-21,249,248,weekly-surge-in-google-trends-searches-for-truck-driver-stri,crazy,Weekly Surge In Google Trends Searches For Truck Driver Strike Signals Imminent Logistics Disruption,-0.08,9.01,-9.09,99922.61,False,79
2026-05-21,250,249,bank-stress-index-volatility-fear-crush-reversal,crazy,Bank Stress Index Volatility Fear Crush Reversal,-0.09,9.01,-9.1,99910.26,False,94
2026-05-21,251,253,commodity-shortage-news-volume-burst,crazy,Commodity Shortage News Volume Burst,-0.09,9.01,-9.11,99907.42,False,74
2026-05-21,252,250,financial-sector-volatility-crush-trade,crazy,Financial Sector Volatility Crush Trade,-0.09,9.01,-9.1,99910.26,False,89
2026-05-21,253,252,retail-roulette,crazy,Retail Roulette,-0.09,9.01,-9.1,99913.43,False,104
2026-05-21,254,254,daily-spike-in-google-trends-for-emergency-plumber-near-me-s,crazy,Daily Spike In Google Trends For Emergency Plumber Near Me Signals Consumer Stress Lifting Home Repair Demand,-0.1,9.01,-9.11,99903.93,False,71
2026-05-21,255,258,weekly-surge-in-job-postings-for-warehouse-workers-signals-b,crazy,Weekly Surge In Job Postings For Warehouse Workers Signals Bullish Xli,-0.1,9.01,-9.12,99895.56,False,94
2026-05-21,256,260,daily-spike-in-rss-news-counts-mentioning-politician-insider,crazy,Daily Spike In Rss News Counts Mentioning Politician Insider Buying Tech Stock Signals Bullish Xlk,-0.11,9.01,-9.13,99886.48,False,94
2026-05-21,257,255,daily-surge-in-rss-news-counts-for-new-labor-union-formation,crazy,Daily Surge In Rss News Counts For New Labor Union Formations Signals Labor Market Pressure On Industrial Sector,-0.11,9.01,-9.12,99894.97,False,76
2026-05-21,258,256,rss-news-volume-spike-on-food-supply-chain-disruptions,crazy,Rss News Volume Spike On Food Supply Chain Disruptions,-0.11,9.01,-9.12,99888.83,False,86
2026-05-21,259,257,weekly-google-trends-spike-for-diy-car-repair-signals-bullis,crazy,Weekly Google Trends Spike For Diy Car Repair Signals Bullish Xly,-0.11,9.01,-9.12,99892.81,False,91
2026-05-21,260,259,daily-jump-in-google-trends-searches-for-home-renovation-per,crazy,Daily Jump In Google Trends Searches For Home Renovation Permits,-0.12,9.01,-9.13,99884.41,False,81
2026-05-21,261,261,ev-charger-network-expansion-sentiment-surge,crazy,Ev Charger Network Expansion Sentiment Surge,-0.12,9.01,-9.13,99884.44,False,77
2026-05-21,262,262,weekly-rise-in-rss-count-for-labor-strike-news-signals-indus,crazy,Weekly Rise In Rss Count For Labor Strike News Signals Industrial Sector Risk,-0.12,9.01,-9.13,99882.23,False,76
2026-05-21,263,263,google-trends-surge-in-mortgage-refinance-calculator-signals,crazy,Google Trends Surge In Mortgage Refinance Calculator Signals Rate-sensitive Financial Stress,-0.13,9.01,-9.15,99857.8,False,72
2026-05-21,264,264,oil-price-momentum-reversal-energy-sector-bounce,crazy,Oil Price Momentum Reversal Energy Sector Bounce,-0.13,9.01,-9.15,99867.3,False,91
2026-05-21,265,265,port-congestion-squeeze,crazy,Port Congestion Squeeze,-0.13,9.01,-9.15,99865.67,False,106
2026-05-21,266,270,mortgage-rate-housing-proxy,crazy,Mortgage Rate Housing Proxy,-0.14,9.01,-9.16,99856.45,False,108
2026-05-21,267,266,seismic-activity-construction-halt-signal,crazy,Seismic Activity Construction Halt Signal,-0.14,9.01,-9.15,99861.92,False,97
2026-05-21,268,267,shipping-container-squeeze-play,crazy,Shipping Container Squeeze Play,-0.14,9.01,-9.15,99860.6,False,97
2026-05-21,269,268,tremor-tension,crazy,Tremor Tension,-0.14,9.01,-9.15,99864.21,False,104
2026-05-21,270,269,utilities-sector-negative-price-gap-fill,crazy,Utilities Sector Negative Price Gap Fill,-0.14,9.01,-9.15,99859.41,False,102
2026-05-21,271,271,daily-spike-in-google-trends-for-emergency-dental-surgery-si,crazy,Daily Spike In Google Trends For Emergency Dental Surgery Signals Healthcare Consumer Stress,-0.16,9.01,-9.17,99840.86,False,73
2026-05-21,272,272,daily-jump-in-google-trends-searches-for-emergency-dental-ca,crazy,Daily Jump In Google Trends Searches For Emergency Dental Care,-0.17,9.01,-9.18,99832.34,False,81
2026-05-21,273,273,daily-jump-in-google-trends-searches-for-job-quitting-signal,crazy,Daily Jump In Google Trends Searches For Job Quitting Signals Labor Market Tightness Benefiting Consumer Discretionary,-0.17,9.01,-9.18,99834.55,False,76
2026-05-21,274,274,daily-surge-in-google-trends-for-electric-bike-repair-signal,crazy,Daily Surge In Google Trends For Electric Bike Repair Signals Bullish Consumer Discretionary,-0.17,9.01,-9.18,99828.7,False,75
2026-05-21,275,275,xlu-daily-electricity-demand-surge,crazy,Xlu Daily Electricity Demand Surge,-0.17,9.01,-9.18,99834.76,False,104
2026-05-21,276,278,daily-jump-in-google-trends-for-home-appliance-repair-signal,crazy,Daily Jump In Google Trends For Home Appliance Repair Signals Consumer Stress Lifting Consumer Staples,-0.19,9.01,-9.21,99795.5,False,76
2026-05-21,277,276,luxury-discretionary-google-trends-collapse-signal,crazy,Luxury Discretionary Google Trends Collapse Signal,-0.19,9.01,-9.2,99811.09,False,78
2026-05-21,278,277,weekly-surge-in-google-trends-for-hotel-room-shortage-signal,crazy,Weekly Surge In Google Trends For Hotel Room Shortage Signals Travel Sector Tightness,-0.19,9.01,-9.2,99814.13,False,90
2026-05-21,279,279,wage-growth-demand-surge-fast-food-google-trends,crazy,Wage Growth Demand Surge Fast Food Google Trends,-0.2,9.01,-9.21,99799.52,False,90
2026-05-21,280,282,weekly-surge-in-google-trends-searches-for-commuting-strike-,crazy,Weekly Surge In Google Trends Searches For Commuting Strike Signals Bearish Xly,-0.2,9.01,-9.22,99795.11,False,94
2026-05-21,281,283,housing-permit-velocity,crazy,Housing Permit Velocity,-0.21,9.01,-9.23,99787.68,False,108
2026-05-21,282,280,weekly-google-trends-surge-in-energy-bill-shock-signals-cons,crazy,Weekly Google Trends Surge In Energy Bill Shock Signals Consumer Stress Impacting Utilities,-0.21,9.01,-9.22,99792.72,False,90
2026-05-21,283,281,weekly-google-trends-surge-in-home-energy-bill-shock-signals,crazy,Weekly Google Trends Surge In Home Energy Bill Shock Signals Bullish Utilities,-0.21,9.01,-9.22,99792.72,False,89
2026-05-21,284,285,daily-spike-in-daily-earthquake-activity-near-major-logistic,crazy,Daily Spike In Daily Earthquake Activity Near Major Logistics Hubs Signals Bearish Xli,-0.22,9.01,-9.24,99775.64,False,94
2026-05-21,285,284,weekly-surge-in-google-trends-searches-for-city-water-outage,crazy,Weekly Surge In Google Trends Searches For City Water Outage Signals Bearish Xlre,-0.22,9.01,-9.23,99773.32,False,94
2026-05-21,286,286,weekly-rise-in-google-trends-interest-for-food-delivery-dela,crazy,Weekly Rise In Google Trends Interest For Food Delivery Delay Signals Bearish Xlp,-0.23,9.01,-9.25,99765.31,False,94
2026-05-21,287,287,daily-spike-in-rss-counts-for-cybersecurity-breach-news-trig,crazy,Daily Spike In Rss Counts For Cybersecurity Breach News Triggers Bearish Xlk,-0.25,9.01,-9.26,99754.43,False,94
2026-05-21,288,288,xlb-weekly-rss-news-count-spike-on-commodity-shortage,crazy,Xlb Weekly Rss News Count Spike On Commodity Shortage,-0.25,9.01,-9.26,99752.27,False,104
2026-05-21,289,289,electricity-enlightenment,crazy,Electricity Enlightenment,-0.26,9.01,-9.27,99740.98,False,104
2026-05-21,290,290,daily-jump-in-google-trends-for-emergency-dental-care-signal,crazy,Daily Jump In Google Trends For Emergency Dental Care Signals Consumer Stress Lifting Healthcare Sector Demand,-0.27,9.01,-9.28,99732.03,False,76
2026-05-21,291,292,weekly-surge-in-google-trends-for-inflation-hedge-gold-signa,crazy,Weekly Surge In Google Trends For Inflation Hedge Gold Signals Bullish Xlb,-0.29,9.01,-9.31,99696.68,False,91
2026-05-21,292,293,news-sentiment-rotation-fade-trade,crazy,News Sentiment Rotation Fade Trade,-0.3,9.01,-9.32,99696.7,False,97
2026-05-21,293,291,port-container-volume-surge-signals-import-demand-recovery-a,crazy,Port Container Volume Surge Signals Import Demand Recovery And Consumer Spending Rebound,-0.3,9.01,-9.31,99703.03,False,76
2026-05-21,294,295,google-trends-surge-in-logistics-job-openings-signals-labor-,crazy,Google Trends Surge In Logistics Job Openings Signals Labor Shortage In Freight,-0.31,9.01,-9.33,99675.81,False,72
2026-05-21,295,294,attention-sentiment-spike-daily-surge-in-news-rss-counts-men,crazy,Attention Sentiment Spike Daily Surge In News Rss Counts Mentioning Cyberattack Triggers Bullish Xlc,-0.32,9.01,-9.33,99678.82,False,96
2026-05-21,296,296,industrial-sector-weekly-earthquake-activity-correlation-dip,crazy,Industrial Sector Weekly Earthquake Activity Correlation Dip,-0.32,9.01,-9.33,99681.78,False,102
2026-05-21,297,297,grocery-store-foot-traffic-collapse-signal,crazy,Grocery Store Foot Traffic Collapse Signal,-0.33,9.01,-9.34,99673.9,False,97
2026-05-21,298,298,weekly-spike-in-freight-container-volumes-at-east-coast-port,crazy,Weekly Spike In Freight Container Volumes At East Coast Ports Signals Industrial Sector Strength,-0.34,9.01,-9.35,99659.38,False,77
2026-05-21,299,299,weekly-spike-in-google-trends-for-home-cooling-failure-signa,crazy,Weekly Spike In Google Trends For Home Cooling Failure Signals Bearish Xlu,-0.34,9.01,-9.35,99659.59,False,94
2026-05-21,300,300,daily-surge-in-google-trends-searches-for-electric-vehicle-c,crazy,Daily Surge In Google Trends Searches For Electric Vehicle Charging Station Outages,-0.35,9.01,-9.36,99651.01,False,81
2026-05-21,301,302,google-gusts,crazy,Google Gusts,-0.36,9.01,-9.38,99635.61,False,104
2026-05-21,302,301,xle-weekly-drawdown-rebound-signal,crazy,Xle Weekly Drawdown Rebound Signal,-0.36,9.01,-9.37,99644.75,False,104
2026-05-21,303,303,healthcare-cost-shock-google-search-spike,crazy,Healthcare Cost Shock Google Search Spike,-0.37,9.01,-9.39,99617.84,False,97
2026-05-21,304,304,daily-jump-in-google-trends-for-emergency-plumber-near-me-si,crazy,Daily Jump In Google Trends For Emergency Plumber Near Me Signals Consumer Home Repair Stress,-0.41,9.01,-9.42,99592.43,False,72
2026-05-21,305,305,weekly-google-trends-surge-in-fast-food-job-openings-signals,crazy,Weekly Google Trends Surge In Fast Food Job Openings Signals Bullish Consumer Discretionary,-0.41,9.01,-9.42,99591.53,False,89
2026-05-21,306,306,xlc-weekly-google-trends-surge-in-5g-rollout,crazy,Xlc Weekly Google Trends Surge In 5g Rollout,-0.41,9.01,-9.42,99592.39,False,104
2026-05-21,307,307,daily-spike-in-google-trends-for-emergency-plumbing-repair-s,crazy,Daily Spike In Google Trends For Emergency Plumbing Repair Signals Consumer Stress Rebound Benefiting Discretionary Sector,-0.42,9.01,-9.43,99572.85,False,87
2026-05-21,308,308,healthcare-cost-google-trends-acceleration-index,crazy,Healthcare Cost Google Trends Acceleration Index,-0.53,9.01,-9.55,99466.5,False,86
2026-05-21,309,309,daily-jump-in-google-trends-for-emergency-hvac-repair-signal,crazy,Daily Jump In Google Trends For Emergency Hvac Repair Signals Consumer Home Repair Stress,-0.56,9.01,-9.57,99442.23,False,73
2026-05-21,310,310,daily-jump-in-google-trends-searches-for-home-water-heater-r,crazy,Daily Jump In Google Trends Searches For Home Water Heater Repair Signals Consumer Stress Lifting Xly,-0.61,9.01,-9.63,99385.03,False,88
2026-05-21,311,311,liquor,crazy,Liquor Store Leading Indicator,-0.73,9.01,-9.74,99272.26,False,108
2026-05-21,312,312,weekly-surge-in-google-trends-searches-for-diy-home-repair-s,crazy,Weekly Surge In Google Trends Searches For Diy Home Repair Signals Consumer Stress Lifting Xly,-0.79,9.01,-9.8,99212.48,False,96
2026-05-21,313,313,biscotti-crazy,crazy,Algo Biscotti (Unconditional Loyalty) (alt),-0.82,9.01,-9.84,99175.8,False,108
2026-05-21,314,314,biscotti,normal,Algo Biscotti (Unconditional Loyalty),-1.13,9.01,-10.15,98867.29,False,109
2026-05-21,315,315,vix-term-structure,crazy,VIX Term Structure,-1.15,9.01,-10.16,98849.84,False,99
2026-05-21,316,316,truck-tonnage,crazy,Truck Tonnage Index,-1.36,9.01,-10.37,98641.1,False,108
2026-05-21,317,317,freight-rail-carloads,crazy,Freight Rail Carloads,-1.56,9.01,-10.57,98441.35,False,108
2026-05-21,318,318,lumber-momentum,crazy,Lumber Momentum,-1.67,9.01,-10.68,98333.28,False,108
2026-05-21,319,319,copper-momentum,crazy,Copper Momentum,-2.28,9.01,-11.3,97718.27,False,108
2026-05-21,320,320,port-container-volume,crazy,Port Container Volume,-2.68,9.01,-11.69,97320.46,False,108
2026-05-21,321,321,vix-fear-rotation,crazy,VIX Fear Rotation,-2.9,9.01,-11.91,97103.91,False,99
2026-05-21,322,322,electricity-consumption,crazy,Electricity Consumption,-4.74,9.01,-13.75,95259.25,False,108
2026-05-21,323,323,baileymol-crazy,crazy,Chaos Rotation Lab,-6.11,9.01,-15.13,93887.5,False,108
2026-05-22,1,1,simple_monthly,normal,Quantified Simple Monthly Rotation,13.09,9.44,3.64,113085.93,True,110
2026-05-22,2,2,baileymol,normal,Algo Baileymol (Chaos Monger),8.64,9.44,-0.8,108641.59,False,110
2026-05-22,3,3,faber,normal,Faber Momentum Rotation,8.27,9.44,-1.17,108267.52,False,110
2026-05-22,4,4,dmsr,normal,Antonacci Dual Momentum Sector Rotation,6.89,9.44,-2.55,106890.21,False,110
2026-05-22,5,5,uber-mobility,crazy,Uber Mobility Index,5.09,9.44,-4.36,105086.47,False,109
2026-05-22,6,6,retail-sales-momentum,crazy,Retail Sales Momentum,5.08,9.44,-4.37,105076.17,False,109
2026-05-22,7,7,job-posting-acceleration,crazy,Job Posting Acceleration,3.43,9.44,-6.01,103428.14,False,109
2026-05-22,8,8,insider-trading-signals,crazy,Insider Trading Signals,0.59,9.44,-8.85,100593.25,False,109
2026-05-22,9,9,biscotti-crazy,crazy,Algo Biscotti (Unconditional Loyalty) (alt),0.34,9.44,-9.1,100340.6,False,109
2026-05-22,10,10,finra-dark-pool-signal,crazy,FINRA Dark Pool Signal,0.27,9.44,-9.18,100265.22,False,100
2026-05-22,11,11,housing-permit-velocity,crazy,Housing Permit Velocity,0.26,9.44,-9.19,100257.19,False,109
2026-05-22,12,12,misery-rotation,crazy,Misery Rotation,0.26,9.44,-9.19,100256.85,False,109
2026-05-22,13,13,mortgage-rate-housing-proxy,crazy,Mortgage Rate Housing Proxy,0.15,9.44,-9.29,100150.44,False,109
2026-05-22,14,14,weekly-google-trends-surge-in-diy-electronics-repair-signals,crazy,Weekly Google Trends Surge In Diy Electronics Repair Signals Tech Consumer Stress Lift,0.1,9.44,-9.35,100096.23,False,91
2026-05-22,15,15,weekly-surge-in-google-trends-searches-for-diy-electronics-r,crazy,Weekly Surge In Google Trends Searches For Diy Electronics Repair Signals Bullish Xlk,0.1,9.44,-9.35,100097.09,False,95
2026-05-22,16,16,daily-jump-in-consumer-stress-google-trends-searches-for-car,crazy,Daily Jump In Consumer Stress Google Trends Searches For Car Repossession Signals Rising Financial Distress,0.07,9.44,-9.37,100070.09,False,80
2026-05-22,17,17,earthquake-aftershock-insurance-claims-spike,crazy,Earthquake Aftershock Insurance Claims Spike,0.07,9.44,-9.37,100070.66,False,87
2026-05-22,18,18,recession-whisper-google-trends-unemployment-search-surge,crazy,Recession Whisper Google Trends Unemployment Search Surge,0.07,9.44,-9.37,100072.76,False,91
2026-05-22,19,19,price-momentum-reversion-in-defensive-sectors-after-tech-cra,crazy,Price Momentum Reversion In Defensive Sectors After Tech Crash,0.06,9.44,-9.38,100061.6,False,88
2026-05-22,20,20,earthquake-aftershock-amplifier,crazy,Earthquake Aftershock Amplifier,0.05,9.44,-9.39,100047.52,False,103
2026-05-22,21,21,google-trends-surge-in-used-car-price-searches,crazy,Google Trends Surge In Used Car Price Searches,0.04,9.44,-9.4,100038.19,False,89
2026-05-22,22,22,semiconductor-moonshot-warning,crazy,Semiconductor Moonshot Warning,0.04,9.44,-9.4,100041.43,False,103
2026-05-22,23,23,usgs-earthquake-activity-spike-near-major-freight-hubs-signa,crazy,Usgs Earthquake Activity Spike Near Major Freight Hubs Signals Temporary Freight Disruption,0.04,9.44,-9.4,100042.42,False,76
2026-05-22,24,24,weekly-surge-in-google-trends-for-diy-electronics-repair-sig,crazy,Weekly Surge In Google Trends For Diy Electronics Repair Signals Bullish Xlk,0.04,9.44,-9.4,100042.2,False,89
2026-05-22,25,25,biscotti,normal,Algo Biscotti (Unconditional Loyalty),0.03,9.44,-9.41,100028.47,False,110
2026-05-22,26,28,daily-spike-in-rss-news-feed-for-semiconductor-chip-shortage,crazy,Daily Spike In Rss News Feed For Semiconductor Chip Shortage Signals Tech Sector Volatility,0.03,9.44,-9.42,100027.17,False,74
2026-05-22,27,26,healthcare-cost-inflation-google-trends-acceleration,crazy,Healthcare Cost Inflation Google Trends Acceleration,0.03,9.44,-9.41,100030.67,False,79
2026-05-22,28,29,materials-sector-weekly-positive-correlation-breakdown-with-,crazy,Materials Sector Weekly Positive Correlation Breakdown With Xlb,0.03,9.44,-9.42,100025.87,False,103
2026-05-22,29,27,daily-jump-in-google-trends-for-home-building-permit-delay-s,crazy,Daily Jump In Google Trends For Home Building Permit Delay Signals Local Economy Construction Stress Hurting Real Estate Sector,0.02,9.44,-9.42,100024.25,False,77
2026-05-22,30,31,daily-spike-in-usgs-earthquake-activity-near-key-industrial-,crazy,Daily Spike In Usgs Earthquake Activity Near Key Industrial Hubs,0.02,9.44,-9.43,100015.96,False,82
2026-05-22,31,30,staples-sector-drawdown-rapid-recovery,crazy,Staples Sector Drawdown Rapid Recovery,0.02,9.44,-9.42,100024.7,False,103
2026-05-22,32,115,healthcare-procedure-google-trends-demand-resurgence,crazy,Healthcare Procedure Google Trends Demand Resurgence,0.01,9.44,-9.44,100005.77,False,78
2026-05-22,33,136,renewable-energy-rss-news-volume-surge,crazy,Renewable Energy Rss News Volume Surge,0.01,9.44,-9.44,100006.29,False,81
2026-05-22,34,140,rss-count-surge-for-supply-chain-bottleneck-news,crazy,Rss Count Surge For Supply Chain Bottleneck News,0.01,9.44,-9.44,100006.52,False,67
2026-05-22,35,32,weekly-google-trends-spike-for-diy-home-renovation-signals-b,crazy,Weekly Google Trends Spike For Diy Home Renovation Signals Bullish Consumer Staples,0.01,9.44,-9.43,100010.87,False,76
2026-05-22,36,33,airline-fuel-cost-volatility-expansion,crazy,Airline Fuel Cost Volatility Expansion,0.0,9.44,-9.44,100000.0,False,79
2026-05-22,37,34,airline-load-factor,crazy,Airline Load Factor Proxy,0.0,9.44,-9.44,100000.0,False,109
2026-05-22,38,35,airport-security-surge,crazy,Airport Security Surge,0.0,9.44,-9.44,100000.0,False,107
2026-05-22,39,36,airport-shopping-spree,crazy,Airport Shopping Spree,0.0,9.44,-9.44,100000.0,False,109
2026-05-22,40,37,appliance-shortage-supply-chain-stress,crazy,Appliance Shortage Supply Chain Stress,0.0,9.44,-9.44,100000.0,False,76
2026-05-22,41,38,bankruptcy-filing-rate,crazy,Bankruptcy Filing Rate,0.0,9.44,-9.44,100000.0,False,109
2026-05-22,42,39,calls311,crazy,311 Call Rotation,0.0,9.44,-9.44,100000.0,False,109
2026-05-22,43,40,cardboard,crazy,Cardboard Box Index,0.0,9.44,-9.44,100000.0,False,109
2026-05-22,44,41,cloud-storage-demand-surge,crazy,Cloud Storage Demand Surge,0.0,9.44,-9.44,100000.0,False,109
2026-05-22,45,42,congress,crazy,Congress Trading Fade,0.0,9.44,-9.44,100000.0,False,109
2026-05-22,46,43,consumer-stress-spike-from-google-trends-on-urgent-appliance,crazy,Consumer Stress Spike From Google Trends On Urgent Appliance Repair Searches,0.0,9.44,-9.44,100000.0,False,75
2026-05-22,47,44,craigslist,crazy,Craigslist Desperation Index,0.0,9.44,-9.44,100000.0,False,109
2026-05-22,48,45,credit-card-delinquency,crazy,Credit Card Delinquency,0.0,9.44,-9.44,100000.0,False,109
2026-05-22,49,46,crypto-capitulation-countdown,crazy,Crypto Capitulation Countdown,0.0,9.44,-9.44,100000.0,False,103
2026-05-22,50,47,crypto-derivative-arbitrage,crazy,Crypto Derivative Arbitrage,0.0,9.44,-9.44,100000.0,False,109
2026-05-22,51,48,daily-jump-in-google-trends-for-bank-account-overdraft-fees,crazy,Daily Jump In Google Trends For Bank Account Overdraft Fees,0.0,9.44,-9.44,100000.0,False,72
2026-05-22,52,49,daily-jump-in-google-trends-for-emergency-plumber-signals-ri,crazy,Daily Jump In Google Trends For Emergency Plumber Signals Rising Local Economy Stress Benefiting Staples,0.0,9.44,-9.44,100000.24,False,79
2026-05-22,53,50,daily-jump-in-google-trends-for-emergency-roadside-assistanc,crazy,Daily Jump In Google Trends For Emergency Roadside Assistance Signals Consumer Stress Impacting Discretionary Sector,0.0,9.44,-9.44,100000.0,False,78
2026-05-22,54,51,daily-jump-in-google-trends-for-food-delivery-delay-complain,crazy,Daily Jump In Google Trends For Food Delivery Delay Complaints Signals Bearish Consumer Staples,0.0,9.44,-9.44,100000.0,False,76
2026-05-22,55,52,daily-jump-in-google-trends-for-home-internet-outage-signals,crazy,Daily Jump In Google Trends For Home Internet Outage Signals Consumer Discretionary Tech Stress,0.0,9.44,-9.44,100000.0,False,74
2026-05-22,56,53,daily-jump-in-google-trends-for-solar-panel-repair-searches-,crazy,Daily Jump In Google Trends For Solar Panel Repair Searches Signals Green Energy Sector Rebound,0.0,9.44,-9.44,100000.0,False,87
2026-05-22,57,54,daily-jump-in-google-trends-for-warehouse-worker-strike-sign,crazy,Daily Jump In Google Trends For Warehouse Worker Strike Signals Labor Stress In Logistics,0.0,9.44,-9.44,100000.0,False,72
2026-05-22,58,55,daily-jump-in-google-trends-searches-for-electric-vehicle-ba,crazy,Daily Jump In Google Trends Searches For Electric Vehicle Battery Failure Signals Consumer Tech Stress,0.0,9.44,-9.44,100000.0,False,80
2026-05-22,59,56,daily-jump-in-openchargemap-ev-charger-counts-expansion-rate,crazy,Daily Jump In Openchargemap Ev Charger Counts Expansion Rate Signals Bullish Consumer Discretionary,0.0,9.44,-9.44,100000.0,False,76
2026-05-22,60,57,daily-jump-in-openchargemap-ev-charger-counts-in-key-states-,crazy,Daily Jump In Openchargemap Ev Charger Counts In Key States Signals Tech Sector Acceleration,0.0,9.44,-9.44,100000.0,False,78
2026-05-22,61,58,daily-jump-in-rss-news-counts-mentioning-labor-strike-signal,crazy,Daily Jump In Rss News Counts Mentioning Labor Strike Signals Imminent Industrial Disruption,0.0,9.44,-9.44,100000.0,False,80
2026-05-22,62,59,daily-spike-in-ev-charger-installations-signals-bullish-xlc,crazy,Daily Spike In Ev Charger Installations Signals Bullish Xlc,0.0,9.44,-9.44,100000.0,False,92
2026-05-22,63,60,daily-spike-in-freight-logistics-rss-news-volume-mentioning-,crazy,Daily Spike In Freight Logistics Rss News Volume Mentioning Port Labor Strike Triggers Bearish Xli,0.0,9.44,-9.44,100000.0,False,95
2026-05-22,64,61,daily-spike-in-google-trends-for-emergency-roadside-assistan,crazy,Daily Spike In Google Trends For Emergency Roadside Assistance Searches Signals Consumer Stress,0.0,9.44,-9.44,100000.0,False,75
2026-05-22,65,62,daily-spike-in-google-trends-for-emergency-vehicle-battery-r,crazy,Daily Spike In Google Trends For Emergency Vehicle Battery Replacement Searches Signals Auto Stress,0.0,9.44,-9.44,100000.0,False,75
2026-05-22,66,63,daily-spike-in-google-trends-for-emergency-vehicle-repair-si,crazy,Daily Spike In Google Trends For Emergency Vehicle Repair Signals Consumer Stress Lifting Industrial Sector,0.0,9.44,-9.44,100000.0,False,88
2026-05-22,67,64,daily-spike-in-google-trends-for-flu-symptom-searches-boosti,crazy,Daily Spike In Google Trends For Flu Symptom Searches Boosting Healthcare Services Demand,0.0,9.44,-9.44,100000.0,False,75
2026-05-22,68,65,daily-spike-in-google-trends-for-heating-oil-delivery-delay-,crazy,Daily Spike In Google Trends For Heating Oil Delivery Delay Signals Energy Sector Pressure,0.0,9.44,-9.44,100000.0,False,74
2026-05-22,69,66,daily-spike-in-google-trends-for-urgent-dental-surgery-signa,crazy,Daily Spike In Google Trends For Urgent Dental Surgery Signals Healthcare Demand Surge,0.0,9.44,-9.44,100000.0,False,73
2026-05-22,70,67,daily-spike-in-google-trends-searches-for-airline-flight-del,crazy,Daily Spike In Google Trends Searches For Airline Flight Delay Compensation,0.0,9.44,-9.44,100000.0,False,82
2026-05-22,71,68,daily-spike-in-google-trends-searches-for-emergency-car-batt,crazy,Daily Spike In Google Trends Searches For Emergency Car Battery Replacement Signals Consumer Stress Impacting Discretionary,0.0,9.44,-9.44,100000.0,False,87
2026-05-22,72,69,daily-spike-in-google-trends-searches-for-emergency-plumber-,crazy,Daily Spike In Google Trends Searches For Emergency Plumber Signals Consumer Home Repair Stress,0.0,9.44,-9.44,100000.0,False,80
2026-05-22,73,70,daily-spike-in-google-trends-searches-for-home-heating-syste,crazy,Daily Spike In Google Trends Searches For Home Heating System Failure Signals Winter Utility Stress,0.0,9.44,-9.44,100000.0,False,80
2026-05-22,74,71,daily-stock-price-volatility-spike-in-xlu-relative-to-spy,crazy,Daily Stock Price Volatility Spike In Xlu Relative To Spy,0.0,9.44,-9.44,100000.0,False,72
2026-05-22,75,72,daily-surge-in-google-trends-for-car-rental-price-spike-trig,crazy,Daily Surge In Google Trends For Car Rental Price Spike Triggers Travel Mobility Sector Pullback,0.0,9.44,-9.44,100000.0,False,77
2026-05-22,76,73,daily-surge-in-google-trends-for-electric-vehicle-charging-s,crazy,Daily Surge In Google Trends For Electric Vehicle Charging Station Outage Signals Green Tech Stress,0.0,9.44,-9.44,100000.0,False,72
2026-05-22,77,74,daily-surge-in-google-trends-for-emergency-food-delivery-sig,crazy,Daily Surge In Google Trends For Emergency Food Delivery Signals Consumer Stress Lifting Staples Demand,0.0,9.44,-9.44,100000.0,False,72
2026-05-22,78,75,daily-surge-in-google-trends-for-emergency-hvac-repair-signa,crazy,Daily Surge In Google Trends For Emergency Hvac Repair Signals Consumer Stress Boosting Home Improvement,0.0,9.44,-9.44,100000.0,False,67
2026-05-22,79,76,daily-surge-in-google-trends-for-home-office-setup-signals-b,crazy,Daily Surge In Google Trends For Home Office Setup Signals Bullish Technology Sector,0.0,9.44,-9.44,100000.0,False,76
2026-05-22,80,77,daily-surge-in-google-trends-for-urgent-dental-care-searches,crazy,Daily Surge In Google Trends For Urgent Dental Care Searches Lifting Healthcare Sector,0.0,9.44,-9.44,100000.0,False,75
2026-05-22,81,78,daily-surge-in-google-trends-searches-for-home-heating-syste,crazy,Daily Surge In Google Trends Searches For Home Heating System Failure Signals Consumer Stress Impacting Utilities,0.0,9.44,-9.44,100000.0,False,88
2026-05-22,82,79,daily-surge-in-open-charge-map-ev-charger-new-install-counts,crazy,Daily Surge In Open Charge Map Ev Charger New Install Counts Signals Auto Tech Growth,0.0,9.44,-9.44,100000.0,False,67
2026-05-22,83,80,daily-surge-in-rss-news-counts-for-corporate-bond-downgrade-,crazy,Daily Surge In Rss News Counts For Corporate Bond Downgrade Signals Credit Stress Rotation,0.0,9.44,-9.44,100000.0,False,72
2026-05-22,84,81,earthquake-activity-surge-in-oil-producing-regions-signals-s,crazy,Earthquake Activity Surge In Oil-producing Regions Signals Supply Disruption Risk Premium,0.0,9.44,-9.44,100000.0,False,73
2026-05-22,85,82,earthquake-energy-demand,crazy,Earthquake Energy Demand Indicator,0.0,9.44,-9.44,100000.0,False,109
2026-05-22,86,83,electric-vehicle-charge-station-density,crazy,Electric Vehicle Charge Station Density,0.0,9.44,-9.44,100000.0,False,109
2026-05-22,87,84,electricity-demand-spike-weather-anomaly,crazy,Electricity Demand Spike Weather Anomaly,0.0,9.44,-9.44,100000.0,False,89
2026-05-22,88,85,energy-sector-sudden-weekly-volatility-spike,crazy,Energy Sector Sudden Weekly Volatility Spike,0.0,9.44,-9.44,100000.0,False,100
2026-05-22,89,86,energy-sector-weekly-drawdown-exhaustion,crazy,Energy Sector Weekly Drawdown Exhaustion,0.0,9.44,-9.44,100000.0,False,103
2026-05-22,90,87,ev-charger-buildout-acceleration-play,crazy,Ev Charger Buildout Acceleration Play,0.0,9.44,-9.44,100000.0,False,75
2026-05-22,91,88,ev-charger-density-saturation-play,crazy,Ev Charger Density Saturation Play,0.0,9.44,-9.44,100000.0,False,98
2026-05-22,92,89,ev-charger-deployment-sprint-acceleration,crazy,Ev Charger Deployment Sprint Acceleration,0.0,9.44,-9.44,100000.0,False,81
2026-05-22,93,90,ev-charger-expansion-frenzy,crazy,Ev Charger Expansion Frenzy,0.0,9.44,-9.44,100000.0,False,89
2026-05-22,94,91,ev-charger-expansion-momentum-surge,crazy,Ev Charger Expansion Momentum Surge,0.0,9.44,-9.44,100000.0,False,82
2026-05-22,95,92,ev-charger-expansion-velocity-boom,crazy,Ev Charger Expansion Velocity Boom,0.0,9.44,-9.44,100000.0,False,79
2026-05-22,96,93,ev-charger-installation-acceleration-play,crazy,Ev Charger Installation Acceleration Play,0.0,9.44,-9.44,100000.0,False,90
2026-05-22,97,94,ev-charger-network-contraction-signals-electric-vehicle-adop,crazy,Ev Charger Network Contraction Signals Electric Vehicle Adoption Slowdown,0.0,9.44,-9.44,100000.0,False,77
2026-05-22,98,95,ev-charger-network-density-jump,crazy,Ev Charger Network Density Jump,0.0,9.44,-9.44,100000.0,False,76
2026-05-22,99,96,ev-charger-network-density-surge-bullish-signal,crazy,Ev Charger Network Density Surge Bullish Signal,0.0,9.44,-9.44,100000.0,False,92
2026-05-22,100,97,ev-charger-network-expansion-acceleration,crazy,Ev Charger Network Expansion Acceleration,0.0,9.44,-9.44,100000.0,False,87
2026-05-22,101,98,ev-charger-network-expansion-sprint-demand-surge,crazy,Ev Charger Network Expansion Sprint Demand Surge,0.0,9.44,-9.44,100000.0,False,95
2026-05-22,102,99,ev-charger-network-expansion-velocity-surge,crazy,Ev Charger Network Expansion Velocity Surge,0.0,9.44,-9.44,100000.0,False,88
2026-05-22,103,100,ev-charger-rollout-acceleration-green-energy-sector-tailwind,crazy,Ev Charger Rollout Acceleration Green Energy Sector Tailwind,0.0,9.44,-9.44,100000.0,False,67
2026-05-22,104,101,ev-charging-boom,crazy,Ev Charging Boom,0.0,9.44,-9.44,100000.0,False,107
2026-05-22,105,102,ev-charging-station-stampede,crazy,Ev Charging Station Stampede,0.0,9.44,-9.44,100000.0,False,103
2026-05-22,106,103,ev-euphoria,crazy,Ev Euphoria,0.0,9.44,-9.44,100000.0,False,105
2026-05-22,107,104,financial-sector-momentum-divergence-with-spy,crazy,Financial Sector Momentum Divergence With Spy,0.0,9.44,-9.44,100000.0,False,103
2026-05-22,108,105,fintech-disruption-wave,crazy,Fintech Disruption Wave,0.0,9.44,-9.44,100000.0,False,107
2026-05-22,109,106,freight-rail-congestion-rss-volume-explosion,crazy,Freight Rail Congestion Rss Volume Explosion,0.0,9.44,-9.44,100000.0,False,79
2026-05-22,110,107,glassdoor,crazy,Glassdoor Misery Gradient,0.0,9.44,-9.44,100000.0,False,109
2026-05-22,111,108,global-tech-earnings-momentum,crazy,Global Tech Earnings Momentum,0.0,9.44,-9.44,100000.0,False,107
2026-05-22,112,109,gold-volatility-vol-of-vol-spike,crazy,Gold Volatility Vol-of-vol Spike,0.0,9.44,-9.44,100000.0,False,90
2026-05-22,113,110,google-trends-spike-in-bankruptcy-filing-and-debt-consolidat,crazy,Google Trends Spike In Bankruptcy Filing And Debt Consolidation Signals Consumer Default Risk Surge,0.0,9.44,-9.44,100000.0,False,77
2026-05-22,114,111,google-trends-surge-in-bankruptcy-search-intent,crazy,Google Trends Surge In Bankruptcy Search Intent,0.0,9.44,-9.44,100000.0,False,67
2026-05-22,115,112,google-trends-surge-in-flight-delay-complaints,crazy,Google Trends Surge In Flight Delay Complaints,0.0,9.44,-9.44,100000.0,False,88
2026-05-22,116,113,health-insurance-deductible-shock-searches,crazy,Health Insurance Deductible Shock Searches,0.0,9.44,-9.44,100000.0,False,81
2026-05-22,117,114,healthcare-cost-shock-google-trends-spike,crazy,Healthcare Cost Shock Google Trends Spike,0.0,9.44,-9.44,100000.0,False,89
2026-05-22,118,116,high-yield-spread-regime,crazy,High Yield Spread Regime,0.0,9.44,-9.44,100000.0,False,109
2026-05-22,119,117,linkedin,crazy,LinkedIn Layoff Propagation,0.0,9.44,-9.44,100000.0,False,109
2026-05-22,120,118,lumber-futures-rollercoaster,crazy,Lumber Futures Rollercoaster,0.0,9.44,-9.44,100000.0,False,103
2026-05-22,121,119,materials-sector-weekly-volatility-contraction-breakout,crazy,Materials Sector Weekly Volatility Contraction Breakout,0.0,9.44,-9.44,100000.0,False,100
2026-05-22,122,120,mortgage-refinance-wave-google-trends-surge,crazy,Mortgage Refinance Wave Google Trends Surge,0.0,9.44,-9.44,100000.0,False,90
2026-05-22,123,121,natural-gas-demand-spike-from-unseasonable-cold-snap-detecti,crazy,Natural Gas Demand Spike From Unseasonable Cold Snap Detection,0.0,9.44,-9.44,100000.0,False,73
2026-05-22,124,122,online-ad-impression-volatility,crazy,Online Ad Impression Volatility Trader,0.0,9.44,-9.44,100000.0,False,109
2026-05-22,125,123,patent-filing-velocity,crazy,Patent Filing Velocity,0.0,9.44,-9.44,100000.0,False,100
2026-05-22,126,124,pet-emergency-vet-visit-spike,crazy,Pet Emergency Vet Visit Spike,0.0,9.44,-9.44,100000.0,False,76
2026-05-22,127,125,pet-food-supply-chain,crazy,Pet Food Supply Chain Disruption,0.0,9.44,-9.44,100000.0,False,109
2026-05-22,128,126,reddit-emoji-sentiment-spike,crazy,Reddit Emoji Sentiment Spike,0.0,9.44,-9.44,100000.0,False,109
2026-05-22,129,127,reddit-gaming-thread-spike,crazy,Reddit Gaming Thread Spike,0.0,9.44,-9.44,100000.0,False,109
2026-05-22,130,128,reddit-mentions-volatility-spike,crazy,Reddit Mentions Volatility Spike,0.0,9.44,-9.44,100000.0,False,109
2026-05-22,131,129,reddit-sentiment-spike-trend,crazy,Reddit Sentiment Spike Trend,0.0,9.44,-9.44,100000.0,False,109
2026-05-22,132,130,reddit-sentiment-spike,crazy,Reddit Sentiment Spike,0.0,9.44,-9.44,100000.0,False,109
2026-05-22,133,131,reddit-sentiment-volatility-spike,crazy,Reddit Sentiment Volatility Spike,0.0,9.44,-9.44,100000.0,False,109
2026-05-22,134,132,reddit-subreddit-mention-spike,crazy,Reddit Subreddit Mention Spike,0.0,9.44,-9.44,100000.0,False,109
2026-05-22,135,133,reddit-subreddit-sentiment-spike,crazy,Reddit Subreddit Sentiment Spike,0.0,9.44,-9.44,100000.0,False,109
2026-05-22,136,134,reddit-subreddit-surge-momentum,crazy,Reddit Subreddit Surge Momentum,0.0,9.44,-9.44,100000.0,False,109
2026-05-22,137,135,reddit-volatility-spike,crazy,Reddit Volatility Spike,0.0,9.44,-9.44,100000.0,False,109
2026-05-22,138,137,rental-car-shortage-volatility-spike,crazy,Rental Car Shortage Volatility Spike,0.0,9.44,-9.44,100000.0,False,98
2026-05-22,139,138,residential-real-estate-search-momentum-rotation,crazy,Residential Real Estate Search Momentum Rotation,0.0,9.44,-9.44,100000.0,False,82
2026-05-22,140,139,retail-rush-ahead-of-holidays,crazy,Retail Rush Ahead Of Holidays,0.0,9.44,-9.44,100000.0,False,107
2026-05-22,141,141,rss-roar,crazy,Rss Roar,0.0,9.44,-9.44,100000.0,False,105
2026-05-22,142,142,small-business-formation,crazy,Small Business Formation,0.0,9.44,-9.44,100000.0,False,109
2026-05-22,143,143,social-media-sentiment-spike,crazy,Social Media Sentiment Spike,0.0,9.44,-9.44,100000.0,False,109
2026-05-22,144,144,solar-storm-scorcher,crazy,Solar Storm Scorcher,0.0,9.44,-9.44,100000.0,False,103
2026-05-22,145,145,superbowl-futures-trade,crazy,Superbowl Futures Trade,0.0,9.44,-9.44,100000.0,False,109
2026-05-22,146,146,technology-sector-daily-ev-charger-count-surge,crazy,Technology Sector Daily Ev Charger Count Surge,0.0,9.44,-9.44,100000.0,False,103
2026-05-22,147,147,temperature-shock-energy-demand-flip,crazy,Temperature Shock Energy Demand Flip,0.0,9.44,-9.44,100000.0,False,98
2026-05-22,148,148,truck-driver-wage-search-surge,crazy,Truck Driver Wage Search Surge,0.0,9.44,-9.44,100000.0,False,75
2026-05-22,149,149,tsa,crazy,TSA Body Count,0.0,9.44,-9.44,100000.0,False,109
2026-05-22,150,150,twitter-sentiment-spike,crazy,Twitter Sentiment Spike,0.0,9.44,-9.44,100000.0,False,109
2026-05-22,151,151,utilities-sector-weekly-temperature-drop-signal,crazy,Utilities Sector Weekly Temperature Drop Signal,0.0,9.44,-9.44,100000.0,False,107
2026-05-22,152,152,utility-volatility-compression-reversion-bounce,crazy,Utility Volatility Compression Reversion Bounce,0.0,9.44,-9.44,100000.0,False,80
2026-05-22,153,153,vix-to-realized-volatility-contraction-signals-mean-reversio,crazy,Vix-to-realized Volatility Contraction Signals Mean Reversion Opportunity In Large Caps,0.0,9.44,-9.44,100000.0,False,73
2026-05-22,154,154,volatility-spike-follow-through,crazy,Volatility Spike Follow-Through,0.0,9.44,-9.44,100000.0,False,109
2026-05-22,155,155,weather-disruption-ripple-effects,crazy,Weather Disruption Ripple Effects,0.0,9.44,-9.44,100000.0,False,107
2026-05-22,156,156,weather-volatility-spike,crazy,Weather Volatility Spike,0.0,9.44,-9.44,100000.0,False,109
2026-05-22,157,157,weather-windfall,crazy,Weather Windfall,0.0,9.44,-9.44,100000.0,False,105
2026-05-22,158,158,weekly-ev-charger-expansion-in-underserved-regions,crazy,Weekly Ev Charger Expansion In Underserved Regions,0.0,9.44,-9.44,100000.0,False,72
2026-05-22,159,159,weekly-ev-charger-network-density-jump-in-rural-counties,crazy,Weekly Ev Charger Network Density Jump In Rural Counties,0.0,9.44,-9.44,100000.0,False,73
2026-05-22,160,160,weekly-google-trends-spike-for-diy-electronics-repair-signal,crazy,Weekly Google Trends Spike For Diy Electronics Repair Signals Bullish Tech Sector,0.0,9.44,-9.44,100000.0,False,87
2026-05-22,161,161,weekly-google-trends-spike-for-small-business-loan-default-s,crazy,Weekly Google Trends Spike For Small Business Loan Default Searches,0.0,9.44,-9.44,100000.0,False,82
2026-05-22,162,162,weekly-google-trends-spike-for-urgent-job-resignation-search,crazy,Weekly Google Trends Spike For Urgent Job Resignation Searches Signals Labor Market Stress,0.0,9.44,-9.44,100000.0,False,67
2026-05-22,163,163,weekly-google-trends-spike-in-business-travel-rebound-signal,crazy,Weekly Google Trends Spike In Business Travel Rebound Signals Bullish Industrial Sector,0.0,9.44,-9.44,100000.0,False,76
2026-05-22,164,164,weekly-google-trends-spike-in-searches-for-food-supply-chain,crazy,Weekly Google Trends Spike In Searches For Food Supply Chain Disruptions,0.0,9.44,-9.44,100000.0,False,82
2026-05-22,165,165,weekly-google-trends-spike-in-searches-for-home-solar-panel-,crazy,Weekly Google Trends Spike In Searches For Home Solar Panel Repair Signals Green Energy Sector Repair Demand,0.0,9.44,-9.44,100000.0,False,67
2026-05-22,166,166,weekly-google-trends-surge-for-diy-roof-repair-searches-sign,crazy,Weekly Google Trends Surge For Diy Roof Repair Searches Signals Consumer Stress Impacting Xli,0.0,9.44,-9.44,100000.0,False,87
2026-05-22,167,167,weekly-google-trends-surge-for-home-pest-control-searches-si,crazy,Weekly Google Trends Surge For Home Pest Control Searches Signals Consumer Stress Boosting Staples,0.0,9.44,-9.44,100000.0,False,87
2026-05-22,168,168,weekly-google-trends-surge-for-small-business-loan-applicati,crazy,Weekly Google Trends Surge For Small Business Loan Application Signals Financial Sector Activity Boost,0.0,9.44,-9.44,100000.0,False,78
2026-05-22,169,169,weekly-google-trends-surge-for-truck-tire-replacement-search,crazy,Weekly Google Trends Surge For Truck Tire Replacement Searches Signals Industrial Sector Repair Cycle,0.0,9.44,-9.44,100000.0,False,78
2026-05-22,170,170,weekly-google-trends-surge-for-used-truck-purchase-searches-,crazy,Weekly Google Trends Surge For Used Truck Purchase Searches Signals Bullish Freight Logistics,0.0,9.44,-9.44,100000.0,False,87
2026-05-22,171,171,weekly-google-trends-surge-for-warehouse-automation-interest,crazy,Weekly Google Trends Surge For Warehouse Automation Interest Signals Industrial Tech Demand,0.0,9.44,-9.44,100000.0,False,67
2026-05-22,172,172,weekly-google-trends-surge-in-home-heating-oil-shortage-sign,crazy,Weekly Google Trends Surge In Home Heating Oil Shortage Signals Winter Utility Stress Favoring Utilities Sector,0.0,9.44,-9.44,100000.0,False,77
2026-05-22,173,173,weekly-google-trends-surge-in-job-training-programs-signals-,crazy,Weekly Google Trends Surge In Job Training Programs Signals Bullish Industrial Sector,0.0,9.44,-9.44,100000.0,False,76
2026-05-22,174,174,weekly-google-trends-surge-in-pest-control-searches,crazy,Weekly Google Trends Surge In Pest Control Searches,0.0,9.44,-9.44,100000.0,False,72
2026-05-22,175,175,weekly-google-trends-surge-in-searches-for-diesel-fuel-price,crazy,Weekly Google Trends Surge In Searches For Diesel Fuel Price Increase,0.0,9.44,-9.44,100000.0,False,82
2026-05-22,176,176,weekly-google-trends-surge-in-searches-for-home-solar-instal,crazy,Weekly Google Trends Surge In Searches For Home Solar Installation Financing Signals Xle Bullish,0.0,9.44,-9.44,100000.0,False,87
2026-05-22,177,177,weekly-google-trends-surge-in-searches-for-truck-driver-shor,crazy,Weekly Google Trends Surge In Searches For Truck Driver Shortage,0.0,9.44,-9.44,100000.0,False,82
2026-05-22,178,178,weekly-increase-in-google-trends-for-commercial-drone-repair,crazy,Weekly Increase In Google Trends For Commercial Drone Repair Signals Tech Sector Maintenance Demand,0.0,9.44,-9.44,100000.0,False,74
2026-05-22,179,179,weekly-increase-in-google-trends-for-home-solar-panel-instal,crazy,Weekly Increase In Google Trends For Home Solar Panel Installation Delay Signals Bearish Utilities Sector,0.0,9.44,-9.44,100000.0,False,76
2026-05-22,180,180,weekly-increase-in-google-trends-for-industrial-machinery-br,crazy,Weekly Increase In Google Trends For Industrial Machinery Breakdown Signals Rising Repair Demand,0.0,9.44,-9.44,100000.0,False,73
2026-05-22,181,181,weekly-increase-in-google-trends-searches-for-bulk-shipping-,crazy,Weekly Increase In Google Trends Searches For Bulk Shipping Delay Signals Bearish Xlb,0.0,9.44,-9.44,100000.0,False,95
2026-05-22,182,182,weekly-increase-in-google-trends-searches-for-small-business,crazy,Weekly Increase In Google Trends Searches For Small Business Loan Default Signals Rising Credit Stress,0.0,9.44,-9.44,100000.0,False,80
2026-05-22,183,183,weekly-jump-in-google-trends-for-home-heating-oil-shortage-s,crazy,Weekly Jump In Google Trends For Home Heating Oil Shortage Signals Winter Energy Stress,0.0,9.44,-9.44,100000.0,False,79
2026-05-22,184,184,weekly-jump-in-google-trends-for-home-moving-truck-rental-de,crazy,Weekly Jump In Google Trends For Home Moving Truck Rental Demand Signals Housing Market Activity,0.0,9.44,-9.44,100000.0,False,72
2026-05-22,185,185,weekly-jump-in-google-trends-for-job-quitting-searches-signa,crazy,Weekly Jump In Google Trends For Job Quitting Searches Signals Labor Market Tightness Benefiting Financial Sector,0.0,9.44,-9.44,100000.0,False,78
2026-05-22,186,186,weekly-jump-in-google-trends-for-small-business-layoffs-sign,crazy,Weekly Jump In Google Trends For Small Business Layoffs Signals Consumer Discretionary Downturn,0.0,9.44,-9.44,100000.0,False,76
2026-05-22,187,187,weekly-jump-in-google-trends-for-truck-driver-shortage-signa,crazy,Weekly Jump In Google Trends For Truck Driver Shortage Signals Labor Stress In Transportation,0.0,9.44,-9.44,100000.0,False,72
2026-05-22,188,188,weekly-jump-in-google-trends-for-warehouse-automation-jobs-s,crazy,Weekly Jump In Google Trends For Warehouse Automation Jobs Signals Labor Substitution Pressure,0.0,9.44,-9.44,100000.0,False,72
2026-05-22,189,189,weekly-jump-in-google-trends-for-warehouse-labor-shortage-si,crazy,Weekly Jump In Google Trends For Warehouse Labor Shortage Signals Supply Chain Labor Stress And Industrial Sector Risk,0.0,9.44,-9.44,100000.0,False,77
2026-05-22,190,190,weekly-jump-in-google-trends-home-pest-control-emergency-sea,crazy,Weekly Jump In Google Trends Home Pest Control Emergency Searches Signals Consumer Stress And Discretionary Rebound,0.0,9.44,-9.44,100000.0,False,78
2026-05-22,191,191,weekly-jump-in-google-trends-searches-for-airport-security-d,crazy,Weekly Jump In Google Trends Searches For Airport Security Delay Signals Travel Mobility Disruptions,0.0,9.44,-9.44,100000.0,False,80
2026-05-22,192,192,weekly-rise-in-google-trends-for-commercial-truck-tire-blowo,crazy,Weekly Rise In Google Trends For Commercial Truck Tire Blowout Signals Freight Sector Caution,0.0,9.44,-9.44,100000.0,False,74
2026-05-22,193,193,weekly-rise-in-google-trends-for-freight-train-delays-signal,crazy,Weekly Rise In Google Trends For Freight Train Delays Signals Logistics Bottlenecks,0.0,9.44,-9.44,100000.0,False,72
2026-05-22,194,194,weekly-rise-in-google-trends-for-solar-panel-installation-de,crazy,Weekly Rise In Google Trends For Solar Panel Installation Delay Signals Supply Chain Issues In Green Energy,0.0,9.44,-9.44,100000.0,False,72
2026-05-22,195,195,weekly-rise-in-google-trends-for-warehouse-automation-intere,crazy,Weekly Rise In Google Trends For Warehouse Automation Interest Signals Industrial Demand,0.0,9.44,-9.44,100000.0,False,75
2026-05-22,196,196,weekly-rise-in-google-trends-for-warehouse-lighting-failure-,crazy,Weekly Rise In Google Trends For Warehouse Lighting Failure Signals Industrial Maintenance Cycle,0.0,9.44,-9.44,100000.0,False,74
2026-05-22,197,197,weekly-rise-in-google-trends-searches-for-emergency-hvac-rep,crazy,Weekly Rise In Google Trends Searches For Emergency Hvac Repair,0.0,9.44,-9.44,100000.0,False,82
2026-05-22,198,198,weekly-rise-in-google-trends-searches-for-gas-price-protest-,crazy,Weekly Rise In Google Trends Searches For Gas Price Protest Signals Bearish Xle,0.0,9.44,-9.44,100000.0,False,95
2026-05-22,199,199,weekly-rise-in-usgs-earthquake-activity-near-major-ports-sig,crazy,Weekly Rise In Usgs Earthquake Activity Near Major Ports Signals Potential Freight Disruptions,0.0,9.44,-9.44,100000.0,False,72
2026-05-22,200,200,weekly-rss-count-spike-on-warehouse-worker-injury-reports,crazy,Weekly Rss Count Spike On Warehouse Worker Injury Reports,0.0,9.44,-9.44,100000.0,False,72
2026-05-22,201,201,weekly-spike-in-food-bank-demand-google-trends-signals-consu,crazy,Weekly Spike In Food Bank Demand Google Trends Signals Consumer Staples Demand Surge,0.0,9.44,-9.44,100000.0,False,73
2026-05-22,202,202,weekly-spike-in-google-trends-for-fuel-shortage-predicts-ene,crazy,Weekly Spike In Google Trends For Fuel Shortage Predicts Energy Sector Volatility,0.0,9.44,-9.44,100000.0,False,77
2026-05-22,203,203,weekly-spike-in-google-trends-for-railway-crossing-malfuncti,crazy,Weekly Spike In Google Trends For Railway Crossing Malfunction Signals Freight Sector Risk,0.0,9.44,-9.44,100000.0,False,74
2026-05-22,204,204,weekly-spike-in-google-trends-searches-for-warehouse-automat,crazy,Weekly Spike In Google Trends Searches For Warehouse Automation Failure Signals Bearish Xli,0.0,9.44,-9.44,100000.29,False,95
2026-05-22,205,205,weekly-surge-in-google-trends-diy-home-roofing-repair-search,crazy,Weekly Surge In Google Trends Diy Home Roofing Repair Searches Signals Industrial Sector Demand Spike,0.0,9.44,-9.44,100000.0,False,78
2026-05-22,206,206,weekly-surge-in-google-trends-for-car-rental-pickup-delays-s,crazy,Weekly Surge In Google Trends For Car Rental Pickup Delays Signals Travel Disruption,0.0,9.44,-9.44,100000.0,False,67
2026-05-22,207,207,weekly-surge-in-google-trends-for-delayed-package-delivery-s,crazy,Weekly Surge In Google Trends For Delayed Package Delivery Signals Consumer Discretionary Shipping Pressure,0.0,9.44,-9.44,100000.0,False,74
2026-05-22,208,208,weekly-surge-in-google-trends-for-diy-roof-repair-signals-co,crazy,Weekly Surge In Google Trends For Diy Roof Repair Signals Consumer Stress Lifting Industrial Sector,0.0,9.44,-9.44,100000.0,False,81
2026-05-22,209,209,weekly-surge-in-google-trends-for-diy-solar-panel-repair-sig,crazy,Weekly Surge In Google Trends For Diy Solar Panel Repair Signals Green Energy Sector Rebound,0.0,9.44,-9.44,100000.0,False,88
2026-05-22,210,210,weekly-surge-in-google-trends-for-electric-scooter-theft-sig,crazy,Weekly Surge In Google Trends For Electric Scooter Theft Signals Consumer Discretionary Stress,0.0,9.44,-9.44,100000.0,False,74
2026-05-22,211,211,weekly-surge-in-google-trends-for-emergency-plumbing-repair-,crazy,Weekly Surge In Google Trends For Emergency Plumbing Repair Signals Consumer Stress Lifting Discretionary Sector,0.0,9.44,-9.44,100000.0,False,81
2026-05-22,212,212,weekly-surge-in-google-trends-for-freight-congestion-complai,crazy,Weekly Surge In Google Trends For Freight Congestion Complaints Correlating With Industrial Sector Risk,0.0,9.44,-9.44,100000.0,False,75
2026-05-22,213,213,weekly-surge-in-google-trends-for-freight-elevator-repair-si,crazy,Weekly Surge In Google Trends For Freight Elevator Repair Signals Industrial Sector Demand,0.0,9.44,-9.44,100000.0,False,74
2026-05-22,214,214,weekly-surge-in-google-trends-for-home-heating-oil-shortage-,crazy,Weekly Surge In Google Trends For Home Heating Oil Shortage Signals Bullish Xle,0.0,9.44,-9.44,100000.0,False,89
2026-05-22,215,215,weekly-surge-in-google-trends-for-job-interview-preparation-,crazy,Weekly Surge In Google Trends For Job Interview Preparation Searches,0.0,9.44,-9.44,100000.0,False,82
2026-05-22,216,216,weekly-surge-in-google-trends-for-last-minute-flight-deals-s,crazy,Weekly Surge In Google Trends For Last Minute Flight Deals Signals Travel Demand Rebound,0.0,9.44,-9.44,100000.0,False,72
2026-05-22,217,217,weekly-surge-in-google-trends-for-sudden-appliance-breakdown,crazy,Weekly Surge In Google Trends For Sudden Appliance Breakdowns Signals Discretionary Sector Rebound,0.0,9.44,-9.44,100000.0,False,78
2026-05-22,218,218,weekly-surge-in-google-trends-for-used-car-price-searches-si,crazy,Weekly Surge In Google Trends For Used Car Price Searches Signaling Consumer Cost Pressure,0.0,9.44,-9.44,100000.0,False,75
2026-05-22,219,219,weekly-surge-in-google-trends-for-warehouse-automation-signa,crazy,Weekly Surge In Google Trends For Warehouse Automation Signals Industrial Sector Demand,0.0,9.44,-9.44,100000.0,False,76
2026-05-22,220,220,weekly-surge-in-google-trends-searches-for-diy-bicycle-repai,crazy,Weekly Surge In Google Trends Searches For Diy Bicycle Repair,0.0,9.44,-9.44,100000.0,False,82
2026-05-22,221,221,weekly-surge-in-google-trends-searches-for-freight-container,crazy,Weekly Surge In Google Trends Searches For Freight Container Backlog Signals Industrial Sector Pressure,0.0,9.44,-9.44,100000.0,False,77
2026-05-22,222,222,weekly-surge-in-google-trends-searches-for-home-improvement-,crazy,Weekly Surge In Google Trends Searches For Home Improvement Loan Signals Consumer Stress Lifting Xly,0.0,9.44,-9.44,100000.0,False,95
2026-05-22,223,223,weekly-surge-in-google-trends-searches-for-warehouse-worker-,crazy,Weekly Surge In Google Trends Searches For Warehouse Worker Shortage Signals Labor Tightness,0.0,9.44,-9.44,100000.0,False,80
2026-05-22,224,224,weekly-surge-in-openchargemap-ev-charger-installations-signa,crazy,Weekly Surge In Openchargemap Ev Charger Installations Signals Bullish Xlc,0.0,9.44,-9.44,100000.0,False,97
2026-05-22,225,225,work-from-home-frenzy,crazy,Work From Home Frenzy,0.0,9.44,-9.44,100000.0,False,107
2026-05-22,226,226,xlb-daily-volatility-contraction-breakout,crazy,Xlb Daily Volatility Contraction Breakout,0.0,9.44,-9.44,100000.0,False,105
2026-05-22,227,227,xlu-weekly-cold-snap-weather-correlation,crazy,Xlu Weekly Cold Snap Weather Correlation,0.0,9.44,-9.44,100000.0,False,105
2026-05-22,228,228,xlv-google-trends-flu-search-spike,crazy,Xlv Google Trends Flu Search Spike,0.0,9.44,-9.44,100000.0,False,105
2026-05-22,229,229,yelp-closure-velocity,crazy,Yelp Closure Velocity,0.0,9.44,-9.44,100000.0,False,100
2026-05-22,230,230,yield-curve-regime,crazy,Yield Curve Regime,0.0,9.44,-9.44,100000.0,False,109
2026-05-22,231,231,daily-jump-in-google-trends-for-food-poisoning-outbreak-boos,crazy,Daily Jump In Google Trends For Food Poisoning Outbreak Boosts Healthcare Sector Demand,-0.01,9.44,-9.45,99989.37,False,74
2026-05-22,232,238,rss-news-volume-spike-on-corporate-bond-downgrades-signals-c,crazy,Rss News Volume Spike On Corporate Bond Downgrades Signals Credit Stress Rotation,-0.01,9.44,-9.46,99986.6,False,73
2026-05-22,233,232,weekly-google-trends-surge-for-truck-driver-shortage-signals,crazy,Weekly Google Trends Surge For Truck Driver Shortage Signals Freight Logistics Risk And Industrial Cost Pressure,-0.01,9.44,-9.45,99993.13,False,77
2026-05-22,234,233,consumer-sentiment,crazy,Consumer Sentiment,-0.02,9.44,-9.46,99980.1,False,109
2026-05-22,235,234,daily-spike-in-rss-news-counts-on-corporate-dividend-cuts,crazy,Daily Spike In Rss News Counts On Corporate Dividend Cuts,-0.02,9.44,-9.46,99978.35,False,72
2026-05-22,236,235,electricity-demand-collapse-during-mild-weather,crazy,Electricity Demand Collapse During Mild Weather,-0.02,9.44,-9.46,99979.82,False,76
2026-05-22,237,236,google-trends-surge-in-luxury-good-searches,crazy,Google Trends Surge In Luxury Good Searches,-0.02,9.44,-9.46,99979.84,False,87
2026-05-22,238,237,natural-gas-futures-volatility-pump-rotation,crazy,Natural Gas Futures Volatility Pump Rotation,-0.02,9.44,-9.46,99979.83,False,80
2026-05-22,239,245,regional-earthquake-cluster-insurance-demand-spike,crazy,Regional Earthquake Cluster Insurance Demand Spike,-0.02,9.44,-9.47,99975.83,False,80
2026-05-22,240,239,temperature-extremes-power-demand-spike-utility-boost,crazy,Temperature Extremes Power Demand Spike Utility Boost,-0.02,9.44,-9.46,99979.82,False,95
2026-05-22,241,240,weather-extreme-disruption-energy-demand-spike,crazy,Weather Extreme Disruption Energy Demand Spike,-0.02,9.44,-9.46,99979.82,False,75
2026-05-22,242,241,weather-extremes-utility-demand-spike,crazy,Weather Extremes Utility Demand Spike,-0.02,9.44,-9.46,99979.82,False,79
2026-05-22,243,242,weekly-google-trends-surge-in-home-appliance-repair-searches,crazy,Weekly Google Trends Surge In Home Appliance Repair Searches Signals Bullish Consumer Discretionary,-0.02,9.44,-9.46,99982.54,False,90
2026-05-22,244,243,weekly-jump-in-rss-news-counts-for-coal-shortage-signals-inp,crazy,Weekly Jump In Rss News Counts For Coal Shortage Signals Input Cost Pressure In Materials,-0.02,9.44,-9.46,99983.85,False,72
2026-05-22,245,244,daily-spike-in-google-trends-for-home-air-purifier-repair-si,crazy,Daily Spike In Google Trends For Home Air Purifier Repair Signals Consumer Stress Rebound In Discretionary Sector,-0.03,9.44,-9.47,99971.86,False,88
2026-05-22,246,246,weekly-spike-in-google-trends-for-electric-vehicle-battery-r,crazy,Weekly Spike In Google Trends For Electric Vehicle Battery Replacement Signals Consumer Stress Lifting Industrial Sector,-0.03,9.44,-9.47,99969.08,False,81
2026-05-22,247,247,weekly-surge-in-google-trends-for-diy-plumbing-repair-signal,crazy,Weekly Surge In Google Trends For Diy Plumbing Repair Signals Consumer Stress Rebound,-0.03,9.44,-9.47,99974.29,False,91
2026-05-22,248,248,consumer-discretionary-google-trends-surge-for-sale-keywords,crazy,Consumer Discretionary Google Trends Surge For Sale Keywords,-0.04,9.44,-9.48,99960.96,False,103
2026-05-22,249,250,weekly-spike-in-earthquake-activity-in-port-regions-signals-,crazy,Weekly Spike In Earthquake Activity In Port Regions Signals Potential Freight Logistics Disruption,-0.04,9.44,-9.49,99955.02,False,77
2026-05-22,250,249,real-estate-sector-weekly-google-trends-home-buying-surge,crazy,Real Estate Sector Weekly Google Trends Home Buying Surge,-0.05,9.44,-9.49,99954.77,False,107
2026-05-22,251,251,weekly-surge-in-google-trends-for-diy-car-maintenance-signal,crazy,Weekly Surge In Google Trends For Diy Car Maintenance Signals Rising Auto Sector Interest,-0.05,9.44,-9.49,99939.58,False,73
2026-05-22,252,252,daily-spike-in-rss-news-counts-around-labor-union-contract-n,crazy,Daily Spike In Rss News Counts Around Labor Union Contract Negotiation Signals Bearish Xlf,-0.06,9.44,-9.5,99939.5,False,95
2026-05-22,253,253,eia-electricity-demand-shock-rebound-spread,crazy,Eia Electricity Demand Shock Rebound Spread,-0.06,9.44,-9.5,99940.31,False,88
2026-05-22,254,254,travel-booking-momentum-divergence,crazy,Travel Booking Momentum Divergence,-0.06,9.44,-9.5,99943.44,False,81
2026-05-22,255,255,utility-power-grid-stress,crazy,Utility Power Grid Stress,-0.06,9.44,-9.5,99938.31,False,107
2026-05-22,256,256,daily-spike-in-google-trends-for-emergency-dental-care-signa,crazy,Daily Spike In Google Trends For Emergency Dental Care Signals Consumer Stress Impacting Health Sector,-0.07,9.44,-9.51,99927.72,False,81
2026-05-22,257,257,electricity-demand-spike-during-extreme-cold-snap-triggers-u,crazy,Electricity Demand Spike During Extreme Cold Snap Triggers Utility Sector Rally,-0.07,9.44,-9.51,99927.69,False,77
2026-05-22,258,258,commodity-shortage-news-volume-burst,crazy,Commodity Shortage News Volume Burst,-0.08,9.44,-9.52,99917.97,False,75
2026-05-22,259,259,daily-jump-in-rss-news-counts-for-labor-union-strikes-in-tra,crazy,Daily Jump In Rss News Counts For Labor Union Strikes In Transportation Sector,-0.08,9.44,-9.52,99920.99,False,74
2026-05-22,260,260,daily-spike-in-google-trends-searches-for-electric-vehicle-b,crazy,Daily Spike In Google Trends Searches For Electric Vehicle Battery Replacement,-0.08,9.44,-9.52,99921.33,False,82
2026-05-22,261,261,healthcare-sector-google-trends-spike-in-flu-symptoms,crazy,Healthcare Sector Google Trends Spike In Flu Symptoms,-0.08,9.44,-9.52,99917.38,False,103
2026-05-22,262,262,weekly-increase-in-usgs-earthquake-activity-within-key-logis,crazy,Weekly Increase In Usgs Earthquake Activity Within Key Logistics Hubs Signals Potential Freight Delays,-0.08,9.44,-9.52,99923.09,False,80
2026-05-22,263,263,weekly-surge-in-google-trends-searches-for-truck-driver-stri,crazy,Weekly Surge In Google Trends Searches For Truck Driver Strike Signals Imminent Logistics Disruption,-0.08,9.44,-9.52,99922.61,False,80
2026-05-22,264,264,bank-stress-index-volatility-fear-crush-reversal,crazy,Bank Stress Index Volatility Fear Crush Reversal,-0.09,9.44,-9.53,99910.26,False,95
2026-05-22,265,265,financial-sector-volatility-crush-trade,crazy,Financial Sector Volatility Crush Trade,-0.09,9.44,-9.53,99910.26,False,90
2026-05-22,266,266,retail-roulette,crazy,Retail Roulette,-0.09,9.44,-9.53,99913.43,False,105
2026-05-22,267,267,weekly-surge-in-job-postings-for-warehouse-workers-signals-b,crazy,Weekly Surge In Job Postings For Warehouse Workers Signals Bullish Xli,-0.09,9.44,-9.53,99912.01,False,95
2026-05-22,268,268,daily-spike-in-google-trends-for-emergency-plumber-near-me-s,crazy,Daily Spike In Google Trends For Emergency Plumber Near Me Signals Consumer Stress Lifting Home Repair Demand,-0.1,9.44,-9.54,99903.93,False,72
2026-05-22,269,269,weekly-rise-in-rss-count-for-labor-strike-news-signals-indus,crazy,Weekly Rise In Rss Count For Labor Strike News Signals Industrial Sector Risk,-0.1,9.44,-9.54,99898.68,False,77
2026-05-22,270,273,daily-spike-in-rss-news-counts-mentioning-politician-insider,crazy,Daily Spike In Rss News Counts Mentioning Politician Insider Buying Tech Stock Signals Bullish Xlk,-0.11,9.44,-9.56,99886.48,False,95
2026-05-22,271,270,daily-surge-in-rss-news-counts-for-new-labor-union-formation,crazy,Daily Surge In Rss News Counts For New Labor Union Formations Signals Labor Market Pressure On Industrial Sector,-0.11,9.44,-9.55,99894.97,False,77
2026-05-22,272,276,rss-news-volume-spike-on-food-supply-chain-disruptions,crazy,Rss News Volume Spike On Food Supply Chain Disruptions,-0.11,9.44,-9.56,99886.87,False,87
2026-05-22,273,271,weekly-google-trends-spike-for-diy-car-repair-signals-bullis,crazy,Weekly Google Trends Spike For Diy Car Repair Signals Bullish Xly,-0.11,9.44,-9.55,99892.81,False,92
2026-05-22,274,272,daily-jump-in-google-trends-searches-for-home-renovation-per,crazy,Daily Jump In Google Trends Searches For Home Renovation Permits,-0.12,9.44,-9.56,99884.41,False,82
2026-05-22,275,274,ev-charger-network-expansion-sentiment-surge,crazy,Ev Charger Network Expansion Sentiment Surge,-0.12,9.44,-9.56,99884.44,False,78
2026-05-22,276,275,port-congestion-squeeze,crazy,Port Congestion Squeeze,-0.12,9.44,-9.56,99882.11,False,107
2026-05-22,277,280,shipping-container-squeeze-play,crazy,Shipping Container Squeeze Play,-0.12,9.44,-9.57,99877.04,False,98
2026-05-22,278,277,utilities-sector-negative-price-gap-fill,crazy,Utilities Sector Negative Price Gap Fill,-0.12,9.44,-9.56,99877.43,False,103
2026-05-22,279,278,google-trends-surge-in-mortgage-refinance-calculator-signals,crazy,Google Trends Surge In Mortgage Refinance Calculator Signals Rate-sensitive Financial Stress,-0.13,9.44,-9.57,99857.8,False,73
2026-05-22,280,279,oil-price-momentum-reversal-energy-sector-bounce,crazy,Oil Price Momentum Reversal Energy Sector Bounce,-0.13,9.44,-9.57,99867.3,False,92
2026-05-22,281,281,seismic-activity-construction-halt-signal,crazy,Seismic Activity Construction Halt Signal,-0.14,9.44,-9.58,99861.92,False,98
2026-05-22,282,282,tremor-tension,crazy,Tremor Tension,-0.14,9.44,-9.58,99864.21,False,105
2026-05-22,283,283,daily-spike-in-google-trends-for-emergency-dental-surgery-si,crazy,Daily Spike In Google Trends For Emergency Dental Surgery Signals Healthcare Consumer Stress,-0.16,9.44,-9.6,99840.86,False,74
2026-05-22,284,284,daily-jump-in-google-trends-searches-for-emergency-dental-ca,crazy,Daily Jump In Google Trends Searches For Emergency Dental Care,-0.17,9.44,-9.61,99832.34,False,82
2026-05-22,285,285,daily-jump-in-google-trends-searches-for-job-quitting-signal,crazy,Daily Jump In Google Trends Searches For Job Quitting Signals Labor Market Tightness Benefiting Consumer Discretionary,-0.17,9.44,-9.61,99834.55,False,77
2026-05-22,286,286,daily-surge-in-google-trends-for-electric-bike-repair-signal,crazy,Daily Surge In Google Trends For Electric Bike Repair Signals Bullish Consumer Discretionary,-0.17,9.44,-9.61,99828.7,False,76
2026-05-22,287,287,xlu-daily-electricity-demand-surge,crazy,Xlu Daily Electricity Demand Surge,-0.17,9.44,-9.61,99834.76,False,105
2026-05-22,288,289,daily-jump-in-google-trends-for-home-appliance-repair-signal,crazy,Daily Jump In Google Trends For Home Appliance Repair Signals Consumer Stress Lifting Consumer Staples,-0.19,9.44,-9.64,99795.5,False,77
2026-05-22,289,288,luxury-discretionary-google-trends-collapse-signal,crazy,Luxury Discretionary Google Trends Collapse Signal,-0.19,9.44,-9.63,99811.09,False,79
2026-05-22,290,290,wage-growth-demand-surge-fast-food-google-trends,crazy,Wage Growth Demand Surge Fast Food Google Trends,-0.2,9.44,-9.64,99799.52,False,91
2026-05-22,291,291,weekly-surge-in-google-trends-for-hotel-room-shortage-signal,crazy,Weekly Surge In Google Trends For Hotel Room Shortage Signals Travel Sector Tightness,-0.2,9.44,-9.64,99804.18,False,91
2026-05-22,292,292,weekly-surge-in-google-trends-searches-for-commuting-strike-,crazy,Weekly Surge In Google Trends Searches For Commuting Strike Signals Bearish Xly,-0.2,9.44,-9.64,99801.39,False,95
2026-05-22,293,296,daily-spike-in-daily-earthquake-activity-near-major-logistic,crazy,Daily Spike In Daily Earthquake Activity Near Major Logistics Hubs Signals Bearish Xli,-0.22,9.44,-9.67,99775.64,False,95
2026-05-22,294,293,weekly-google-trends-surge-in-energy-bill-shock-signals-cons,crazy,Weekly Google Trends Surge In Energy Bill Shock Signals Consumer Stress Impacting Utilities,-0.22,9.44,-9.66,99782.77,False,91
2026-05-22,295,294,weekly-google-trends-surge-in-home-energy-bill-shock-signals,crazy,Weekly Google Trends Surge In Home Energy Bill Shock Signals Bullish Utilities,-0.22,9.44,-9.66,99782.77,False,90
2026-05-22,296,295,weekly-surge-in-google-trends-searches-for-city-water-outage,crazy,Weekly Surge In Google Trends Searches For City Water Outage Signals Bearish Xlre,-0.22,9.44,-9.66,99773.32,False,95
2026-05-22,297,297,weekly-rise-in-google-trends-interest-for-food-delivery-dela,crazy,Weekly Rise In Google Trends Interest For Food Delivery Delay Signals Bearish Xlp,-0.23,9.44,-9.68,99765.31,False,95
2026-05-22,298,298,daily-spike-in-rss-counts-for-cybersecurity-breach-news-trig,crazy,Daily Spike In Rss Counts For Cybersecurity Breach News Triggers Bearish Xlk,-0.26,9.44,-9.7,99744.48,False,95
2026-05-22,299,299,electricity-enlightenment,crazy,Electricity Enlightenment,-0.26,9.44,-9.7,99740.98,False,105
2026-05-22,300,300,xlb-weekly-rss-news-count-spike-on-commodity-shortage,crazy,Xlb Weekly Rss News Count Spike On Commodity Shortage,-0.26,9.44,-9.7,99742.32,False,105
2026-05-22,301,301,daily-jump-in-google-trends-for-emergency-dental-care-signal,crazy,Daily Jump In Google Trends For Emergency Dental Care Signals Consumer Stress Lifting Healthcare Sector Demand,-0.27,9.44,-9.71,99732.03,False,77
2026-05-22,302,302,port-container-volume-surge-signals-import-demand-recovery-a,crazy,Port Container Volume Surge Signals Import Demand Recovery And Consumer Spending Rebound,-0.29,9.44,-9.73,99709.3,False,77
2026-05-22,303,305,weekly-surge-in-google-trends-for-inflation-hedge-gold-signa,crazy,Weekly Surge In Google Trends For Inflation Hedge Gold Signals Bullish Xlb,-0.29,9.44,-9.74,99696.68,False,92
2026-05-22,304,303,industrial-sector-weekly-earthquake-activity-correlation-dip,crazy,Industrial Sector Weekly Earthquake Activity Correlation Dip,-0.3,9.44,-9.74,99698.18,False,103
2026-05-22,305,304,news-sentiment-rotation-fade-trade,crazy,News Sentiment Rotation Fade Trade,-0.3,9.44,-9.74,99702.97,False,98
2026-05-22,306,306,google-trends-surge-in-logistics-job-openings-signals-labor-,crazy,Google Trends Surge In Logistics Job Openings Signals Labor Shortage In Freight,-0.31,9.44,-9.76,99675.81,False,73
2026-05-22,307,309,weekly-spike-in-freight-container-volumes-at-east-coast-port,crazy,Weekly Spike In Freight Container Volumes At East Coast Ports Signals Industrial Sector Strength,-0.32,9.44,-9.77,99675.78,False,78
2026-05-22,308,307,weekly-spike-in-google-trends-for-home-cooling-failure-signa,crazy,Weekly Spike In Google Trends For Home Cooling Failure Signals Bearish Xlu,-0.32,9.44,-9.76,99677.56,False,95
2026-05-22,309,308,attention-sentiment-spike-daily-surge-in-news-rss-counts-men,crazy,Attention Sentiment Spike Daily Surge In News Rss Counts Mentioning Cyberattack Triggers Bullish Xlc,-0.33,9.44,-9.77,99668.87,False,97
2026-05-22,310,310,grocery-store-foot-traffic-collapse-signal,crazy,Grocery Store Foot Traffic Collapse Signal,-0.34,9.44,-9.78,99663.95,False,98
2026-05-22,311,311,daily-surge-in-google-trends-searches-for-electric-vehicle-c,crazy,Daily Surge In Google Trends Searches For Electric Vehicle Charging Station Outages,-0.35,9.44,-9.79,99651.01,False,82
2026-05-22,312,312,xle-weekly-drawdown-rebound-signal,crazy,Xle Weekly Drawdown Rebound Signal,-0.36,9.44,-9.8,99644.75,False,105
2026-05-22,313,313,healthcare-cost-shock-google-search-spike,crazy,Healthcare Cost Shock Google Search Spike,-0.37,9.44,-9.81,99617.84,False,98
2026-05-22,314,314,google-gusts,crazy,Google Gusts,-0.4,9.44,-9.84,99597.93,False,105
2026-05-22,315,315,weekly-google-trends-surge-in-fast-food-job-openings-signals,crazy,Weekly Google Trends Surge In Fast Food Job Openings Signals Bullish Consumer Discretionary,-0.4,9.44,-9.84,99597.78,False,90
2026-05-22,316,316,daily-jump-in-google-trends-for-emergency-plumber-near-me-si,crazy,Daily Jump In Google Trends For Emergency Plumber Near Me Signals Consumer Home Repair Stress,-0.41,9.44,-9.85,99592.43,False,73
2026-05-22,317,317,xlc-weekly-google-trends-surge-in-5g-rollout,crazy,Xlc Weekly Google Trends Surge In 5g Rollout,-0.41,9.44,-9.85,99592.39,False,105
2026-05-22,318,318,daily-spike-in-google-trends-for-emergency-plumbing-repair-s,crazy,Daily Spike In Google Trends For Emergency Plumbing Repair Signals Consumer Stress Rebound Benefiting Discretionary Sector,-0.42,9.44,-9.86,99572.85,False,88
2026-05-22,319,319,liquor,crazy,Liquor Store Leading Indicator,-0.42,9.44,-9.86,99580.98,False,109
2026-05-22,320,320,healthcare-cost-google-trends-acceleration-index,crazy,Healthcare Cost Google Trends Acceleration Index,-0.53,9.44,-9.98,99466.5,False,87
2026-05-22,321,321,daily-jump-in-google-trends-for-emergency-hvac-repair-signal,crazy,Daily Jump In Google Trends For Emergency Hvac Repair Signals Consumer Home Repair Stress,-0.56,9.44,-10.0,99442.23,False,74
2026-05-22,322,322,vix-term-structure,crazy,VIX Term Structure,-0.59,9.44,-10.04,99405.3,False,100
2026-05-22,323,323,daily-jump-in-google-trends-searches-for-home-water-heater-r,crazy,Daily Jump In Google Trends Searches For Home Water Heater Repair Signals Consumer Stress Lifting Xly,-0.61,9.44,-10.06,99385.03,False,89
2026-05-22,324,324,weekly-surge-in-google-trends-searches-for-diy-home-repair-s,crazy,Weekly Surge In Google Trends Searches For Diy Home Repair Signals Consumer Stress Lifting Xly,-0.79,9.44,-10.23,99212.48,False,97
2026-05-22,325,325,truck-tonnage,crazy,Truck Tonnage Index,-0.91,9.44,-10.36,99085.61,False,109
2026-05-22,326,326,freight-rail-carloads,crazy,Freight Rail Carloads,-1.05,9.44,-10.49,98948.0,False,109
2026-05-22,327,327,lumber-momentum,crazy,Lumber Momentum,-1.38,9.44,-10.83,98615.49,False,109
2026-05-22,328,328,copper-momentum,crazy,Copper Momentum,-1.8,9.44,-11.24,98202.81,False,109
2026-05-22,329,329,port-container-volume,crazy,Port Container Volume,-2.18,9.44,-11.62,97820.07,False,109
2026-05-22,330,330,vix-fear-rotation,crazy,VIX Fear Rotation,-2.35,9.44,-11.79,97650.78,False,100
2026-05-22,331,331,electricity-consumption,crazy,Electricity Consumption,-4.25,9.44,-13.69,95748.28,False,109
2026-05-22,332,332,baileymol-crazy,crazy,Chaos Rotation Lab,-6.02,9.44,-15.47,93975.35,False,109
2026-05-23,1,1,simple_monthly,normal,Quantified Simple Monthly Rotation,13.09,9.44,3.64,113085.93,True,111
2026-05-23,2,2,baileymol,normal,Algo Baileymol (Chaos Monger),8.64,9.44,-0.8,108641.59,False,111
2026-05-23,3,3,faber,normal,Faber Momentum Rotation,8.27,9.44,-1.17,108267.52,False,111
2026-05-23,4,4,dmsr,normal,Antonacci Dual Momentum Sector Rotation,6.89,9.44,-2.55,106890.21,False,111
2026-05-23,5,5,uber-mobility,crazy,Uber Mobility Index,5.09,9.44,-4.36,105086.47,False,110
2026-05-23,6,6,retail-sales-momentum,crazy,Retail Sales Momentum,5.08,9.44,-4.37,105076.17,False,110
2026-05-23,7,7,job-posting-acceleration,crazy,Job Posting Acceleration,3.43,9.44,-6.01,103428.14,False,110
2026-05-23,8,8,insider-trading-signals,crazy,Insider Trading Signals,0.59,9.44,-8.85,100593.25,False,110
2026-05-23,9,9,biscotti-crazy,crazy,Algo Biscotti (Unconditional Loyalty) (alt),0.34,9.44,-9.1,100340.6,False,110
2026-05-23,10,10,finra-dark-pool-signal,crazy,FINRA Dark Pool Signal,0.27,9.44,-9.18,100265.22,False,101
2026-05-23,11,11,housing-permit-velocity,crazy,Housing Permit Velocity,0.26,9.44,-9.19,100257.19,False,110
2026-05-23,12,12,misery-rotation,crazy,Misery Rotation,0.26,9.44,-9.19,100256.85,False,110
2026-05-23,13,13,mortgage-rate-housing-proxy,crazy,Mortgage Rate Housing Proxy,0.15,9.44,-9.29,100150.44,False,110
2026-05-23,14,14,weekly-google-trends-surge-in-diy-electronics-repair-signals,crazy,Weekly Google Trends Surge In Diy Electronics Repair Signals Tech Consumer Stress Lift,0.09,9.44,-9.36,100086.28,False,92
2026-05-23,15,15,weekly-surge-in-google-trends-searches-for-diy-electronics-r,crazy,Weekly Surge In Google Trends Searches For Diy Electronics Repair Signals Bullish Xlk,0.09,9.44,-9.36,100087.14,False,96
2026-05-23,16,16,daily-jump-in-consumer-stress-google-trends-searches-for-car,crazy,Daily Jump In Consumer Stress Google Trends Searches For Car Repossession Signals Rising Financial Distress,0.07,9.44,-9.37,100070.09,False,81
2026-05-23,17,17,earthquake-aftershock-insurance-claims-spike,crazy,Earthquake Aftershock Insurance Claims Spike,0.07,9.44,-9.37,100070.66,False,88
2026-05-23,18,18,recession-whisper-google-trends-unemployment-search-surge,crazy,Recession Whisper Google Trends Unemployment Search Surge,0.07,9.44,-9.37,100072.76,False,92
2026-05-23,19,19,price-momentum-reversion-in-defensive-sectors-after-tech-cra,crazy,Price Momentum Reversion In Defensive Sectors After Tech Crash,0.06,9.44,-9.38,100061.6,False,89
2026-05-23,20,20,earthquake-aftershock-amplifier,crazy,Earthquake Aftershock Amplifier,0.05,9.44,-9.39,100047.52,False,104
2026-05-23,21,21,google-trends-surge-in-used-car-price-searches,crazy,Google Trends Surge In Used Car Price Searches,0.04,9.44,-9.4,100038.19,False,90
2026-05-23,22,22,semiconductor-moonshot-warning,crazy,Semiconductor Moonshot Warning,0.04,9.44,-9.4,100041.43,False,104
2026-05-23,23,23,usgs-earthquake-activity-spike-near-major-freight-hubs-signa,crazy,Usgs Earthquake Activity Spike Near Major Freight Hubs Signals Temporary Freight Disruption,0.04,9.44,-9.4,100042.42,False,77
2026-05-23,24,24,biscotti,normal,Algo Biscotti (Unconditional Loyalty),0.03,9.44,-9.41,100028.47,False,111
2026-05-23,25,25,healthcare-cost-inflation-google-trends-acceleration,crazy,Healthcare Cost Inflation Google Trends Acceleration,0.03,9.44,-9.41,100030.67,False,80
2026-05-23,26,29,materials-sector-weekly-positive-correlation-breakdown-with-,crazy,Materials Sector Weekly Positive Correlation Breakdown With Xlb,0.03,9.44,-9.42,100025.87,False,104
2026-05-23,27,26,weekly-surge-in-google-trends-for-diy-electronics-repair-sig,crazy,Weekly Surge In Google Trends For Diy Electronics Repair Signals Bullish Xlk,0.03,9.44,-9.41,100032.25,False,90
2026-05-23,28,27,daily-jump-in-google-trends-for-home-building-permit-delay-s,crazy,Daily Jump In Google Trends For Home Building Permit Delay Signals Local Economy Construction Stress Hurting Real Estate Sector,0.02,9.44,-9.42,100024.25,False,78
2026-05-23,29,28,daily-spike-in-rss-news-feed-for-semiconductor-chip-shortage,crazy,Daily Spike In Rss News Feed For Semiconductor Chip Shortage Signals Tech Sector Volatility,0.02,9.44,-9.42,100017.22,False,75
2026-05-23,30,31,daily-spike-in-usgs-earthquake-activity-near-key-industrial-,crazy,Daily Spike In Usgs Earthquake Activity Near Key Industrial Hubs,0.02,9.44,-9.43,100015.96,False,83
2026-05-23,31,30,staples-sector-drawdown-rapid-recovery,crazy,Staples Sector Drawdown Rapid Recovery,0.02,9.44,-9.42,100024.7,False,104
2026-05-23,32,118,healthcare-procedure-google-trends-demand-resurgence,crazy,Healthcare Procedure Google Trends Demand Resurgence,0.01,9.44,-9.44,100005.77,False,79
2026-05-23,33,139,renewable-energy-rss-news-volume-surge,crazy,Renewable Energy Rss News Volume Surge,0.01,9.44,-9.44,100006.29,False,82
2026-05-23,34,143,rss-count-surge-for-supply-chain-bottleneck-news,crazy,Rss Count Surge For Supply Chain Bottleneck News,0.01,9.44,-9.44,100006.52,False,68
2026-05-23,35,32,weekly-google-trends-spike-for-diy-home-renovation-signals-b,crazy,Weekly Google Trends Spike For Diy Home Renovation Signals Bullish Consumer Staples,0.01,9.44,-9.43,100010.87,False,77
2026-05-23,36,33,airline-fuel-cost-volatility-expansion,crazy,Airline Fuel Cost Volatility Expansion,0.0,9.44,-9.44,100000.0,False,80
2026-05-23,37,34,airline-load-factor,crazy,Airline Load Factor Proxy,0.0,9.44,-9.44,100000.0,False,110
2026-05-23,38,35,airport-security-surge,crazy,Airport Security Surge,0.0,9.44,-9.44,100000.0,False,108
2026-05-23,39,36,airport-shopping-spree,crazy,Airport Shopping Spree,0.0,9.44,-9.44,100000.0,False,110
2026-05-23,40,37,appliance-shortage-supply-chain-stress,crazy,Appliance Shortage Supply Chain Stress,0.0,9.44,-9.44,100000.0,False,77
2026-05-23,41,38,bankruptcy-filing-rate,crazy,Bankruptcy Filing Rate,0.0,9.44,-9.44,100000.0,False,110
2026-05-23,42,39,calls311,crazy,311 Call Rotation,0.0,9.44,-9.44,100000.0,False,110
2026-05-23,43,40,cardboard,crazy,Cardboard Box Index,0.0,9.44,-9.44,100000.0,False,110
2026-05-23,44,41,cloud-storage-demand-surge,crazy,Cloud Storage Demand Surge,0.0,9.44,-9.44,100000.0,False,110
2026-05-23,45,42,congress,crazy,Congress Trading Fade,0.0,9.44,-9.44,100000.0,False,110
2026-05-23,46,43,consumer-stress-spike-from-google-trends-on-urgent-appliance,crazy,Consumer Stress Spike From Google Trends On Urgent Appliance Repair Searches,0.0,9.44,-9.44,100000.0,False,76
2026-05-23,47,44,craigslist,crazy,Craigslist Desperation Index,0.0,9.44,-9.44,100000.0,False,110
2026-05-23,48,45,credit-card-delinquency,crazy,Credit Card Delinquency,0.0,9.44,-9.44,100000.0,False,110
2026-05-23,49,46,crypto-capitulation-countdown,crazy,Crypto Capitulation Countdown,0.0,9.44,-9.44,100000.0,False,104
2026-05-23,50,47,crypto-derivative-arbitrage,crazy,Crypto Derivative Arbitrage,0.0,9.44,-9.44,100000.0,False,110
2026-05-23,51,48,daily-jump-in-google-trends-for-bank-account-overdraft-fees,crazy,Daily Jump In Google Trends For Bank Account Overdraft Fees,0.0,9.44,-9.44,100000.0,False,73
2026-05-23,52,49,daily-jump-in-google-trends-for-emergency-dental-surgery-sig,crazy,Daily Jump In Google Trends For Emergency Dental Surgery Signals Healthcare Consumer Stress,0.0,9.44,-9.44,100000.0,False,67
2026-05-23,53,50,daily-jump-in-google-trends-for-emergency-plumber-signals-ri,crazy,Daily Jump In Google Trends For Emergency Plumber Signals Rising Local Economy Stress Benefiting Staples,0.0,9.44,-9.44,100000.24,False,80
2026-05-23,54,51,daily-jump-in-google-trends-for-emergency-roadside-assistanc,crazy,Daily Jump In Google Trends For Emergency Roadside Assistance Signals Consumer Stress Impacting Discretionary Sector,0.0,9.44,-9.44,100000.0,False,79
2026-05-23,55,52,daily-jump-in-google-trends-for-food-delivery-delay-complain,crazy,Daily Jump In Google Trends For Food Delivery Delay Complaints Signals Bearish Consumer Staples,0.0,9.44,-9.44,100000.0,False,77
2026-05-23,56,53,daily-jump-in-google-trends-for-home-internet-outage-signals,crazy,Daily Jump In Google Trends For Home Internet Outage Signals Consumer Discretionary Tech Stress,0.0,9.44,-9.44,100000.0,False,75
2026-05-23,57,54,daily-jump-in-google-trends-for-solar-panel-repair-searches-,crazy,Daily Jump In Google Trends For Solar Panel Repair Searches Signals Green Energy Sector Rebound,0.0,9.44,-9.44,100000.0,False,88
2026-05-23,58,55,daily-jump-in-google-trends-for-warehouse-worker-strike-sign,crazy,Daily Jump In Google Trends For Warehouse Worker Strike Signals Labor Stress In Logistics,0.0,9.44,-9.44,100000.0,False,73
2026-05-23,59,56,daily-jump-in-google-trends-searches-for-electric-vehicle-ba,crazy,Daily Jump In Google Trends Searches For Electric Vehicle Battery Failure Signals Consumer Tech Stress,0.0,9.44,-9.44,100000.0,False,81
2026-05-23,60,57,daily-jump-in-openchargemap-ev-charger-counts-expansion-rate,crazy,Daily Jump In Openchargemap Ev Charger Counts Expansion Rate Signals Bullish Consumer Discretionary,0.0,9.44,-9.44,100000.0,False,77
2026-05-23,61,58,daily-jump-in-openchargemap-ev-charger-counts-in-key-states-,crazy,Daily Jump In Openchargemap Ev Charger Counts In Key States Signals Tech Sector Acceleration,0.0,9.44,-9.44,100000.0,False,79
2026-05-23,62,59,daily-jump-in-rss-news-counts-mentioning-labor-strike-signal,crazy,Daily Jump In Rss News Counts Mentioning Labor Strike Signals Imminent Industrial Disruption,0.0,9.44,-9.44,100000.0,False,81
2026-05-23,63,60,daily-spike-in-ev-charger-installations-signals-bullish-xlc,crazy,Daily Spike In Ev Charger Installations Signals Bullish Xlc,0.0,9.44,-9.44,100000.0,False,93
2026-05-23,64,61,daily-spike-in-freight-logistics-rss-news-volume-mentioning-,crazy,Daily Spike In Freight Logistics Rss News Volume Mentioning Port Labor Strike Triggers Bearish Xli,0.0,9.44,-9.44,100000.0,False,96
2026-05-23,65,62,daily-spike-in-google-trends-for-emergency-roadside-assistan,crazy,Daily Spike In Google Trends For Emergency Roadside Assistance Searches Signals Consumer Stress,0.0,9.44,-9.44,100000.0,False,76
2026-05-23,66,63,daily-spike-in-google-trends-for-emergency-vehicle-battery-r,crazy,Daily Spike In Google Trends For Emergency Vehicle Battery Replacement Searches Signals Auto Stress,0.0,9.44,-9.44,100000.0,False,76
2026-05-23,67,64,daily-spike-in-google-trends-for-emergency-vehicle-repair-si,crazy,Daily Spike In Google Trends For Emergency Vehicle Repair Signals Consumer Stress Lifting Industrial Sector,0.0,9.44,-9.44,100000.0,False,89
2026-05-23,68,65,daily-spike-in-google-trends-for-flu-symptom-searches-boosti,crazy,Daily Spike In Google Trends For Flu Symptom Searches Boosting Healthcare Services Demand,0.0,9.44,-9.44,100000.0,False,76
2026-05-23,69,66,daily-spike-in-google-trends-for-heating-oil-delivery-delay-,crazy,Daily Spike In Google Trends For Heating Oil Delivery Delay Signals Energy Sector Pressure,0.0,9.44,-9.44,100000.0,False,75
2026-05-23,70,67,daily-spike-in-google-trends-for-urgent-dental-surgery-signa,crazy,Daily Spike In Google Trends For Urgent Dental Surgery Signals Healthcare Demand Surge,0.0,9.44,-9.44,100000.0,False,74
2026-05-23,71,68,daily-spike-in-google-trends-searches-for-airline-flight-del,crazy,Daily Spike In Google Trends Searches For Airline Flight Delay Compensation,0.0,9.44,-9.44,100000.0,False,83
2026-05-23,72,69,daily-spike-in-google-trends-searches-for-emergency-car-batt,crazy,Daily Spike In Google Trends Searches For Emergency Car Battery Replacement Signals Consumer Stress Impacting Discretionary,0.0,9.44,-9.44,100000.0,False,88
2026-05-23,73,70,daily-spike-in-google-trends-searches-for-emergency-plumber-,crazy,Daily Spike In Google Trends Searches For Emergency Plumber Signals Consumer Home Repair Stress,0.0,9.44,-9.44,100000.0,False,81
2026-05-23,74,71,daily-spike-in-google-trends-searches-for-home-heating-syste,crazy,Daily Spike In Google Trends Searches For Home Heating System Failure Signals Winter Utility Stress,0.0,9.44,-9.44,100000.0,False,81
2026-05-23,75,72,daily-spike-in-rss-news-count-for-semiconductor-equipment-or,crazy,Daily Spike In Rss News Count For Semiconductor Equipment Orders Signals Chip Sector Rebound,0.0,9.44,-9.44,100000.0,False,67
2026-05-23,76,73,daily-stock-price-volatility-spike-in-xlu-relative-to-spy,crazy,Daily Stock Price Volatility Spike In Xlu Relative To Spy,0.0,9.44,-9.44,100000.0,False,73
2026-05-23,77,74,daily-surge-in-google-trends-for-car-rental-price-spike-trig,crazy,Daily Surge In Google Trends For Car Rental Price Spike Triggers Travel Mobility Sector Pullback,0.0,9.44,-9.44,100000.0,False,78
2026-05-23,78,75,daily-surge-in-google-trends-for-electric-vehicle-charging-s,crazy,Daily Surge In Google Trends For Electric Vehicle Charging Station Outage Signals Green Tech Stress,0.0,9.44,-9.44,100000.0,False,73
2026-05-23,79,76,daily-surge-in-google-trends-for-emergency-food-delivery-sig,crazy,Daily Surge In Google Trends For Emergency Food Delivery Signals Consumer Stress Lifting Staples Demand,0.0,9.44,-9.44,100000.0,False,73
2026-05-23,80,77,daily-surge-in-google-trends-for-emergency-hvac-repair-signa,crazy,Daily Surge In Google Trends For Emergency Hvac Repair Signals Consumer Stress Boosting Home Improvement,0.0,9.44,-9.44,100000.0,False,68
2026-05-23,81,78,daily-surge-in-google-trends-for-home-office-setup-signals-b,crazy,Daily Surge In Google Trends For Home Office Setup Signals Bullish Technology Sector,0.0,9.44,-9.44,100000.0,False,77
2026-05-23,82,79,daily-surge-in-google-trends-for-urgent-dental-care-searches,crazy,Daily Surge In Google Trends For Urgent Dental Care Searches Lifting Healthcare Sector,0.0,9.44,-9.44,100000.0,False,76
2026-05-23,83,80,daily-surge-in-google-trends-searches-for-home-heating-syste,crazy,Daily Surge In Google Trends Searches For Home Heating System Failure Signals Consumer Stress Impacting Utilities,0.0,9.44,-9.44,100000.0,False,89
2026-05-23,84,81,daily-surge-in-open-charge-map-ev-charger-new-install-counts,crazy,Daily Surge In Open Charge Map Ev Charger New Install Counts Signals Auto Tech Growth,0.0,9.44,-9.44,100000.0,False,68
2026-05-23,85,82,daily-surge-in-rss-news-counts-for-corporate-bond-downgrade-,crazy,Daily Surge In Rss News Counts For Corporate Bond Downgrade Signals Credit Stress Rotation,0.0,9.44,-9.44,100000.0,False,73
2026-05-23,86,83,daily-surge-in-rss-news-counts-on-corporate-dividend-increas,crazy,Daily Surge In Rss News Counts On Corporate Dividend Increases Signals Financial Sector Strength,0.0,9.44,-9.44,100000.0,False,67
2026-05-23,87,84,earthquake-activity-surge-in-oil-producing-regions-signals-s,crazy,Earthquake Activity Surge In Oil-producing Regions Signals Supply Disruption Risk Premium,0.0,9.44,-9.44,100000.0,False,74
2026-05-23,88,85,earthquake-energy-demand,crazy,Earthquake Energy Demand Indicator,0.0,9.44,-9.44,100000.0,False,110
2026-05-23,89,86,electric-vehicle-charge-station-density,crazy,Electric Vehicle Charge Station Density,0.0,9.44,-9.44,100000.0,False,110
2026-05-23,90,87,electricity-demand-spike-weather-anomaly,crazy,Electricity Demand Spike Weather Anomaly,0.0,9.44,-9.44,100000.0,False,90
2026-05-23,91,88,energy-sector-sudden-weekly-volatility-spike,crazy,Energy Sector Sudden Weekly Volatility Spike,0.0,9.44,-9.44,100000.0,False,101
2026-05-23,92,89,energy-sector-weekly-drawdown-exhaustion,crazy,Energy Sector Weekly Drawdown Exhaustion,0.0,9.44,-9.44,100000.0,False,104
2026-05-23,93,90,ev-charger-buildout-acceleration-play,crazy,Ev Charger Buildout Acceleration Play,0.0,9.44,-9.44,100000.0,False,76
2026-05-23,94,91,ev-charger-density-saturation-play,crazy,Ev Charger Density Saturation Play,0.0,9.44,-9.44,100000.0,False,99
2026-05-23,95,92,ev-charger-deployment-sprint-acceleration,crazy,Ev Charger Deployment Sprint Acceleration,0.0,9.44,-9.44,100000.0,False,82
2026-05-23,96,93,ev-charger-expansion-frenzy,crazy,Ev Charger Expansion Frenzy,0.0,9.44,-9.44,100000.0,False,90
2026-05-23,97,94,ev-charger-expansion-momentum-surge,crazy,Ev Charger Expansion Momentum Surge,0.0,9.44,-9.44,100000.0,False,83
2026-05-23,98,95,ev-charger-expansion-velocity-boom,crazy,Ev Charger Expansion Velocity Boom,0.0,9.44,-9.44,100000.0,False,80
2026-05-23,99,96,ev-charger-installation-acceleration-play,crazy,Ev Charger Installation Acceleration Play,0.0,9.44,-9.44,100000.0,False,91
2026-05-23,100,97,ev-charger-network-contraction-signals-electric-vehicle-adop,crazy,Ev Charger Network Contraction Signals Electric Vehicle Adoption Slowdown,0.0,9.44,-9.44,100000.0,False,78
2026-05-23,101,98,ev-charger-network-density-jump,crazy,Ev Charger Network Density Jump,0.0,9.44,-9.44,100000.0,False,77
2026-05-23,102,99,ev-charger-network-density-surge-bullish-signal,crazy,Ev Charger Network Density Surge Bullish Signal,0.0,9.44,-9.44,100000.0,False,93
2026-05-23,103,100,ev-charger-network-expansion-acceleration,crazy,Ev Charger Network Expansion Acceleration,0.0,9.44,-9.44,100000.0,False,88
2026-05-23,104,101,ev-charger-network-expansion-sprint-demand-surge,crazy,Ev Charger Network Expansion Sprint Demand Surge,0.0,9.44,-9.44,100000.0,False,96
2026-05-23,105,102,ev-charger-network-expansion-velocity-surge,crazy,Ev Charger Network Expansion Velocity Surge,0.0,9.44,-9.44,100000.0,False,89
2026-05-23,106,103,ev-charger-rollout-acceleration-green-energy-sector-tailwind,crazy,Ev Charger Rollout Acceleration Green Energy Sector Tailwind,0.0,9.44,-9.44,100000.0,False,68
2026-05-23,107,104,ev-charging-boom,crazy,Ev Charging Boom,0.0,9.44,-9.44,100000.0,False,108
2026-05-23,108,105,ev-charging-station-stampede,crazy,Ev Charging Station Stampede,0.0,9.44,-9.44,100000.0,False,104
2026-05-23,109,106,ev-euphoria,crazy,Ev Euphoria,0.0,9.44,-9.44,100000.0,False,106
2026-05-23,110,107,financial-sector-momentum-divergence-with-spy,crazy,Financial Sector Momentum Divergence With Spy,0.0,9.44,-9.44,100000.0,False,104
2026-05-23,111,108,fintech-disruption-wave,crazy,Fintech Disruption Wave,0.0,9.44,-9.44,100000.0,False,108
2026-05-23,112,109,freight-rail-congestion-rss-volume-explosion,crazy,Freight Rail Congestion Rss Volume Explosion,0.0,9.44,-9.44,100000.0,False,80
2026-05-23,113,110,glassdoor,crazy,Glassdoor Misery Gradient,0.0,9.44,-9.44,100000.0,False,110
2026-05-23,114,111,global-tech-earnings-momentum,crazy,Global Tech Earnings Momentum,0.0,9.44,-9.44,100000.0,False,108
2026-05-23,115,112,gold-volatility-vol-of-vol-spike,crazy,Gold Volatility Vol-of-vol Spike,0.0,9.44,-9.44,100000.0,False,91
2026-05-23,116,113,google-trends-spike-in-bankruptcy-filing-and-debt-consolidat,crazy,Google Trends Spike In Bankruptcy Filing And Debt Consolidation Signals Consumer Default Risk Surge,0.0,9.44,-9.44,100000.0,False,78
2026-05-23,117,114,google-trends-surge-in-bankruptcy-search-intent,crazy,Google Trends Surge In Bankruptcy Search Intent,0.0,9.44,-9.44,100000.0,False,68
2026-05-23,118,115,google-trends-surge-in-flight-delay-complaints,crazy,Google Trends Surge In Flight Delay Complaints,0.0,9.44,-9.44,100000.0,False,89
2026-05-23,119,116,health-insurance-deductible-shock-searches,crazy,Health Insurance Deductible Shock Searches,0.0,9.44,-9.44,100000.0,False,82
2026-05-23,120,117,healthcare-cost-shock-google-trends-spike,crazy,Healthcare Cost Shock Google Trends Spike,0.0,9.44,-9.44,100000.0,False,90
2026-05-23,121,119,high-yield-spread-regime,crazy,High Yield Spread Regime,0.0,9.44,-9.44,100000.0,False,110
2026-05-23,122,120,linkedin,crazy,LinkedIn Layoff Propagation,0.0,9.44,-9.44,100000.0,False,110
2026-05-23,123,121,lumber-futures-rollercoaster,crazy,Lumber Futures Rollercoaster,0.0,9.44,-9.44,100000.0,False,104
2026-05-23,124,122,materials-sector-weekly-volatility-contraction-breakout,crazy,Materials Sector Weekly Volatility Contraction Breakout,0.0,9.44,-9.44,100000.0,False,101
2026-05-23,125,123,mortgage-refinance-wave-google-trends-surge,crazy,Mortgage Refinance Wave Google Trends Surge,0.0,9.44,-9.44,100000.0,False,91
2026-05-23,126,124,natural-gas-demand-spike-from-unseasonable-cold-snap-detecti,crazy,Natural Gas Demand Spike From Unseasonable Cold Snap Detection,0.0,9.44,-9.44,100000.0,False,74
2026-05-23,127,125,online-ad-impression-volatility,crazy,Online Ad Impression Volatility Trader,0.0,9.44,-9.44,100000.0,False,110
2026-05-23,128,126,patent-filing-velocity,crazy,Patent Filing Velocity,0.0,9.44,-9.44,100000.0,False,101
2026-05-23,129,127,pet-emergency-vet-visit-spike,crazy,Pet Emergency Vet Visit Spike,0.0,9.44,-9.44,100000.0,False,77
2026-05-23,130,128,pet-food-supply-chain,crazy,Pet Food Supply Chain Disruption,0.0,9.44,-9.44,100000.0,False,110
2026-05-23,131,129,reddit-emoji-sentiment-spike,crazy,Reddit Emoji Sentiment Spike,0.0,9.44,-9.44,100000.0,False,110
2026-05-23,132,130,reddit-gaming-thread-spike,crazy,Reddit Gaming Thread Spike,0.0,9.44,-9.44,100000.0,False,110
2026-05-23,133,131,reddit-mentions-volatility-spike,crazy,Reddit Mentions Volatility Spike,0.0,9.44,-9.44,100000.0,False,110
2026-05-23,134,132,reddit-sentiment-spike-trend,crazy,Reddit Sentiment Spike Trend,0.0,9.44,-9.44,100000.0,False,110
2026-05-23,135,133,reddit-sentiment-spike,crazy,Reddit Sentiment Spike,0.0,9.44,-9.44,100000.0,False,110
2026-05-23,136,134,reddit-sentiment-volatility-spike,crazy,Reddit Sentiment Volatility Spike,0.0,9.44,-9.44,100000.0,False,110
2026-05-23,137,135,reddit-subreddit-mention-spike,crazy,Reddit Subreddit Mention Spike,0.0,9.44,-9.44,100000.0,False,110
2026-05-23,138,136,reddit-subreddit-sentiment-spike,crazy,Reddit Subreddit Sentiment Spike,0.0,9.44,-9.44,100000.0,False,110
2026-05-23,139,137,reddit-subreddit-surge-momentum,crazy,Reddit Subreddit Surge Momentum,0.0,9.44,-9.44,100000.0,False,110
2026-05-23,140,138,reddit-volatility-spike,crazy,Reddit Volatility Spike,0.0,9.44,-9.44,100000.0,False,110
2026-05-23,141,140,rental-car-shortage-volatility-spike,crazy,Rental Car Shortage Volatility Spike,0.0,9.44,-9.44,100000.0,False,99
2026-05-23,142,141,residential-real-estate-search-momentum-rotation,crazy,Residential Real Estate Search Momentum Rotation,0.0,9.44,-9.44,100000.0,False,83
2026-05-23,143,142,retail-rush-ahead-of-holidays,crazy,Retail Rush Ahead Of Holidays,0.0,9.44,-9.44,100000.0,False,108
2026-05-23,144,144,rss-roar,crazy,Rss Roar,0.0,9.44,-9.44,100000.0,False,106
2026-05-23,145,145,small-business-formation,crazy,Small Business Formation,0.0,9.44,-9.44,100000.0,False,110
2026-05-23,146,146,social-media-sentiment-spike,crazy,Social Media Sentiment Spike,0.0,9.44,-9.44,100000.0,False,110
2026-05-23,147,147,solar-storm-scorcher,crazy,Solar Storm Scorcher,0.0,9.44,-9.44,100000.0,False,104
2026-05-23,148,148,superbowl-futures-trade,crazy,Superbowl Futures Trade,0.0,9.44,-9.44,100000.0,False,110
2026-05-23,149,149,technology-sector-daily-ev-charger-count-surge,crazy,Technology Sector Daily Ev Charger Count Surge,0.0,9.44,-9.44,100000.0,False,104
2026-05-23,150,150,temperature-shock-energy-demand-flip,crazy,Temperature Shock Energy Demand Flip,0.0,9.44,-9.44,100000.0,False,99
2026-05-23,151,151,truck-driver-wage-search-surge,crazy,Truck Driver Wage Search Surge,0.0,9.44,-9.44,100000.0,False,76
2026-05-23,152,152,tsa,crazy,TSA Body Count,0.0,9.44,-9.44,100000.0,False,110
2026-05-23,153,153,twitter-sentiment-spike,crazy,Twitter Sentiment Spike,0.0,9.44,-9.44,100000.0,False,110
2026-05-23,154,154,utilities-sector-weekly-temperature-drop-signal,crazy,Utilities Sector Weekly Temperature Drop Signal,0.0,9.44,-9.44,100000.0,False,108
2026-05-23,155,155,utility-sector-rate-hike-anxiety-from-weather-driven-demand-,crazy,Utility Sector Rate Hike Anxiety From Weather-driven Demand Spike,0.0,9.44,-9.44,100000.0,False,67
2026-05-23,156,156,utility-volatility-compression-reversion-bounce,crazy,Utility Volatility Compression Reversion Bounce,0.0,9.44,-9.44,100000.0,False,81
2026-05-23,157,157,vix-to-realized-volatility-contraction-signals-mean-reversio,crazy,Vix-to-realized Volatility Contraction Signals Mean Reversion Opportunity In Large Caps,0.0,9.44,-9.44,100000.0,False,74
2026-05-23,158,158,volatility-spike-follow-through,crazy,Volatility Spike Follow-Through,0.0,9.44,-9.44,100000.0,False,110
2026-05-23,159,159,weather-disruption-ripple-effects,crazy,Weather Disruption Ripple Effects,0.0,9.44,-9.44,100000.0,False,108
2026-05-23,160,160,weather-volatility-spike,crazy,Weather Volatility Spike,0.0,9.44,-9.44,100000.0,False,110
2026-05-23,161,161,weather-windfall,crazy,Weather Windfall,0.0,9.44,-9.44,100000.0,False,106
2026-05-23,162,162,weekly-ev-charger-expansion-in-underserved-regions,crazy,Weekly Ev Charger Expansion In Underserved Regions,0.0,9.44,-9.44,100000.0,False,73
2026-05-23,163,163,weekly-ev-charger-network-density-jump-in-rural-counties,crazy,Weekly Ev Charger Network Density Jump In Rural Counties,0.0,9.44,-9.44,100000.0,False,74
2026-05-23,164,164,weekly-google-trends-spike-for-diy-electronics-repair-signal,crazy,Weekly Google Trends Spike For Diy Electronics Repair Signals Bullish Tech Sector,0.0,9.44,-9.44,100000.0,False,88
2026-05-23,165,165,weekly-google-trends-spike-for-small-business-loan-default-s,crazy,Weekly Google Trends Spike For Small Business Loan Default Searches,0.0,9.44,-9.44,100000.0,False,83
2026-05-23,166,166,weekly-google-trends-spike-for-urgent-job-resignation-search,crazy,Weekly Google Trends Spike For Urgent Job Resignation Searches Signals Labor Market Stress,0.0,9.44,-9.44,100000.0,False,68
2026-05-23,167,167,weekly-google-trends-spike-in-business-travel-rebound-signal,crazy,Weekly Google Trends Spike In Business Travel Rebound Signals Bullish Industrial Sector,0.0,9.44,-9.44,100000.0,False,77
2026-05-23,168,168,weekly-google-trends-spike-in-searches-for-food-supply-chain,crazy,Weekly Google Trends Spike In Searches For Food Supply Chain Disruptions,0.0,9.44,-9.44,100000.0,False,83
2026-05-23,169,169,weekly-google-trends-spike-in-searches-for-home-solar-panel-,crazy,Weekly Google Trends Spike In Searches For Home Solar Panel Repair Signals Green Energy Sector Repair Demand,0.0,9.44,-9.44,100000.0,False,68
2026-05-23,170,170,weekly-google-trends-surge-for-diy-roof-repair-searches-sign,crazy,Weekly Google Trends Surge For Diy Roof Repair Searches Signals Consumer Stress Impacting Xli,0.0,9.44,-9.44,100000.0,False,88
2026-05-23,171,171,weekly-google-trends-surge-for-home-pest-control-searches-si,crazy,Weekly Google Trends Surge For Home Pest Control Searches Signals Consumer Stress Boosting Staples,0.0,9.44,-9.44,100000.0,False,88
2026-05-23,172,172,weekly-google-trends-surge-for-small-business-loan-applicati,crazy,Weekly Google Trends Surge For Small Business Loan Application Signals Financial Sector Activity Boost,0.0,9.44,-9.44,100000.0,False,79
2026-05-23,173,173,weekly-google-trends-surge-for-truck-tire-replacement-search,crazy,Weekly Google Trends Surge For Truck Tire Replacement Searches Signals Industrial Sector Repair Cycle,0.0,9.44,-9.44,100000.0,False,79
2026-05-23,174,174,weekly-google-trends-surge-for-used-truck-purchase-searches-,crazy,Weekly Google Trends Surge For Used Truck Purchase Searches Signals Bullish Freight Logistics,0.0,9.44,-9.44,100000.0,False,88
2026-05-23,175,175,weekly-google-trends-surge-for-warehouse-automation-interest,crazy,Weekly Google Trends Surge For Warehouse Automation Interest Signals Industrial Tech Demand,0.0,9.44,-9.44,100000.0,False,68
2026-05-23,176,176,weekly-google-trends-surge-in-home-heating-oil-shortage-sign,crazy,Weekly Google Trends Surge In Home Heating Oil Shortage Signals Winter Utility Stress Favoring Utilities Sector,0.0,9.44,-9.44,100000.0,False,78
2026-05-23,177,177,weekly-google-trends-surge-in-job-training-programs-signals-,crazy,Weekly Google Trends Surge In Job Training Programs Signals Bullish Industrial Sector,0.0,9.44,-9.44,100000.0,False,77
2026-05-23,178,178,weekly-google-trends-surge-in-pest-control-searches,crazy,Weekly Google Trends Surge In Pest Control Searches,0.0,9.44,-9.44,100000.0,False,73
2026-05-23,179,179,weekly-google-trends-surge-in-searches-for-diesel-fuel-price,crazy,Weekly Google Trends Surge In Searches For Diesel Fuel Price Increase,0.0,9.44,-9.44,100000.0,False,83
2026-05-23,180,180,weekly-google-trends-surge-in-searches-for-home-solar-instal,crazy,Weekly Google Trends Surge In Searches For Home Solar Installation Financing Signals Xle Bullish,0.0,9.44,-9.44,100000.0,False,88
2026-05-23,181,181,weekly-google-trends-surge-in-searches-for-truck-driver-shor,crazy,Weekly Google Trends Surge In Searches For Truck Driver Shortage,0.0,9.44,-9.44,100000.0,False,83
2026-05-23,182,182,weekly-increase-in-google-trends-for-commercial-drone-repair,crazy,Weekly Increase In Google Trends For Commercial Drone Repair Signals Tech Sector Maintenance Demand,0.0,9.44,-9.44,100000.0,False,75
2026-05-23,183,183,weekly-increase-in-google-trends-for-home-solar-panel-instal,crazy,Weekly Increase In Google Trends For Home Solar Panel Installation Delay Signals Bearish Utilities Sector,0.0,9.44,-9.44,100000.0,False,77
2026-05-23,184,184,weekly-increase-in-google-trends-for-industrial-machinery-br,crazy,Weekly Increase In Google Trends For Industrial Machinery Breakdown Signals Rising Repair Demand,0.0,9.44,-9.44,100000.0,False,74
2026-05-23,185,185,weekly-increase-in-google-trends-searches-for-bulk-shipping-,crazy,Weekly Increase In Google Trends Searches For Bulk Shipping Delay Signals Bearish Xlb,0.0,9.44,-9.44,100000.0,False,96
2026-05-23,186,186,weekly-increase-in-google-trends-searches-for-small-business,crazy,Weekly Increase In Google Trends Searches For Small Business Loan Default Signals Rising Credit Stress,0.0,9.44,-9.44,100000.0,False,81
2026-05-23,187,187,weekly-jump-in-google-trends-for-home-heating-oil-shortage-s,crazy,Weekly Jump In Google Trends For Home Heating Oil Shortage Signals Winter Energy Stress,0.0,9.44,-9.44,100000.0,False,80
2026-05-23,188,188,weekly-jump-in-google-trends-for-home-moving-truck-rental-de,crazy,Weekly Jump In Google Trends For Home Moving Truck Rental Demand Signals Housing Market Activity,0.0,9.44,-9.44,100000.0,False,73
2026-05-23,189,189,weekly-jump-in-google-trends-for-job-quitting-searches-signa,crazy,Weekly Jump In Google Trends For Job Quitting Searches Signals Labor Market Tightness Benefiting Financial Sector,0.0,9.44,-9.44,100000.0,False,79
2026-05-23,190,190,weekly-jump-in-google-trends-for-small-business-layoffs-sign,crazy,Weekly Jump In Google Trends For Small Business Layoffs Signals Consumer Discretionary Downturn,0.0,9.44,-9.44,100000.0,False,77
2026-05-23,191,191,weekly-jump-in-google-trends-for-truck-driver-shortage-signa,crazy,Weekly Jump In Google Trends For Truck Driver Shortage Signals Labor Stress In Transportation,0.0,9.44,-9.44,100000.0,False,73
2026-05-23,192,192,weekly-jump-in-google-trends-for-warehouse-automation-jobs-s,crazy,Weekly Jump In Google Trends For Warehouse Automation Jobs Signals Labor Substitution Pressure,0.0,9.44,-9.44,100000.0,False,73
2026-05-23,193,193,weekly-jump-in-google-trends-for-warehouse-labor-shortage-si,crazy,Weekly Jump In Google Trends For Warehouse Labor Shortage Signals Supply Chain Labor Stress And Industrial Sector Risk,0.0,9.44,-9.44,100000.0,False,78
2026-05-23,194,194,weekly-jump-in-google-trends-home-pest-control-emergency-sea,crazy,Weekly Jump In Google Trends Home Pest Control Emergency Searches Signals Consumer Stress And Discretionary Rebound,0.0,9.44,-9.44,100000.0,False,79
2026-05-23,195,195,weekly-jump-in-google-trends-searches-for-airport-security-d,crazy,Weekly Jump In Google Trends Searches For Airport Security Delay Signals Travel Mobility Disruptions,0.0,9.44,-9.44,100000.0,False,81
2026-05-23,196,196,weekly-rise-in-google-trends-for-commercial-truck-tire-blowo,crazy,Weekly Rise In Google Trends For Commercial Truck Tire Blowout Signals Freight Sector Caution,0.0,9.44,-9.44,100000.0,False,75
2026-05-23,197,197,weekly-rise-in-google-trends-for-freight-train-delays-signal,crazy,Weekly Rise In Google Trends For Freight Train Delays Signals Logistics Bottlenecks,0.0,9.44,-9.44,100000.0,False,73
2026-05-23,198,198,weekly-rise-in-google-trends-for-solar-panel-installation-de,crazy,Weekly Rise In Google Trends For Solar Panel Installation Delay Signals Supply Chain Issues In Green Energy,0.0,9.44,-9.44,100000.0,False,73
2026-05-23,199,199,weekly-rise-in-google-trends-for-warehouse-automation-intere,crazy,Weekly Rise In Google Trends For Warehouse Automation Interest Signals Industrial Demand,0.0,9.44,-9.44,100000.0,False,76
2026-05-23,200,200,weekly-rise-in-google-trends-for-warehouse-lighting-failure-,crazy,Weekly Rise In Google Trends For Warehouse Lighting Failure Signals Industrial Maintenance Cycle,0.0,9.44,-9.44,100000.0,False,75
2026-05-23,201,201,weekly-rise-in-google-trends-searches-for-emergency-hvac-rep,crazy,Weekly Rise In Google Trends Searches For Emergency Hvac Repair,0.0,9.44,-9.44,100000.0,False,83
2026-05-23,202,202,weekly-rise-in-google-trends-searches-for-gas-price-protest-,crazy,Weekly Rise In Google Trends Searches For Gas Price Protest Signals Bearish Xle,0.0,9.44,-9.44,100000.0,False,96
2026-05-23,203,203,weekly-rise-in-usgs-earthquake-activity-near-major-ports-sig,crazy,Weekly Rise In Usgs Earthquake Activity Near Major Ports Signals Potential Freight Disruptions,0.0,9.44,-9.44,100000.0,False,73
2026-05-23,204,204,weekly-rss-count-spike-on-warehouse-worker-injury-reports,crazy,Weekly Rss Count Spike On Warehouse Worker Injury Reports,0.0,9.44,-9.44,100000.0,False,73
2026-05-23,205,205,weekly-spike-in-food-bank-demand-google-trends-signals-consu,crazy,Weekly Spike In Food Bank Demand Google Trends Signals Consumer Staples Demand Surge,0.0,9.44,-9.44,100000.0,False,74
2026-05-23,206,206,weekly-spike-in-google-trends-for-fuel-shortage-predicts-ene,crazy,Weekly Spike In Google Trends For Fuel Shortage Predicts Energy Sector Volatility,0.0,9.44,-9.44,100000.0,False,78
2026-05-23,207,207,weekly-spike-in-google-trends-for-railway-crossing-malfuncti,crazy,Weekly Spike In Google Trends For Railway Crossing Malfunction Signals Freight Sector Risk,0.0,9.44,-9.44,100000.0,False,75
2026-05-23,208,208,weekly-spike-in-google-trends-searches-for-warehouse-automat,crazy,Weekly Spike In Google Trends Searches For Warehouse Automation Failure Signals Bearish Xli,0.0,9.44,-9.44,100000.29,False,96
2026-05-23,209,209,weekly-surge-in-google-trends-diy-home-roofing-repair-search,crazy,Weekly Surge In Google Trends Diy Home Roofing Repair Searches Signals Industrial Sector Demand Spike,0.0,9.44,-9.44,100000.0,False,79
2026-05-23,210,210,weekly-surge-in-google-trends-for-car-rental-pickup-delays-s,crazy,Weekly Surge In Google Trends For Car Rental Pickup Delays Signals Travel Disruption,0.0,9.44,-9.44,100000.0,False,68
2026-05-23,211,211,weekly-surge-in-google-trends-for-delayed-package-delivery-s,crazy,Weekly Surge In Google Trends For Delayed Package Delivery Signals Consumer Discretionary Shipping Pressure,0.0,9.44,-9.44,100000.0,False,75
2026-05-23,212,212,weekly-surge-in-google-trends-for-diy-roof-repair-signals-co,crazy,Weekly Surge In Google Trends For Diy Roof Repair Signals Consumer Stress Lifting Industrial Sector,0.0,9.44,-9.44,100000.0,False,82
2026-05-23,213,213,weekly-surge-in-google-trends-for-diy-solar-panel-repair-sig,crazy,Weekly Surge In Google Trends For Diy Solar Panel Repair Signals Green Energy Sector Rebound,0.0,9.44,-9.44,100000.0,False,89
2026-05-23,214,214,weekly-surge-in-google-trends-for-electric-scooter-theft-sig,crazy,Weekly Surge In Google Trends For Electric Scooter Theft Signals Consumer Discretionary Stress,0.0,9.44,-9.44,100000.0,False,75
2026-05-23,215,215,weekly-surge-in-google-trends-for-emergency-plumbing-repair-,crazy,Weekly Surge In Google Trends For Emergency Plumbing Repair Signals Consumer Stress Lifting Discretionary Sector,0.0,9.44,-9.44,100000.0,False,82
2026-05-23,216,216,weekly-surge-in-google-trends-for-freight-congestion-complai,crazy,Weekly Surge In Google Trends For Freight Congestion Complaints Correlating With Industrial Sector Risk,0.0,9.44,-9.44,100000.0,False,76
2026-05-23,217,217,weekly-surge-in-google-trends-for-freight-elevator-repair-si,crazy,Weekly Surge In Google Trends For Freight Elevator Repair Signals Industrial Sector Demand,0.0,9.44,-9.44,100000.0,False,75
2026-05-23,218,218,weekly-surge-in-google-trends-for-home-heating-oil-shortage-,crazy,Weekly Surge In Google Trends For Home Heating Oil Shortage Signals Bullish Xle,0.0,9.44,-9.44,100000.0,False,90
2026-05-23,219,219,weekly-surge-in-google-trends-for-job-interview-preparation-,crazy,Weekly Surge In Google Trends For Job Interview Preparation Searches,0.0,9.44,-9.44,100000.0,False,83
2026-05-23,220,220,weekly-surge-in-google-trends-for-last-minute-flight-deals-s,crazy,Weekly Surge In Google Trends For Last Minute Flight Deals Signals Travel Demand Rebound,0.0,9.44,-9.44,100000.0,False,73
2026-05-23,221,221,weekly-surge-in-google-trends-for-sudden-appliance-breakdown,crazy,Weekly Surge In Google Trends For Sudden Appliance Breakdowns Signals Discretionary Sector Rebound,0.0,9.44,-9.44,100000.0,False,79
2026-05-23,222,222,weekly-surge-in-google-trends-for-used-car-price-searches-si,crazy,Weekly Surge In Google Trends For Used Car Price Searches Signaling Consumer Cost Pressure,0.0,9.44,-9.44,100000.0,False,76
2026-05-23,223,223,weekly-surge-in-google-trends-for-warehouse-automation-jobs-,crazy,Weekly Surge In Google Trends For Warehouse Automation Jobs Signals Industrial Tech Adoption,0.0,9.44,-9.44,100000.0,False,67
2026-05-23,224,224,weekly-surge-in-google-trends-for-warehouse-automation-signa,crazy,Weekly Surge In Google Trends For Warehouse Automation Signals Industrial Sector Demand,0.0,9.44,-9.44,100000.0,False,77
2026-05-23,225,225,weekly-surge-in-google-trends-searches-for-diy-bicycle-repai,crazy,Weekly Surge In Google Trends Searches For Diy Bicycle Repair,0.0,9.44,-9.44,100000.0,False,83
2026-05-23,226,226,weekly-surge-in-google-trends-searches-for-freight-container,crazy,Weekly Surge In Google Trends Searches For Freight Container Backlog Signals Industrial Sector Pressure,0.0,9.44,-9.44,100000.0,False,78
2026-05-23,227,227,weekly-surge-in-google-trends-searches-for-home-improvement-,crazy,Weekly Surge In Google Trends Searches For Home Improvement Loan Signals Consumer Stress Lifting Xly,0.0,9.44,-9.44,100000.0,False,96
2026-05-23,228,228,weekly-surge-in-google-trends-searches-for-warehouse-worker-,crazy,Weekly Surge In Google Trends Searches For Warehouse Worker Shortage Signals Labor Tightness,0.0,9.44,-9.44,100000.0,False,81
2026-05-23,229,229,weekly-surge-in-openchargemap-ev-charger-installations-signa,crazy,Weekly Surge In Openchargemap Ev Charger Installations Signals Bullish Xlc,0.0,9.44,-9.44,100000.0,False,98
2026-05-23,230,230,work-from-home-frenzy,crazy,Work From Home Frenzy,0.0,9.44,-9.44,100000.0,False,108
2026-05-23,231,231,xlb-daily-volatility-contraction-breakout,crazy,Xlb Daily Volatility Contraction Breakout,0.0,9.44,-9.44,100000.0,False,106
2026-05-23,232,232,xlu-weekly-cold-snap-weather-correlation,crazy,Xlu Weekly Cold Snap Weather Correlation,0.0,9.44,-9.44,100000.0,False,106
2026-05-23,233,233,xlv-google-trends-flu-search-spike,crazy,Xlv Google Trends Flu Search Spike,0.0,9.44,-9.44,100000.0,False,106
2026-05-23,234,234,yelp-closure-velocity,crazy,Yelp Closure Velocity,0.0,9.44,-9.44,100000.0,False,101
2026-05-23,235,235,yield-curve-regime,crazy,Yield Curve Regime,0.0,9.44,-9.44,100000.0,False,110
2026-05-23,236,236,daily-jump-in-google-trends-for-food-poisoning-outbreak-boos,crazy,Daily Jump In Google Trends For Food Poisoning Outbreak Boosts Healthcare Sector Demand,-0.01,9.44,-9.45,99989.37,False,75
2026-05-23,237,243,rss-news-volume-spike-on-corporate-bond-downgrades-signals-c,crazy,Rss News Volume Spike On Corporate Bond Downgrades Signals Credit Stress Rotation,-0.01,9.44,-9.46,99986.6,False,74
2026-05-23,238,237,weekly-google-trends-surge-for-truck-driver-shortage-signals,crazy,Weekly Google Trends Surge For Truck Driver Shortage Signals Freight Logistics Risk And Industrial Cost Pressure,-0.01,9.44,-9.45,99993.13,False,78
2026-05-23,239,238,consumer-sentiment,crazy,Consumer Sentiment,-0.02,9.44,-9.46,99980.1,False,110
2026-05-23,240,239,daily-spike-in-rss-news-counts-on-corporate-dividend-cuts,crazy,Daily Spike In Rss News Counts On Corporate Dividend Cuts,-0.02,9.44,-9.46,99978.35,False,73
2026-05-23,241,240,electricity-demand-collapse-during-mild-weather,crazy,Electricity Demand Collapse During Mild Weather,-0.02,9.44,-9.46,99979.82,False,77
2026-05-23,242,241,google-trends-surge-in-luxury-good-searches,crazy,Google Trends Surge In Luxury Good Searches,-0.02,9.44,-9.46,99979.84,False,88
2026-05-23,243,242,natural-gas-futures-volatility-pump-rotation,crazy,Natural Gas Futures Volatility Pump Rotation,-0.02,9.44,-9.46,99979.83,False,81
2026-05-23,244,250,regional-earthquake-cluster-insurance-demand-spike,crazy,Regional Earthquake Cluster Insurance Demand Spike,-0.02,9.44,-9.47,99975.83,False,81
2026-05-23,245,244,temperature-extremes-power-demand-spike-utility-boost,crazy,Temperature Extremes Power Demand Spike Utility Boost,-0.02,9.44,-9.46,99979.82,False,96
2026-05-23,246,245,weather-extreme-disruption-energy-demand-spike,crazy,Weather Extreme Disruption Energy Demand Spike,-0.02,9.44,-9.46,99979.82,False,76
2026-05-23,247,246,weather-extremes-utility-demand-spike,crazy,Weather Extremes Utility Demand Spike,-0.02,9.44,-9.46,99979.82,False,80
2026-05-23,248,247,weekly-google-trends-surge-in-home-appliance-repair-searches,crazy,Weekly Google Trends Surge In Home Appliance Repair Searches Signals Bullish Consumer Discretionary,-0.02,9.44,-9.46,99982.54,False,91
2026-05-23,249,248,weekly-jump-in-rss-news-counts-for-coal-shortage-signals-inp,crazy,Weekly Jump In Rss News Counts For Coal Shortage Signals Input Cost Pressure In Materials,-0.02,9.44,-9.46,99983.85,False,73
2026-05-23,250,249,daily-spike-in-google-trends-for-home-air-purifier-repair-si,crazy,Daily Spike In Google Trends For Home Air Purifier Repair Signals Consumer Stress Rebound In Discretionary Sector,-0.03,9.44,-9.47,99971.86,False,89
2026-05-23,251,251,weekly-spike-in-google-trends-for-electric-vehicle-battery-r,crazy,Weekly Spike In Google Trends For Electric Vehicle Battery Replacement Signals Consumer Stress Lifting Industrial Sector,-0.03,9.44,-9.47,99969.08,False,82
2026-05-23,252,252,weekly-surge-in-google-trends-for-diy-plumbing-repair-signal,crazy,Weekly Surge In Google Trends For Diy Plumbing Repair Signals Consumer Stress Rebound,-0.03,9.44,-9.47,99974.29,False,92
2026-05-23,253,253,consumer-discretionary-google-trends-surge-for-sale-keywords,crazy,Consumer Discretionary Google Trends Surge For Sale Keywords,-0.04,9.44,-9.48,99960.96,False,104
2026-05-23,254,255,weekly-spike-in-earthquake-activity-in-port-regions-signals-,crazy,Weekly Spike In Earthquake Activity In Port Regions Signals Potential Freight Logistics Disruption,-0.04,9.44,-9.49,99955.02,False,78
2026-05-23,255,254,real-estate-sector-weekly-google-trends-home-buying-surge,crazy,Real Estate Sector Weekly Google Trends Home Buying Surge,-0.05,9.44,-9.49,99954.77,False,108
2026-05-23,256,256,weekly-surge-in-google-trends-for-diy-car-maintenance-signal,crazy,Weekly Surge In Google Trends For Diy Car Maintenance Signals Rising Auto Sector Interest,-0.05,9.44,-9.49,99939.58,False,74
2026-05-23,257,257,weekly-surge-in-google-trends-for-tech-stock-selloff-signals,crazy,Weekly Surge In Google Trends For Tech Stock Selloff Signals Rotation To Defensive Sectors,-0.05,9.44,-9.49,99950.21,False,67
2026-05-23,258,258,daily-spike-in-rss-news-counts-around-labor-union-contract-n,crazy,Daily Spike In Rss News Counts Around Labor Union Contract Negotiation Signals Bearish Xlf,-0.06,9.44,-9.5,99939.5,False,96
2026-05-23,259,259,eia-electricity-demand-shock-rebound-spread,crazy,Eia Electricity Demand Shock Rebound Spread,-0.06,9.44,-9.5,99940.31,False,89
2026-05-23,260,260,travel-booking-momentum-divergence,crazy,Travel Booking Momentum Divergence,-0.06,9.44,-9.5,99943.44,False,82
2026-05-23,261,261,utility-power-grid-stress,crazy,Utility Power Grid Stress,-0.06,9.44,-9.5,99938.31,False,108
2026-05-23,262,262,daily-spike-in-google-trends-for-emergency-dental-care-signa,crazy,Daily Spike In Google Trends For Emergency Dental Care Signals Consumer Stress Impacting Health Sector,-0.07,9.44,-9.51,99927.72,False,82
2026-05-23,263,263,electricity-demand-spike-during-extreme-cold-snap-triggers-u,crazy,Electricity Demand Spike During Extreme Cold Snap Triggers Utility Sector Rally,-0.07,9.44,-9.51,99927.69,False,78
2026-05-23,264,264,commodity-shortage-news-volume-burst,crazy,Commodity Shortage News Volume Burst,-0.08,9.44,-9.52,99917.97,False,76
2026-05-23,265,265,daily-jump-in-rss-news-counts-for-labor-union-strikes-in-tra,crazy,Daily Jump In Rss News Counts For Labor Union Strikes In Transportation Sector,-0.08,9.44,-9.52,99920.99,False,75
2026-05-23,266,266,daily-spike-in-google-trends-searches-for-electric-vehicle-b,crazy,Daily Spike In Google Trends Searches For Electric Vehicle Battery Replacement,-0.08,9.44,-9.52,99921.33,False,83
2026-05-23,267,267,healthcare-sector-google-trends-spike-in-flu-symptoms,crazy,Healthcare Sector Google Trends Spike In Flu Symptoms,-0.08,9.44,-9.52,99917.38,False,104
2026-05-23,268,268,weekly-increase-in-usgs-earthquake-activity-within-key-logis,crazy,Weekly Increase In Usgs Earthquake Activity Within Key Logistics Hubs Signals Potential Freight Delays,-0.08,9.44,-9.52,99923.09,False,81
2026-05-23,269,269,weekly-surge-in-google-trends-searches-for-truck-driver-stri,crazy,Weekly Surge In Google Trends Searches For Truck Driver Strike Signals Imminent Logistics Disruption,-0.08,9.44,-9.52,99922.61,False,81
2026-05-23,270,270,bank-stress-index-volatility-fear-crush-reversal,crazy,Bank Stress Index Volatility Fear Crush Reversal,-0.09,9.44,-9.53,99910.26,False,96
2026-05-23,271,271,financial-sector-volatility-crush-trade,crazy,Financial Sector Volatility Crush Trade,-0.09,9.44,-9.53,99910.26,False,91
2026-05-23,272,272,retail-roulette,crazy,Retail Roulette,-0.09,9.44,-9.53,99913.43,False,106
2026-05-23,273,273,weekly-surge-in-job-postings-for-warehouse-workers-signals-b,crazy,Weekly Surge In Job Postings For Warehouse Workers Signals Bullish Xli,-0.09,9.44,-9.53,99912.01,False,96
2026-05-23,274,274,daily-spike-in-google-trends-for-emergency-plumber-near-me-s,crazy,Daily Spike In Google Trends For Emergency Plumber Near Me Signals Consumer Stress Lifting Home Repair Demand,-0.1,9.44,-9.54,99903.93,False,73
2026-05-23,275,278,daily-spike-in-rss-news-counts-mentioning-politician-insider,crazy,Daily Spike In Rss News Counts Mentioning Politician Insider Buying Tech Stock Signals Bullish Xlk,-0.11,9.44,-9.56,99886.48,False,96
2026-05-23,276,279,daily-surge-in-rss-news-counts-for-new-labor-union-formation,crazy,Daily Surge In Rss News Counts For New Labor Union Formations Signals Labor Market Pressure On Industrial Sector,-0.11,9.44,-9.56,99885.02,False,78
2026-05-23,277,275,weekly-google-trends-spike-for-diy-car-repair-signals-bullis,crazy,Weekly Google Trends Spike For Diy Car Repair Signals Bullish Xly,-0.11,9.44,-9.55,99892.81,False,93
2026-05-23,278,276,weekly-rise-in-rss-count-for-labor-strike-news-signals-indus,crazy,Weekly Rise In Rss Count For Labor Strike News Signals Industrial Sector Risk,-0.11,9.44,-9.55,99888.73,False,78
2026-05-23,279,277,daily-jump-in-google-trends-searches-for-home-renovation-per,crazy,Daily Jump In Google Trends Searches For Home Renovation Permits,-0.12,9.44,-9.56,99884.41,False,83
2026-05-23,280,280,ev-charger-network-expansion-sentiment-surge,crazy,Ev Charger Network Expansion Sentiment Surge,-0.12,9.44,-9.56,99884.44,False,79
2026-05-23,281,284,rss-news-volume-spike-on-food-supply-chain-disruptions,crazy,Rss News Volume Spike On Food Supply Chain Disruptions,-0.12,9.44,-9.57,99876.92,False,88
2026-05-23,282,281,google-trends-surge-in-mortgage-refinance-calculator-signals,crazy,Google Trends Surge In Mortgage Refinance Calculator Signals Rate-sensitive Financial Stress,-0.13,9.44,-9.57,99857.8,False,74
2026-05-23,283,282,oil-price-momentum-reversal-energy-sector-bounce,crazy,Oil Price Momentum Reversal Energy Sector Bounce,-0.13,9.44,-9.57,99867.3,False,93
2026-05-23,284,283,port-congestion-squeeze,crazy,Port Congestion Squeeze,-0.13,9.44,-9.57,99872.16,False,108
2026-05-23,285,287,shipping-container-squeeze-play,crazy,Shipping Container Squeeze Play,-0.13,9.44,-9.58,99867.09,False,99
2026-05-23,286,285,utilities-sector-negative-price-gap-fill,crazy,Utilities Sector Negative Price Gap Fill,-0.13,9.44,-9.57,99867.48,False,104
2026-05-23,287,286,seismic-activity-construction-halt-signal,crazy,Seismic Activity Construction Halt Signal,-0.14,9.44,-9.58,99861.92,False,99
2026-05-23,288,288,tremor-tension,crazy,Tremor Tension,-0.14,9.44,-9.58,99864.21,False,106
2026-05-23,289,289,daily-spike-in-google-trends-for-emergency-dental-surgery-si,crazy,Daily Spike In Google Trends For Emergency Dental Surgery Signals Healthcare Consumer Stress,-0.16,9.44,-9.6,99840.86,False,75
2026-05-23,290,290,daily-jump-in-google-trends-searches-for-emergency-dental-ca,crazy,Daily Jump In Google Trends Searches For Emergency Dental Care,-0.17,9.44,-9.61,99832.34,False,83
2026-05-23,291,291,daily-jump-in-google-trends-searches-for-job-quitting-signal,crazy,Daily Jump In Google Trends Searches For Job Quitting Signals Labor Market Tightness Benefiting Consumer Discretionary,-0.17,9.44,-9.61,99834.55,False,78
2026-05-23,292,292,daily-surge-in-google-trends-for-electric-bike-repair-signal,crazy,Daily Surge In Google Trends For Electric Bike Repair Signals Bullish Consumer Discretionary,-0.17,9.44,-9.61,99828.7,False,77
2026-05-23,293,293,xlu-daily-electricity-demand-surge,crazy,Xlu Daily Electricity Demand Surge,-0.17,9.44,-9.61,99834.76,False,106
2026-05-23,294,295,daily-jump-in-google-trends-for-home-appliance-repair-signal,crazy,Daily Jump In Google Trends For Home Appliance Repair Signals Consumer Stress Lifting Consumer Staples,-0.19,9.44,-9.64,99795.5,False,78
2026-05-23,295,294,luxury-discretionary-google-trends-collapse-signal,crazy,Luxury Discretionary Google Trends Collapse Signal,-0.19,9.44,-9.63,99811.09,False,80
2026-05-23,296,296,wage-growth-demand-surge-fast-food-google-trends,crazy,Wage Growth Demand Surge Fast Food Google Trends,-0.2,9.44,-9.64,99799.52,False,92
2026-05-23,297,297,renewable-energy-investment-thesis-rebound-from-policy-senti,crazy,Renewable Energy Investment Thesis Rebound From Policy Sentiment Surge,-0.21,9.44,-9.65,99787.44,False,67
2026-05-23,298,298,weekly-surge-in-google-trends-for-hotel-room-shortage-signal,crazy,Weekly Surge In Google Trends For Hotel Room Shortage Signals Travel Sector Tightness,-0.21,9.44,-9.65,99793.96,False,92
2026-05-23,299,299,weekly-surge-in-google-trends-searches-for-commuting-strike-,crazy,Weekly Surge In Google Trends Searches For Commuting Strike Signals Bearish Xly,-0.21,9.44,-9.65,99791.44,False,96
2026-05-23,300,301,daily-spike-in-daily-earthquake-activity-near-major-logistic,crazy,Daily Spike In Daily Earthquake Activity Near Major Logistics Hubs Signals Bearish Xli,-0.22,9.44,-9.67,99775.64,False,96
2026-05-23,301,300,weekly-surge-in-google-trends-searches-for-city-water-outage,crazy,Weekly Surge In Google Trends Searches For City Water Outage Signals Bearish Xlre,-0.22,9.44,-9.66,99773.32,False,96
2026-05-23,302,302,weekly-google-trends-surge-in-energy-bill-shock-signals-cons,crazy,Weekly Google Trends Surge In Energy Bill Shock Signals Consumer Stress Impacting Utilities,-0.23,9.44,-9.67,99772.53,False,92
2026-05-23,303,303,weekly-google-trends-surge-in-home-energy-bill-shock-signals,crazy,Weekly Google Trends Surge In Home Energy Bill Shock Signals Bullish Utilities,-0.23,9.44,-9.67,99772.53,False,91
2026-05-23,304,304,weekly-rise-in-google-trends-interest-for-food-delivery-dela,crazy,Weekly Rise In Google Trends Interest For Food Delivery Delay Signals Bearish Xlp,-0.24,9.44,-9.69,99755.36,False,96
2026-05-23,305,305,electricity-enlightenment,crazy,Electricity Enlightenment,-0.26,9.44,-9.7,99740.98,False,106
2026-05-23,306,306,daily-jump-in-google-trends-for-emergency-dental-care-signal,crazy,Daily Jump In Google Trends For Emergency Dental Care Signals Consumer Stress Lifting Healthcare Sector Demand,-0.27,9.44,-9.71,99732.03,False,78
2026-05-23,307,307,daily-spike-in-rss-counts-for-cybersecurity-breach-news-trig,crazy,Daily Spike In Rss Counts For Cybersecurity Breach News Triggers Bearish Xlk,-0.27,9.44,-9.71,99734.27,False,96
2026-05-23,308,308,xlb-weekly-rss-news-count-spike-on-commodity-shortage,crazy,Xlb Weekly Rss News Count Spike On Commodity Shortage,-0.27,9.44,-9.71,99732.09,False,106
2026-05-23,309,311,weekly-surge-in-google-trends-for-inflation-hedge-gold-signa,crazy,Weekly Surge In Google Trends For Inflation Hedge Gold Signals Bullish Xlb,-0.29,9.44,-9.74,99696.68,False,93
2026-05-23,310,309,news-sentiment-rotation-fade-trade,crazy,News Sentiment Rotation Fade Trade,-0.3,9.44,-9.74,99702.97,False,99
2026-05-23,311,310,port-container-volume-surge-signals-import-demand-recovery-a,crazy,Port Container Volume Surge Signals Import Demand Recovery And Consumer Spending Rebound,-0.3,9.44,-9.74,99699.35,False,78
2026-05-23,312,313,google-trends-surge-in-logistics-job-openings-signals-labor-,crazy,Google Trends Surge In Logistics Job Openings Signals Labor Shortage In Freight,-0.31,9.44,-9.76,99675.81,False,74
2026-05-23,313,312,industrial-sector-weekly-earthquake-activity-correlation-dip,crazy,Industrial Sector Weekly Earthquake Activity Correlation Dip,-0.31,9.44,-9.75,99688.23,False,104
2026-05-23,314,314,weekly-spike-in-google-trends-for-home-cooling-failure-signa,crazy,Weekly Spike In Google Trends For Home Cooling Failure Signals Bearish Xlu,-0.32,9.44,-9.76,99677.56,False,96
2026-05-23,315,316,weekly-spike-in-freight-container-volumes-at-east-coast-port,crazy,Weekly Spike In Freight Container Volumes At East Coast Ports Signals Industrial Sector Strength,-0.33,9.44,-9.78,99665.83,False,79
2026-05-23,316,315,attention-sentiment-spike-daily-surge-in-news-rss-counts-men,crazy,Attention Sentiment Spike Daily Surge In News Rss Counts Mentioning Cyberattack Triggers Bullish Xlc,-0.34,9.44,-9.78,99658.65,False,98
2026-05-23,317,317,daily-surge-in-google-trends-searches-for-electric-vehicle-c,crazy,Daily Surge In Google Trends Searches For Electric Vehicle Charging Station Outages,-0.35,9.44,-9.79,99651.01,False,83
2026-05-23,318,318,grocery-store-foot-traffic-collapse-signal,crazy,Grocery Store Foot Traffic Collapse Signal,-0.35,9.44,-9.79,99653.74,False,99
2026-05-23,319,319,xle-weekly-drawdown-rebound-signal,crazy,Xle Weekly Drawdown Rebound Signal,-0.36,9.44,-9.8,99644.75,False,106
2026-05-23,320,320,healthcare-cost-shock-google-search-spike,crazy,Healthcare Cost Shock Google Search Spike,-0.37,9.44,-9.81,99617.84,False,99
2026-05-23,321,321,google-gusts,crazy,Google Gusts,-0.4,9.44,-9.84,99597.93,False,106
2026-05-23,322,322,weekly-google-trends-surge-in-fast-food-job-openings-signals,crazy,Weekly Google Trends Surge In Fast Food Job Openings Signals Bullish Consumer Discretionary,-0.4,9.44,-9.84,99597.78,False,91
2026-05-23,323,323,daily-jump-in-google-trends-for-emergency-plumber-near-me-si,crazy,Daily Jump In Google Trends For Emergency Plumber Near Me Signals Consumer Home Repair Stress,-0.41,9.44,-9.85,99592.43,False,74
2026-05-23,324,324,xlc-weekly-google-trends-surge-in-5g-rollout,crazy,Xlc Weekly Google Trends Surge In 5g Rollout,-0.41,9.44,-9.85,99592.39,False,106
2026-05-23,325,325,daily-spike-in-google-trends-for-emergency-plumbing-repair-s,crazy,Daily Spike In Google Trends For Emergency Plumbing Repair Signals Consumer Stress Rebound Benefiting Discretionary Sector,-0.42,9.44,-9.86,99572.85,False,89
2026-05-23,326,326,liquor,crazy,Liquor Store Leading Indicator,-0.42,9.44,-9.86,99580.98,False,110
2026-05-23,327,327,healthcare-cost-google-trends-acceleration-index,crazy,Healthcare Cost Google Trends Acceleration Index,-0.53,9.44,-9.98,99466.5,False,88
2026-05-23,328,328,daily-jump-in-google-trends-for-emergency-hvac-repair-signal,crazy,Daily Jump In Google Trends For Emergency Hvac Repair Signals Consumer Home Repair Stress,-0.56,9.44,-10.0,99442.23,False,75
2026-05-23,329,329,vix-term-structure,crazy,VIX Term Structure,-0.59,9.44,-10.04,99405.3,False,101
2026-05-23,330,330,daily-jump-in-google-trends-searches-for-home-water-heater-r,crazy,Daily Jump In Google Trends Searches For Home Water Heater Repair Signals Consumer Stress Lifting Xly,-0.61,9.44,-10.06,99385.03,False,90
2026-05-23,331,331,weekly-surge-in-google-trends-searches-for-diy-home-repair-s,crazy,Weekly Surge In Google Trends Searches For Diy Home Repair Signals Consumer Stress Lifting Xly,-0.79,9.44,-10.23,99212.48,False,98
2026-05-23,332,332,truck-tonnage,crazy,Truck Tonnage Index,-0.91,9.44,-10.36,99085.61,False,110
2026-05-23,333,333,freight-rail-carloads,crazy,Freight Rail Carloads,-1.05,9.44,-10.49,98948.0,False,110
2026-05-23,334,334,lumber-momentum,crazy,Lumber Momentum,-1.38,9.44,-10.83,98615.49,False,110
2026-05-23,335,335,copper-momentum,crazy,Copper Momentum,-1.8,9.44,-11.24,98202.81,False,110
2026-05-23,336,336,port-container-volume,crazy,Port Container Volume,-2.18,9.44,-11.62,97820.07,False,110
2026-05-23,337,337,vix-fear-rotation,crazy,VIX Fear Rotation,-2.35,9.44,-11.79,97650.78,False,101
2026-05-23,338,338,electricity-consumption,crazy,Electricity Consumption,-4.25,9.44,-13.69,95748.28,False,110
2026-05-23,339,339,baileymol-crazy,crazy,Chaos Rotation Lab,-6.02,9.44,-15.47,93975.35,False,110
2026-05-24,1,1,simple_monthly,normal,Quantified Simple Monthly Rotation,13.09,9.44,3.64,113085.93,True,112
2026-05-24,2,2,baileymol,normal,Algo Baileymol (Chaos Monger),8.64,9.44,-0.8,108641.59,False,112
2026-05-24,3,3,faber,normal,Faber Momentum Rotation,8.27,9.44,-1.17,108267.52,False,112
2026-05-24,4,4,dmsr,normal,Antonacci Dual Momentum Sector Rotation,6.89,9.44,-2.55,106890.21,False,112
2026-05-24,5,5,uber-mobility,crazy,Uber Mobility Index,5.09,9.44,-4.36,105086.47,False,111
2026-05-24,6,6,retail-sales-momentum,crazy,Retail Sales Momentum,5.08,9.44,-4.37,105076.17,False,111
2026-05-24,7,7,job-posting-acceleration,crazy,Job Posting Acceleration,3.43,9.44,-6.01,103428.14,False,111
2026-05-24,8,8,insider-trading-signals,crazy,Insider Trading Signals,0.59,9.44,-8.85,100593.25,False,111
2026-05-24,9,9,biscotti-crazy,crazy,Algo Biscotti (Unconditional Loyalty) (alt),0.34,9.44,-9.1,100340.6,False,111
2026-05-24,10,10,finra-dark-pool-signal,crazy,FINRA Dark Pool Signal,0.27,9.44,-9.18,100265.22,False,102
2026-05-24,11,11,housing-permit-velocity,crazy,Housing Permit Velocity,0.26,9.44,-9.19,100257.19,False,111
2026-05-24,12,12,misery-rotation,crazy,Misery Rotation,0.26,9.44,-9.19,100256.85,False,111
2026-05-24,13,13,mortgage-rate-housing-proxy,crazy,Mortgage Rate Housing Proxy,0.15,9.44,-9.29,100150.44,False,111
2026-05-24,14,17,weekly-google-trends-surge-in-diy-electronics-repair-signals,crazy,Weekly Google Trends Surge In Diy Electronics Repair Signals Tech Consumer Stress Lift,0.08,9.44,-9.37,100076.08,False,93
2026-05-24,15,18,weekly-surge-in-google-trends-searches-for-diy-electronics-r,crazy,Weekly Surge In Google Trends Searches For Diy Electronics Repair Signals Bullish Xlk,0.08,9.44,-9.37,100076.94,False,97
2026-05-24,16,14,daily-jump-in-consumer-stress-google-trends-searches-for-car,crazy,Daily Jump In Consumer Stress Google Trends Searches For Car Repossession Signals Rising Financial Distress,0.07,9.44,-9.37,100070.09,False,82
2026-05-24,17,15,earthquake-aftershock-insurance-claims-spike,crazy,Earthquake Aftershock Insurance Claims Spike,0.07,9.44,-9.37,100070.66,False,89
2026-05-24,18,16,recession-whisper-google-trends-unemployment-search-surge,crazy,Recession Whisper Google Trends Unemployment Search Surge,0.07,9.44,-9.37,100072.76,False,93
2026-05-24,19,19,price-momentum-reversion-in-defensive-sectors-after-tech-cra,crazy,Price Momentum Reversion In Defensive Sectors After Tech Crash,0.06,9.44,-9.38,100061.6,False,90
2026-05-24,20,20,earthquake-aftershock-amplifier,crazy,Earthquake Aftershock Amplifier,0.05,9.44,-9.39,100047.52,False,105
2026-05-24,21,21,google-trends-surge-in-used-car-price-searches,crazy,Google Trends Surge In Used Car Price Searches,0.04,9.44,-9.4,100038.19,False,91
2026-05-24,22,22,semiconductor-moonshot-warning,crazy,Semiconductor Moonshot Warning,0.04,9.44,-9.4,100041.43,False,105
2026-05-24,23,23,usgs-earthquake-activity-spike-near-major-freight-hubs-signa,crazy,Usgs Earthquake Activity Spike Near Major Freight Hubs Signals Temporary Freight Disruption,0.04,9.44,-9.4,100042.42,False,78
2026-05-24,24,24,biscotti,normal,Algo Biscotti (Unconditional Loyalty),0.03,9.44,-9.41,100028.47,False,112
2026-05-24,25,25,healthcare-cost-inflation-google-trends-acceleration,crazy,Healthcare Cost Inflation Google Trends Acceleration,0.03,9.44,-9.41,100030.67,False,81
2026-05-24,26,27,materials-sector-weekly-positive-correlation-breakdown-with-,crazy,Materials Sector Weekly Positive Correlation Breakdown With Xlb,0.03,9.44,-9.42,100025.87,False,105
2026-05-24,27,26,daily-jump-in-google-trends-for-home-building-permit-delay-s,crazy,Daily Jump In Google Trends For Home Building Permit Delay Signals Local Economy Construction Stress Hurting Real Estate Sector,0.02,9.44,-9.42,100024.25,False,79
2026-05-24,28,30,daily-spike-in-usgs-earthquake-activity-near-key-industrial-,crazy,Daily Spike In Usgs Earthquake Activity Near Key Industrial Hubs,0.02,9.44,-9.43,100015.96,False,84
2026-05-24,29,28,staples-sector-drawdown-rapid-recovery,crazy,Staples Sector Drawdown Rapid Recovery,0.02,9.44,-9.42,100024.7,False,105
2026-05-24,30,29,weekly-surge-in-google-trends-for-diy-electronics-repair-sig,crazy,Weekly Surge In Google Trends For Diy Electronics Repair Signals Bullish Xlk,0.02,9.44,-9.42,100022.05,False,91
2026-05-24,31,72,daily-spike-in-rss-news-feed-for-semiconductor-chip-shortage,crazy,Daily Spike In Rss News Feed For Semiconductor Chip Shortage Signals Tech Sector Volatility,0.01,9.44,-9.44,100007.01,False,76
2026-05-24,32,120,healthcare-procedure-google-trends-demand-resurgence,crazy,Healthcare Procedure Google Trends Demand Resurgence,0.01,9.44,-9.44,100005.77,False,80
2026-05-24,33,142,renewable-energy-rss-news-volume-surge,crazy,Renewable Energy Rss News Volume Surge,0.01,9.44,-9.44,100006.29,False,83
2026-05-24,34,146,rss-count-surge-for-supply-chain-bottleneck-news,crazy,Rss Count Surge For Supply Chain Bottleneck News,0.01,9.44,-9.44,100006.52,False,69
2026-05-24,35,31,weekly-google-trends-spike-for-diy-home-renovation-signals-b,crazy,Weekly Google Trends Spike For Diy Home Renovation Signals Bullish Consumer Staples,0.01,9.44,-9.43,100010.87,False,78
2026-05-24,36,32,airline-fuel-cost-volatility-expansion,crazy,Airline Fuel Cost Volatility Expansion,0.0,9.44,-9.44,100000.0,False,81
2026-05-24,37,33,airline-load-factor,crazy,Airline Load Factor Proxy,0.0,9.44,-9.44,100000.0,False,111
2026-05-24,38,34,airport-security-surge,crazy,Airport Security Surge,0.0,9.44,-9.44,100000.0,False,109
2026-05-24,39,35,airport-shopping-spree,crazy,Airport Shopping Spree,0.0,9.44,-9.44,100000.0,False,111
2026-05-24,40,36,appliance-shortage-supply-chain-stress,crazy,Appliance Shortage Supply Chain Stress,0.0,9.44,-9.44,100000.0,False,78
2026-05-24,41,37,bankruptcy-filing-rate,crazy,Bankruptcy Filing Rate,0.0,9.44,-9.44,100000.0,False,111
2026-05-24,42,38,calls311,crazy,311 Call Rotation,0.0,9.44,-9.44,100000.0,False,111
2026-05-24,43,39,cardboard,crazy,Cardboard Box Index,0.0,9.44,-9.44,100000.0,False,111
2026-05-24,44,40,cloud-storage-demand-surge,crazy,Cloud Storage Demand Surge,0.0,9.44,-9.44,100000.0,False,111
2026-05-24,45,41,congress,crazy,Congress Trading Fade,0.0,9.44,-9.44,100000.0,False,111
2026-05-24,46,42,consumer-stress-spike-from-google-trends-on-urgent-appliance,crazy,Consumer Stress Spike From Google Trends On Urgent Appliance Repair Searches,0.0,9.44,-9.44,100000.0,False,77
2026-05-24,47,43,craigslist,crazy,Craigslist Desperation Index,0.0,9.44,-9.44,100000.0,False,111
2026-05-24,48,44,credit-card-delinquency,crazy,Credit Card Delinquency,0.0,9.44,-9.44,100000.0,False,111
2026-05-24,49,45,crypto-capitulation-countdown,crazy,Crypto Capitulation Countdown,0.0,9.44,-9.44,100000.0,False,105
2026-05-24,50,46,crypto-derivative-arbitrage,crazy,Crypto Derivative Arbitrage,0.0,9.44,-9.44,100000.0,False,111
2026-05-24,51,47,daily-jump-in-google-trends-for-bank-account-overdraft-fees,crazy,Daily Jump In Google Trends For Bank Account Overdraft Fees,0.0,9.44,-9.44,100000.0,False,74
2026-05-24,52,48,daily-jump-in-google-trends-for-emergency-dental-surgery-sig,crazy,Daily Jump In Google Trends For Emergency Dental Surgery Signals Healthcare Consumer Stress,0.0,9.44,-9.44,100000.0,False,68
2026-05-24,53,49,daily-jump-in-google-trends-for-emergency-plumber-signals-ri,crazy,Daily Jump In Google Trends For Emergency Plumber Signals Rising Local Economy Stress Benefiting Staples,0.0,9.44,-9.44,100000.24,False,81
2026-05-24,54,50,daily-jump-in-google-trends-for-emergency-roadside-assistanc,crazy,Daily Jump In Google Trends For Emergency Roadside Assistance Signals Consumer Stress Impacting Discretionary Sector,0.0,9.44,-9.44,100000.0,False,80
2026-05-24,55,51,daily-jump-in-google-trends-for-food-delivery-delay-complain,crazy,Daily Jump In Google Trends For Food Delivery Delay Complaints Signals Bearish Consumer Staples,0.0,9.44,-9.44,100000.0,False,78
2026-05-24,56,52,daily-jump-in-google-trends-for-home-internet-outage-signals,crazy,Daily Jump In Google Trends For Home Internet Outage Signals Consumer Discretionary Tech Stress,0.0,9.44,-9.44,100000.0,False,76
2026-05-24,57,53,daily-jump-in-google-trends-for-solar-panel-repair-searches-,crazy,Daily Jump In Google Trends For Solar Panel Repair Searches Signals Green Energy Sector Rebound,0.0,9.44,-9.44,100000.0,False,89
2026-05-24,58,54,daily-jump-in-google-trends-for-warehouse-worker-strike-sign,crazy,Daily Jump In Google Trends For Warehouse Worker Strike Signals Labor Stress In Logistics,0.0,9.44,-9.44,100000.0,False,74
2026-05-24,59,55,daily-jump-in-google-trends-searches-for-electric-vehicle-ba,crazy,Daily Jump In Google Trends Searches For Electric Vehicle Battery Failure Signals Consumer Tech Stress,0.0,9.44,-9.44,100000.0,False,82
2026-05-24,60,56,daily-jump-in-openchargemap-ev-charger-counts-expansion-rate,crazy,Daily Jump In Openchargemap Ev Charger Counts Expansion Rate Signals Bullish Consumer Discretionary,0.0,9.44,-9.44,100000.0,False,78
2026-05-24,61,57,daily-jump-in-openchargemap-ev-charger-counts-in-key-states-,crazy,Daily Jump In Openchargemap Ev Charger Counts In Key States Signals Tech Sector Acceleration,0.0,9.44,-9.44,100000.0,False,80
2026-05-24,62,58,daily-jump-in-rss-news-counts-mentioning-labor-strike-signal,crazy,Daily Jump In Rss News Counts Mentioning Labor Strike Signals Imminent Industrial Disruption,0.0,9.44,-9.44,100000.0,False,82
2026-05-24,63,59,daily-spike-in-ev-charger-installations-signals-bullish-xlc,crazy,Daily Spike In Ev Charger Installations Signals Bullish Xlc,0.0,9.44,-9.44,100000.0,False,94
2026-05-24,64,60,daily-spike-in-freight-logistics-rss-news-volume-mentioning-,crazy,Daily Spike In Freight Logistics Rss News Volume Mentioning Port Labor Strike Triggers Bearish Xli,0.0,9.44,-9.44,100000.0,False,97
2026-05-24,65,61,daily-spike-in-google-trends-for-emergency-roadside-assistan,crazy,Daily Spike In Google Trends For Emergency Roadside Assistance Searches Signals Consumer Stress,0.0,9.44,-9.44,100000.0,False,77
2026-05-24,66,62,daily-spike-in-google-trends-for-emergency-vehicle-battery-r,crazy,Daily Spike In Google Trends For Emergency Vehicle Battery Replacement Searches Signals Auto Stress,0.0,9.44,-9.44,100000.0,False,77
2026-05-24,67,63,daily-spike-in-google-trends-for-emergency-vehicle-repair-si,crazy,Daily Spike In Google Trends For Emergency Vehicle Repair Signals Consumer Stress Lifting Industrial Sector,0.0,9.44,-9.44,100000.0,False,90
2026-05-24,68,64,daily-spike-in-google-trends-for-flu-symptom-searches-boosti,crazy,Daily Spike In Google Trends For Flu Symptom Searches Boosting Healthcare Services Demand,0.0,9.44,-9.44,100000.0,False,77
2026-05-24,69,65,daily-spike-in-google-trends-for-heating-oil-delivery-delay-,crazy,Daily Spike In Google Trends For Heating Oil Delivery Delay Signals Energy Sector Pressure,0.0,9.44,-9.44,100000.0,False,76
2026-05-24,70,66,daily-spike-in-google-trends-for-urgent-dental-surgery-signa,crazy,Daily Spike In Google Trends For Urgent Dental Surgery Signals Healthcare Demand Surge,0.0,9.44,-9.44,100000.0,False,75
2026-05-24,71,67,daily-spike-in-google-trends-searches-for-airline-flight-del,crazy,Daily Spike In Google Trends Searches For Airline Flight Delay Compensation,0.0,9.44,-9.44,100000.0,False,84
2026-05-24,72,68,daily-spike-in-google-trends-searches-for-emergency-car-batt,crazy,Daily Spike In Google Trends Searches For Emergency Car Battery Replacement Signals Consumer Stress Impacting Discretionary,0.0,9.44,-9.44,100000.0,False,89
2026-05-24,73,69,daily-spike-in-google-trends-searches-for-emergency-plumber-,crazy,Daily Spike In Google Trends Searches For Emergency Plumber Signals Consumer Home Repair Stress,0.0,9.44,-9.44,100000.0,False,82
2026-05-24,74,70,daily-spike-in-google-trends-searches-for-home-heating-syste,crazy,Daily Spike In Google Trends Searches For Home Heating System Failure Signals Winter Utility Stress,0.0,9.44,-9.44,100000.0,False,82
2026-05-24,75,71,daily-spike-in-rss-news-count-for-semiconductor-equipment-or,crazy,Daily Spike In Rss News Count For Semiconductor Equipment Orders Signals Chip Sector Rebound,0.0,9.44,-9.44,100000.0,False,68
2026-05-24,76,73,daily-stock-price-volatility-spike-in-xlu-relative-to-spy,crazy,Daily Stock Price Volatility Spike In Xlu Relative To Spy,0.0,9.44,-9.44,100000.0,False,74
2026-05-24,77,74,daily-surge-in-google-trends-for-car-rental-price-spike-trig,crazy,Daily Surge In Google Trends For Car Rental Price Spike Triggers Travel Mobility Sector Pullback,0.0,9.44,-9.44,100000.0,False,79
2026-05-24,78,75,daily-surge-in-google-trends-for-electric-vehicle-charging-s,crazy,Daily Surge In Google Trends For Electric Vehicle Charging Station Outage Signals Green Tech Stress,0.0,9.44,-9.44,100000.0,False,74
2026-05-24,79,76,daily-surge-in-google-trends-for-emergency-food-delivery-sig,crazy,Daily Surge In Google Trends For Emergency Food Delivery Signals Consumer Stress Lifting Staples Demand,0.0,9.44,-9.44,100000.0,False,74
2026-05-24,80,77,daily-surge-in-google-trends-for-emergency-hvac-repair-signa,crazy,Daily Surge In Google Trends For Emergency Hvac Repair Signals Consumer Stress Boosting Home Improvement,0.0,9.44,-9.44,100000.0,False,69
2026-05-24,81,78,daily-surge-in-google-trends-for-home-heating-oil-shortage-s,crazy,Daily Surge In Google Trends For Home Heating Oil Shortage Signals Energy Sector Stress,0.0,9.44,-9.44,100000.0,False,67
2026-05-24,82,79,daily-surge-in-google-trends-for-home-office-setup-signals-b,crazy,Daily Surge In Google Trends For Home Office Setup Signals Bullish Technology Sector,0.0,9.44,-9.44,100000.0,False,78
2026-05-24,83,80,daily-surge-in-google-trends-for-urgent-dental-care-searches,crazy,Daily Surge In Google Trends For Urgent Dental Care Searches Lifting Healthcare Sector,0.0,9.44,-9.44,100000.0,False,77
2026-05-24,84,81,daily-surge-in-google-trends-searches-for-home-heating-syste,crazy,Daily Surge In Google Trends Searches For Home Heating System Failure Signals Consumer Stress Impacting Utilities,0.0,9.44,-9.44,100000.0,False,90
2026-05-24,85,82,daily-surge-in-open-charge-map-ev-charger-new-install-counts,crazy,Daily Surge In Open Charge Map Ev Charger New Install Counts Signals Auto Tech Growth,0.0,9.44,-9.44,100000.0,False,69
2026-05-24,86,83,daily-surge-in-rss-news-counts-for-corporate-bond-downgrade-,crazy,Daily Surge In Rss News Counts For Corporate Bond Downgrade Signals Credit Stress Rotation,0.0,9.44,-9.44,100000.0,False,74
2026-05-24,87,84,daily-surge-in-rss-news-counts-on-corporate-dividend-increas,crazy,Daily Surge In Rss News Counts On Corporate Dividend Increases Signals Financial Sector Strength,0.0,9.44,-9.44,100000.0,False,68
2026-05-24,88,85,earthquake-activity-surge-in-oil-producing-regions-signals-s,crazy,Earthquake Activity Surge In Oil-producing Regions Signals Supply Disruption Risk Premium,0.0,9.44,-9.44,100000.0,False,75
2026-05-24,89,86,earthquake-energy-demand,crazy,Earthquake Energy Demand Indicator,0.0,9.44,-9.44,100000.0,False,111
2026-05-24,90,87,electric-vehicle-charge-station-density,crazy,Electric Vehicle Charge Station Density,0.0,9.44,-9.44,100000.0,False,111
2026-05-24,91,88,electricity-demand-spike-weather-anomaly,crazy,Electricity Demand Spike Weather Anomaly,0.0,9.44,-9.44,100000.0,False,91
2026-05-24,92,89,energy-sector-sudden-weekly-volatility-spike,crazy,Energy Sector Sudden Weekly Volatility Spike,0.0,9.44,-9.44,100000.0,False,102
2026-05-24,93,90,energy-sector-weekly-drawdown-exhaustion,crazy,Energy Sector Weekly Drawdown Exhaustion,0.0,9.44,-9.44,100000.0,False,105
2026-05-24,94,91,ev-charger-buildout-acceleration-play,crazy,Ev Charger Buildout Acceleration Play,0.0,9.44,-9.44,100000.0,False,77
2026-05-24,95,92,ev-charger-density-saturation-play,crazy,Ev Charger Density Saturation Play,0.0,9.44,-9.44,100000.0,False,100
2026-05-24,96,93,ev-charger-deployment-sprint-acceleration,crazy,Ev Charger Deployment Sprint Acceleration,0.0,9.44,-9.44,100000.0,False,83
2026-05-24,97,94,ev-charger-expansion-frenzy,crazy,Ev Charger Expansion Frenzy,0.0,9.44,-9.44,100000.0,False,91
2026-05-24,98,95,ev-charger-expansion-momentum-surge,crazy,Ev Charger Expansion Momentum Surge,0.0,9.44,-9.44,100000.0,False,84
2026-05-24,99,96,ev-charger-expansion-velocity-boom,crazy,Ev Charger Expansion Velocity Boom,0.0,9.44,-9.44,100000.0,False,81
2026-05-24,100,97,ev-charger-installation-acceleration-play,crazy,Ev Charger Installation Acceleration Play,0.0,9.44,-9.44,100000.0,False,92
2026-05-24,101,98,ev-charger-installation-boom-acceleration-signal,crazy,Ev Charger Installation Boom Acceleration Signal,0.0,9.44,-9.44,100000.0,False,67
2026-05-24,102,99,ev-charger-network-contraction-signals-electric-vehicle-adop,crazy,Ev Charger Network Contraction Signals Electric Vehicle Adoption Slowdown,0.0,9.44,-9.44,100000.0,False,79
2026-05-24,103,100,ev-charger-network-density-jump,crazy,Ev Charger Network Density Jump,0.0,9.44,-9.44,100000.0,False,78
2026-05-24,104,101,ev-charger-network-density-surge-bullish-signal,crazy,Ev Charger Network Density Surge Bullish Signal,0.0,9.44,-9.44,100000.0,False,94
2026-05-24,105,102,ev-charger-network-expansion-acceleration,crazy,Ev Charger Network Expansion Acceleration,0.0,9.44,-9.44,100000.0,False,89
2026-05-24,106,103,ev-charger-network-expansion-sprint-demand-surge,crazy,Ev Charger Network Expansion Sprint Demand Surge,0.0,9.44,-9.44,100000.0,False,97
2026-05-24,107,104,ev-charger-network-expansion-velocity-surge,crazy,Ev Charger Network Expansion Velocity Surge,0.0,9.44,-9.44,100000.0,False,90
2026-05-24,108,105,ev-charger-rollout-acceleration-green-energy-sector-tailwind,crazy,Ev Charger Rollout Acceleration Green Energy Sector Tailwind,0.0,9.44,-9.44,100000.0,False,69
2026-05-24,109,106,ev-charging-boom,crazy,Ev Charging Boom,0.0,9.44,-9.44,100000.0,False,109
2026-05-24,110,107,ev-charging-station-stampede,crazy,Ev Charging Station Stampede,0.0,9.44,-9.44,100000.0,False,105
2026-05-24,111,108,ev-euphoria,crazy,Ev Euphoria,0.0,9.44,-9.44,100000.0,False,107
2026-05-24,112,109,financial-sector-momentum-divergence-with-spy,crazy,Financial Sector Momentum Divergence With Spy,0.0,9.44,-9.44,100000.0,False,105
2026-05-24,113,110,fintech-disruption-wave,crazy,Fintech Disruption Wave,0.0,9.44,-9.44,100000.0,False,109
2026-05-24,114,111,freight-rail-congestion-rss-volume-explosion,crazy,Freight Rail Congestion Rss Volume Explosion,0.0,9.44,-9.44,100000.0,False,81
2026-05-24,115,112,glassdoor,crazy,Glassdoor Misery Gradient,0.0,9.44,-9.44,100000.0,False,111
2026-05-24,116,113,global-tech-earnings-momentum,crazy,Global Tech Earnings Momentum,0.0,9.44,-9.44,100000.0,False,109
2026-05-24,117,114,gold-volatility-vol-of-vol-spike,crazy,Gold Volatility Vol-of-vol Spike,0.0,9.44,-9.44,100000.0,False,92
2026-05-24,118,115,google-trends-spike-in-bankruptcy-filing-and-debt-consolidat,crazy,Google Trends Spike In Bankruptcy Filing And Debt Consolidation Signals Consumer Default Risk Surge,0.0,9.44,-9.44,100000.0,False,79
2026-05-24,119,116,google-trends-surge-in-bankruptcy-search-intent,crazy,Google Trends Surge In Bankruptcy Search Intent,0.0,9.44,-9.44,100000.0,False,69
2026-05-24,120,117,google-trends-surge-in-flight-delay-complaints,crazy,Google Trends Surge In Flight Delay Complaints,0.0,9.44,-9.44,100000.0,False,90
2026-05-24,121,118,health-insurance-deductible-shock-searches,crazy,Health Insurance Deductible Shock Searches,0.0,9.44,-9.44,100000.0,False,83
2026-05-24,122,119,healthcare-cost-shock-google-trends-spike,crazy,Healthcare Cost Shock Google Trends Spike,0.0,9.44,-9.44,100000.0,False,91
2026-05-24,123,121,healthcare-utilization-surge-from-seasonal-illness-wave,crazy,Healthcare Utilization Surge From Seasonal Illness Wave,0.0,9.44,-9.44,100000.0,False,67
2026-05-24,124,122,high-yield-spread-regime,crazy,High Yield Spread Regime,0.0,9.44,-9.44,100000.0,False,111
2026-05-24,125,123,linkedin,crazy,LinkedIn Layoff Propagation,0.0,9.44,-9.44,100000.0,False,111
2026-05-24,126,124,lumber-futures-rollercoaster,crazy,Lumber Futures Rollercoaster,0.0,9.44,-9.44,100000.0,False,105
2026-05-24,127,125,materials-sector-weekly-volatility-contraction-breakout,crazy,Materials Sector Weekly Volatility Contraction Breakout,0.0,9.44,-9.44,100000.0,False,102
2026-05-24,128,126,mortgage-refinance-wave-google-trends-surge,crazy,Mortgage Refinance Wave Google Trends Surge,0.0,9.44,-9.44,100000.0,False,92
2026-05-24,129,127,natural-gas-demand-spike-from-unseasonable-cold-snap-detecti,crazy,Natural Gas Demand Spike From Unseasonable Cold Snap Detection,0.0,9.44,-9.44,100000.0,False,75
2026-05-24,130,128,online-ad-impression-volatility,crazy,Online Ad Impression Volatility Trader,0.0,9.44,-9.44,100000.0,False,111
2026-05-24,131,129,patent-filing-velocity,crazy,Patent Filing Velocity,0.0,9.44,-9.44,100000.0,False,102
2026-05-24,132,130,pet-emergency-vet-visit-spike,crazy,Pet Emergency Vet Visit Spike,0.0,9.44,-9.44,100000.0,False,78
2026-05-24,133,131,pet-food-supply-chain,crazy,Pet Food Supply Chain Disruption,0.0,9.44,-9.44,100000.0,False,111
2026-05-24,134,132,reddit-emoji-sentiment-spike,crazy,Reddit Emoji Sentiment Spike,0.0,9.44,-9.44,100000.0,False,111
2026-05-24,135,133,reddit-gaming-thread-spike,crazy,Reddit Gaming Thread Spike,0.0,9.44,-9.44,100000.0,False,111
2026-05-24,136,134,reddit-mentions-volatility-spike,crazy,Reddit Mentions Volatility Spike,0.0,9.44,-9.44,100000.0,False,111
2026-05-24,137,135,reddit-sentiment-spike-trend,crazy,Reddit Sentiment Spike Trend,0.0,9.44,-9.44,100000.0,False,111
2026-05-24,138,136,reddit-sentiment-spike,crazy,Reddit Sentiment Spike,0.0,9.44,-9.44,100000.0,False,111
2026-05-24,139,137,reddit-sentiment-volatility-spike,crazy,Reddit Sentiment Volatility Spike,0.0,9.44,-9.44,100000.0,False,111
2026-05-24,140,138,reddit-subreddit-mention-spike,crazy,Reddit Subreddit Mention Spike,0.0,9.44,-9.44,100000.0,False,111
2026-05-24,141,139,reddit-subreddit-sentiment-spike,crazy,Reddit Subreddit Sentiment Spike,0.0,9.44,-9.44,100000.0,False,111
2026-05-24,142,140,reddit-subreddit-surge-momentum,crazy,Reddit Subreddit Surge Momentum,0.0,9.44,-9.44,100000.0,False,111
2026-05-24,143,141,reddit-volatility-spike,crazy,Reddit Volatility Spike,0.0,9.44,-9.44,100000.0,False,111
2026-05-24,144,143,rental-car-shortage-volatility-spike,crazy,Rental Car Shortage Volatility Spike,0.0,9.44,-9.44,100000.0,False,100
2026-05-24,145,144,residential-real-estate-search-momentum-rotation,crazy,Residential Real Estate Search Momentum Rotation,0.0,9.44,-9.44,100000.0,False,84
2026-05-24,146,145,retail-rush-ahead-of-holidays,crazy,Retail Rush Ahead Of Holidays,0.0,9.44,-9.44,100000.0,False,109
2026-05-24,147,147,rss-roar,crazy,Rss Roar,0.0,9.44,-9.44,100000.0,False,107
2026-05-24,148,148,small-business-formation,crazy,Small Business Formation,0.0,9.44,-9.44,100000.0,False,111
2026-05-24,149,149,social-media-sentiment-spike,crazy,Social Media Sentiment Spike,0.0,9.44,-9.44,100000.0,False,111
2026-05-24,150,150,solar-storm-scorcher,crazy,Solar Storm Scorcher,0.0,9.44,-9.44,100000.0,False,105
2026-05-24,151,151,superbowl-futures-trade,crazy,Superbowl Futures Trade,0.0,9.44,-9.44,100000.0,False,111
2026-05-24,152,152,technology-sector-daily-ev-charger-count-surge,crazy,Technology Sector Daily Ev Charger Count Surge,0.0,9.44,-9.44,100000.0,False,105
2026-05-24,153,153,temperature-shock-energy-demand-flip,crazy,Temperature Shock Energy Demand Flip,0.0,9.44,-9.44,100000.0,False,100
2026-05-24,154,154,travel-mobility-rebound-post-weather-system,crazy,Travel Mobility Rebound Post Weather System,0.0,9.44,-9.44,100000.0,False,67
2026-05-24,155,155,truck-driver-wage-search-surge,crazy,Truck Driver Wage Search Surge,0.0,9.44,-9.44,100000.0,False,77
2026-05-24,156,156,tsa,crazy,TSA Body Count,0.0,9.44,-9.44,100000.0,False,111
2026-05-24,157,157,twitter-sentiment-spike,crazy,Twitter Sentiment Spike,0.0,9.44,-9.44,100000.0,False,111
2026-05-24,158,158,utilities-sector-weekly-temperature-drop-signal,crazy,Utilities Sector Weekly Temperature Drop Signal,0.0,9.44,-9.44,100000.0,False,109
2026-05-24,159,159,utilities-volatility-spike-long-hedge-trade,crazy,Utilities Volatility Spike Long Hedge Trade,0.0,9.44,-9.44,100000.0,False,67
2026-05-24,160,160,utility-sector-rate-hike-anxiety-from-weather-driven-demand-,crazy,Utility Sector Rate Hike Anxiety From Weather-driven Demand Spike,0.0,9.44,-9.44,100000.0,False,68
2026-05-24,161,161,utility-volatility-compression-reversion-bounce,crazy,Utility Volatility Compression Reversion Bounce,0.0,9.44,-9.44,100000.0,False,82
2026-05-24,162,162,vix-to-realized-volatility-contraction-signals-mean-reversio,crazy,Vix-to-realized Volatility Contraction Signals Mean Reversion Opportunity In Large Caps,0.0,9.44,-9.44,100000.0,False,75
2026-05-24,163,163,volatility-spike-follow-through,crazy,Volatility Spike Follow-Through,0.0,9.44,-9.44,100000.0,False,111
2026-05-24,164,164,weather-disruption-ripple-effects,crazy,Weather Disruption Ripple Effects,0.0,9.44,-9.44,100000.0,False,109
2026-05-24,165,165,weather-volatility-spike,crazy,Weather Volatility Spike,0.0,9.44,-9.44,100000.0,False,111
2026-05-24,166,166,weather-windfall,crazy,Weather Windfall,0.0,9.44,-9.44,100000.0,False,107
2026-05-24,167,167,weekly-ev-charger-expansion-in-underserved-regions,crazy,Weekly Ev Charger Expansion In Underserved Regions,0.0,9.44,-9.44,100000.0,False,74
2026-05-24,168,168,weekly-ev-charger-network-density-jump-in-rural-counties,crazy,Weekly Ev Charger Network Density Jump In Rural Counties,0.0,9.44,-9.44,100000.0,False,75
2026-05-24,169,169,weekly-google-trends-spike-for-diy-electronics-repair-signal,crazy,Weekly Google Trends Spike For Diy Electronics Repair Signals Bullish Tech Sector,0.0,9.44,-9.44,100000.0,False,89
2026-05-24,170,170,weekly-google-trends-spike-for-small-business-loan-default-s,crazy,Weekly Google Trends Spike For Small Business Loan Default Searches,0.0,9.44,-9.44,100000.0,False,84
2026-05-24,171,171,weekly-google-trends-spike-for-urgent-job-resignation-search,crazy,Weekly Google Trends Spike For Urgent Job Resignation Searches Signals Labor Market Stress,0.0,9.44,-9.44,100000.0,False,69
2026-05-24,172,172,weekly-google-trends-spike-in-business-travel-rebound-signal,crazy,Weekly Google Trends Spike In Business Travel Rebound Signals Bullish Industrial Sector,0.0,9.44,-9.44,100000.0,False,78
2026-05-24,173,173,weekly-google-trends-spike-in-searches-for-home-solar-panel-,crazy,Weekly Google Trends Spike In Searches For Home Solar Panel Repair Signals Green Energy Sector Repair Demand,0.0,9.44,-9.44,100000.0,False,69
2026-05-24,174,174,weekly-google-trends-surge-for-diy-roof-repair-searches-sign,crazy,Weekly Google Trends Surge For Diy Roof Repair Searches Signals Consumer Stress Impacting Xli,0.0,9.44,-9.44,100000.0,False,89
2026-05-24,175,175,weekly-google-trends-surge-for-home-pest-control-searches-si,crazy,Weekly Google Trends Surge For Home Pest Control Searches Signals Consumer Stress Boosting Staples,0.0,9.44,-9.44,100000.0,False,89
2026-05-24,176,176,weekly-google-trends-surge-for-small-business-loan-applicati,crazy,Weekly Google Trends Surge For Small Business Loan Application Signals Financial Sector Activity Boost,0.0,9.44,-9.44,100000.0,False,80
2026-05-24,177,177,weekly-google-trends-surge-for-truck-tire-replacement-search,crazy,Weekly Google Trends Surge For Truck Tire Replacement Searches Signals Industrial Sector Repair Cycle,0.0,9.44,-9.44,100000.0,False,80
2026-05-24,178,178,weekly-google-trends-surge-for-used-truck-purchase-searches-,crazy,Weekly Google Trends Surge For Used Truck Purchase Searches Signals Bullish Freight Logistics,0.0,9.44,-9.44,100000.0,False,89
2026-05-24,179,179,weekly-google-trends-surge-for-warehouse-automation-interest,crazy,Weekly Google Trends Surge For Warehouse Automation Interest Signals Industrial Tech Demand,0.0,9.44,-9.44,100000.0,False,69
2026-05-24,180,180,weekly-google-trends-surge-in-home-heating-oil-shortage-sign,crazy,Weekly Google Trends Surge In Home Heating Oil Shortage Signals Winter Utility Stress Favoring Utilities Sector,0.0,9.44,-9.44,100000.0,False,79
2026-05-24,181,181,weekly-google-trends-surge-in-job-training-programs-signals-,crazy,Weekly Google Trends Surge In Job Training Programs Signals Bullish Industrial Sector,0.0,9.44,-9.44,100000.0,False,78
2026-05-24,182,182,weekly-google-trends-surge-in-pest-control-searches,crazy,Weekly Google Trends Surge In Pest Control Searches,0.0,9.44,-9.44,100000.0,False,74
2026-05-24,183,183,weekly-google-trends-surge-in-searches-for-diesel-fuel-price,crazy,Weekly Google Trends Surge In Searches For Diesel Fuel Price Increase,0.0,9.44,-9.44,100000.0,False,84
2026-05-24,184,184,weekly-google-trends-surge-in-searches-for-home-solar-instal,crazy,Weekly Google Trends Surge In Searches For Home Solar Installation Financing Signals Xle Bullish,0.0,9.44,-9.44,100000.0,False,89
2026-05-24,185,185,weekly-google-trends-surge-in-searches-for-truck-driver-shor,crazy,Weekly Google Trends Surge In Searches For Truck Driver Shortage,0.0,9.44,-9.44,100000.0,False,84
2026-05-24,186,186,weekly-increase-in-google-trends-for-commercial-drone-repair,crazy,Weekly Increase In Google Trends For Commercial Drone Repair Signals Tech Sector Maintenance Demand,0.0,9.44,-9.44,100000.0,False,76
2026-05-24,187,187,weekly-increase-in-google-trends-for-home-solar-panel-instal,crazy,Weekly Increase In Google Trends For Home Solar Panel Installation Delay Signals Bearish Utilities Sector,0.0,9.44,-9.44,100000.0,False,78
2026-05-24,188,188,weekly-increase-in-google-trends-for-industrial-machinery-br,crazy,Weekly Increase In Google Trends For Industrial Machinery Breakdown Signals Rising Repair Demand,0.0,9.44,-9.44,100000.0,False,75
2026-05-24,189,189,weekly-increase-in-google-trends-searches-for-bulk-shipping-,crazy,Weekly Increase In Google Trends Searches For Bulk Shipping Delay Signals Bearish Xlb,0.0,9.44,-9.44,100000.0,False,97
2026-05-24,190,190,weekly-increase-in-google-trends-searches-for-small-business,crazy,Weekly Increase In Google Trends Searches For Small Business Loan Default Signals Rising Credit Stress,0.0,9.44,-9.44,100000.0,False,82
2026-05-24,191,191,weekly-jump-in-google-trends-for-home-heating-oil-shortage-s,crazy,Weekly Jump In Google Trends For Home Heating Oil Shortage Signals Winter Energy Stress,0.0,9.44,-9.44,100000.0,False,81
2026-05-24,192,192,weekly-jump-in-google-trends-for-home-moving-truck-rental-de,crazy,Weekly Jump In Google Trends For Home Moving Truck Rental Demand Signals Housing Market Activity,0.0,9.44,-9.44,100000.0,False,74
2026-05-24,193,193,weekly-jump-in-google-trends-for-job-quitting-searches-signa,crazy,Weekly Jump In Google Trends For Job Quitting Searches Signals Labor Market Tightness Benefiting Financial Sector,0.0,9.44,-9.44,100000.0,False,80
2026-05-24,194,194,weekly-jump-in-google-trends-for-small-business-layoffs-sign,crazy,Weekly Jump In Google Trends For Small Business Layoffs Signals Consumer Discretionary Downturn,0.0,9.44,-9.44,100000.0,False,78
2026-05-24,195,195,weekly-jump-in-google-trends-for-truck-driver-shortage-signa,crazy,Weekly Jump In Google Trends For Truck Driver Shortage Signals Labor Stress In Transportation,0.0,9.44,-9.44,100000.0,False,74
2026-05-24,196,196,weekly-jump-in-google-trends-for-warehouse-automation-jobs-s,crazy,Weekly Jump In Google Trends For Warehouse Automation Jobs Signals Labor Substitution Pressure,0.0,9.44,-9.44,100000.0,False,74
2026-05-24,197,197,weekly-jump-in-google-trends-for-warehouse-labor-shortage-si,crazy,Weekly Jump In Google Trends For Warehouse Labor Shortage Signals Supply Chain Labor Stress And Industrial Sector Risk,0.0,9.44,-9.44,100000.0,False,79
2026-05-24,198,198,weekly-jump-in-google-trends-home-pest-control-emergency-sea,crazy,Weekly Jump In Google Trends Home Pest Control Emergency Searches Signals Consumer Stress And Discretionary Rebound,0.0,9.44,-9.44,100000.0,False,80
2026-05-24,199,199,weekly-jump-in-google-trends-searches-for-airport-security-d,crazy,Weekly Jump In Google Trends Searches For Airport Security Delay Signals Travel Mobility Disruptions,0.0,9.44,-9.44,100000.0,False,82
2026-05-24,200,200,weekly-rise-in-google-trends-for-commercial-truck-tire-blowo,crazy,Weekly Rise In Google Trends For Commercial Truck Tire Blowout Signals Freight Sector Caution,0.0,9.44,-9.44,100000.0,False,76
2026-05-24,201,201,weekly-rise-in-google-trends-for-freight-train-delays-signal,crazy,Weekly Rise In Google Trends For Freight Train Delays Signals Logistics Bottlenecks,0.0,9.44,-9.44,100000.0,False,74
2026-05-24,202,202,weekly-rise-in-google-trends-for-solar-panel-installation-de,crazy,Weekly Rise In Google Trends For Solar Panel Installation Delay Signals Supply Chain Issues In Green Energy,0.0,9.44,-9.44,100000.0,False,74
2026-05-24,203,203,weekly-rise-in-google-trends-for-warehouse-automation-intere,crazy,Weekly Rise In Google Trends For Warehouse Automation Interest Signals Industrial Demand,0.0,9.44,-9.44,100000.0,False,77
2026-05-24,204,204,weekly-rise-in-google-trends-for-warehouse-lighting-failure-,crazy,Weekly Rise In Google Trends For Warehouse Lighting Failure Signals Industrial Maintenance Cycle,0.0,9.44,-9.44,100000.0,False,76
2026-05-24,205,205,weekly-rise-in-google-trends-searches-for-emergency-hvac-rep,crazy,Weekly Rise In Google Trends Searches For Emergency Hvac Repair,0.0,9.44,-9.44,100000.0,False,84
2026-05-24,206,206,weekly-rise-in-google-trends-searches-for-gas-price-protest-,crazy,Weekly Rise In Google Trends Searches For Gas Price Protest Signals Bearish Xle,0.0,9.44,-9.44,100000.0,False,97
2026-05-24,207,207,weekly-rise-in-usgs-earthquake-activity-near-major-ports-sig,crazy,Weekly Rise In Usgs Earthquake Activity Near Major Ports Signals Potential Freight Disruptions,0.0,9.44,-9.44,100000.0,False,74
2026-05-24,208,208,weekly-rss-count-spike-on-warehouse-worker-injury-reports,crazy,Weekly Rss Count Spike On Warehouse Worker Injury Reports,0.0,9.44,-9.44,100000.0,False,74
2026-05-24,209,209,weekly-spike-in-food-bank-demand-google-trends-signals-consu,crazy,Weekly Spike In Food Bank Demand Google Trends Signals Consumer Staples Demand Surge,0.0,9.44,-9.44,100000.0,False,75
2026-05-24,210,210,weekly-spike-in-google-trends-for-fuel-shortage-predicts-ene,crazy,Weekly Spike In Google Trends For Fuel Shortage Predicts Energy Sector Volatility,0.0,9.44,-9.44,100000.0,False,79
2026-05-24,211,211,weekly-spike-in-google-trends-for-railway-crossing-malfuncti,crazy,Weekly Spike In Google Trends For Railway Crossing Malfunction Signals Freight Sector Risk,0.0,9.44,-9.44,100000.0,False,76
2026-05-24,212,212,weekly-spike-in-google-trends-searches-for-warehouse-automat,crazy,Weekly Spike In Google Trends Searches For Warehouse Automation Failure Signals Bearish Xli,0.0,9.44,-9.44,100000.29,False,97
2026-05-24,213,213,weekly-surge-in-google-trends-diy-home-roofing-repair-search,crazy,Weekly Surge In Google Trends Diy Home Roofing Repair Searches Signals Industrial Sector Demand Spike,0.0,9.44,-9.44,100000.0,False,80
2026-05-24,214,214,weekly-surge-in-google-trends-for-car-rental-pickup-delays-s,crazy,Weekly Surge In Google Trends For Car Rental Pickup Delays Signals Travel Disruption,0.0,9.44,-9.44,100000.0,False,69
2026-05-24,215,215,weekly-surge-in-google-trends-for-delayed-package-delivery-s,crazy,Weekly Surge In Google Trends For Delayed Package Delivery Signals Consumer Discretionary Shipping Pressure,0.0,9.44,-9.44,100000.0,False,76
2026-05-24,216,216,weekly-surge-in-google-trends-for-diy-roof-repair-signals-co,crazy,Weekly Surge In Google Trends For Diy Roof Repair Signals Consumer Stress Lifting Industrial Sector,0.0,9.44,-9.44,100000.0,False,83
2026-05-24,217,217,weekly-surge-in-google-trends-for-diy-solar-panel-repair-sig,crazy,Weekly Surge In Google Trends For Diy Solar Panel Repair Signals Green Energy Sector Rebound,0.0,9.44,-9.44,100000.0,False,90
2026-05-24,218,218,weekly-surge-in-google-trends-for-electric-scooter-theft-sig,crazy,Weekly Surge In Google Trends For Electric Scooter Theft Signals Consumer Discretionary Stress,0.0,9.44,-9.44,100000.0,False,76
2026-05-24,219,219,weekly-surge-in-google-trends-for-emergency-plumbing-repair-,crazy,Weekly Surge In Google Trends For Emergency Plumbing Repair Signals Consumer Stress Lifting Discretionary Sector,0.0,9.44,-9.44,100000.0,False,83
2026-05-24,220,220,weekly-surge-in-google-trends-for-freight-congestion-complai,crazy,Weekly Surge In Google Trends For Freight Congestion Complaints Correlating With Industrial Sector Risk,0.0,9.44,-9.44,100000.0,False,77
2026-05-24,221,221,weekly-surge-in-google-trends-for-freight-elevator-repair-si,crazy,Weekly Surge In Google Trends For Freight Elevator Repair Signals Industrial Sector Demand,0.0,9.44,-9.44,100000.0,False,76
2026-05-24,222,222,weekly-surge-in-google-trends-for-home-heating-oil-shortage-,crazy,Weekly Surge In Google Trends For Home Heating Oil Shortage Signals Bullish Xle,0.0,9.44,-9.44,100000.0,False,91
2026-05-24,223,223,weekly-surge-in-google-trends-for-job-interview-preparation-,crazy,Weekly Surge In Google Trends For Job Interview Preparation Searches,0.0,9.44,-9.44,100000.0,False,84
2026-05-24,224,224,weekly-surge-in-google-trends-for-last-minute-flight-deals-s,crazy,Weekly Surge In Google Trends For Last Minute Flight Deals Signals Travel Demand Rebound,0.0,9.44,-9.44,100000.0,False,74
2026-05-24,225,225,weekly-surge-in-google-trends-for-sudden-appliance-breakdown,crazy,Weekly Surge In Google Trends For Sudden Appliance Breakdowns Signals Discretionary Sector Rebound,0.0,9.44,-9.44,100000.0,False,80
2026-05-24,226,226,weekly-surge-in-google-trends-for-used-car-price-searches-si,crazy,Weekly Surge In Google Trends For Used Car Price Searches Signaling Consumer Cost Pressure,0.0,9.44,-9.44,100000.0,False,77
2026-05-24,227,227,weekly-surge-in-google-trends-for-warehouse-automation-jobs-,crazy,Weekly Surge In Google Trends For Warehouse Automation Jobs Signals Industrial Tech Adoption,0.0,9.44,-9.44,100000.0,False,68
2026-05-24,228,228,weekly-surge-in-google-trends-for-warehouse-automation-signa,crazy,Weekly Surge In Google Trends For Warehouse Automation Signals Industrial Sector Demand,0.0,9.44,-9.44,100000.0,False,78
2026-05-24,229,229,weekly-surge-in-google-trends-searches-for-diy-bicycle-repai,crazy,Weekly Surge In Google Trends Searches For Diy Bicycle Repair,0.0,9.44,-9.44,100000.0,False,84
2026-05-24,230,230,weekly-surge-in-google-trends-searches-for-freight-container,crazy,Weekly Surge In Google Trends Searches For Freight Container Backlog Signals Industrial Sector Pressure,0.0,9.44,-9.44,100000.0,False,79
2026-05-24,231,231,weekly-surge-in-google-trends-searches-for-home-improvement-,crazy,Weekly Surge In Google Trends Searches For Home Improvement Loan Signals Consumer Stress Lifting Xly,0.0,9.44,-9.44,100000.0,False,97
2026-05-24,232,232,weekly-surge-in-google-trends-searches-for-warehouse-worker-,crazy,Weekly Surge In Google Trends Searches For Warehouse Worker Shortage Signals Labor Tightness,0.0,9.44,-9.44,100000.0,False,82
2026-05-24,233,233,weekly-surge-in-openchargemap-ev-charger-installations-signa,crazy,Weekly Surge In Openchargemap Ev Charger Installations Signals Bullish Xlc,0.0,9.44,-9.44,100000.0,False,99
2026-05-24,234,234,work-from-home-frenzy,crazy,Work From Home Frenzy,0.0,9.44,-9.44,100000.0,False,109
2026-05-24,235,235,xlb-daily-volatility-contraction-breakout,crazy,Xlb Daily Volatility Contraction Breakout,0.0,9.44,-9.44,100000.0,False,107
2026-05-24,236,236,xlu-weekly-cold-snap-weather-correlation,crazy,Xlu Weekly Cold Snap Weather Correlation,0.0,9.44,-9.44,100000.0,False,107
2026-05-24,237,237,xlv-google-trends-flu-search-spike,crazy,Xlv Google Trends Flu Search Spike,0.0,9.44,-9.44,100000.0,False,107
2026-05-24,238,238,yelp-closure-velocity,crazy,Yelp Closure Velocity,0.0,9.44,-9.44,100000.0,False,102
2026-05-24,239,239,yield-curve-regime,crazy,Yield Curve Regime,0.0,9.44,-9.44,100000.0,False,111
2026-05-24,240,240,daily-jump-in-google-trends-for-food-poisoning-outbreak-boos,crazy,Daily Jump In Google Trends For Food Poisoning Outbreak Boosts Healthcare Sector Demand,-0.01,9.44,-9.45,99989.37,False,76
2026-05-24,241,248,rss-news-volume-spike-on-corporate-bond-downgrades-signals-c,crazy,Rss News Volume Spike On Corporate Bond Downgrades Signals Credit Stress Rotation,-0.01,9.44,-9.46,99986.6,False,75
2026-05-24,242,241,weekly-google-trends-spike-in-searches-for-food-supply-chain,crazy,Weekly Google Trends Spike In Searches For Food Supply Chain Disruptions,-0.01,9.44,-9.45,99990.05,False,84
2026-05-24,243,242,weekly-google-trends-surge-for-truck-driver-shortage-signals,crazy,Weekly Google Trends Surge For Truck Driver Shortage Signals Freight Logistics Risk And Industrial Cost Pressure,-0.01,9.44,-9.45,99993.13,False,79
2026-05-24,244,243,consumer-sentiment,crazy,Consumer Sentiment,-0.02,9.44,-9.46,99980.1,False,111
2026-05-24,245,244,daily-spike-in-rss-news-counts-on-corporate-dividend-cuts,crazy,Daily Spike In Rss News Counts On Corporate Dividend Cuts,-0.02,9.44,-9.46,99978.35,False,74
2026-05-24,246,245,electricity-demand-collapse-during-mild-weather,crazy,Electricity Demand Collapse During Mild Weather,-0.02,9.44,-9.46,99979.82,False,78
2026-05-24,247,246,google-trends-surge-in-luxury-good-searches,crazy,Google Trends Surge In Luxury Good Searches,-0.02,9.44,-9.46,99979.84,False,89
2026-05-24,248,247,natural-gas-futures-volatility-pump-rotation,crazy,Natural Gas Futures Volatility Pump Rotation,-0.02,9.44,-9.46,99979.83,False,82
2026-05-24,249,255,regional-earthquake-cluster-insurance-demand-spike,crazy,Regional Earthquake Cluster Insurance Demand Spike,-0.02,9.44,-9.47,99975.83,False,82
2026-05-24,250,249,temperature-extremes-power-demand-spike-utility-boost,crazy,Temperature Extremes Power Demand Spike Utility Boost,-0.02,9.44,-9.46,99979.82,False,97
2026-05-24,251,250,weather-extreme-disruption-energy-demand-spike,crazy,Weather Extreme Disruption Energy Demand Spike,-0.02,9.44,-9.46,99979.82,False,77
2026-05-24,252,251,weather-extremes-utility-demand-spike,crazy,Weather Extremes Utility Demand Spike,-0.02,9.44,-9.46,99979.82,False,81
2026-05-24,253,252,weekly-google-trends-surge-in-home-appliance-repair-searches,crazy,Weekly Google Trends Surge In Home Appliance Repair Searches Signals Bullish Consumer Discretionary,-0.02,9.44,-9.46,99982.54,False,92
2026-05-24,254,253,weekly-jump-in-rss-news-counts-for-coal-shortage-signals-inp,crazy,Weekly Jump In Rss News Counts For Coal Shortage Signals Input Cost Pressure In Materials,-0.02,9.44,-9.46,99983.85,False,74
2026-05-24,255,254,daily-spike-in-google-trends-for-home-air-purifier-repair-si,crazy,Daily Spike In Google Trends For Home Air Purifier Repair Signals Consumer Stress Rebound In Discretionary Sector,-0.03,9.44,-9.47,99971.86,False,90
2026-05-24,256,256,weekly-spike-in-google-trends-for-electric-vehicle-battery-r,crazy,Weekly Spike In Google Trends For Electric Vehicle Battery Replacement Signals Consumer Stress Lifting Industrial Sector,-0.03,9.44,-9.47,99969.08,False,83
2026-05-24,257,257,weekly-surge-in-google-trends-for-diy-plumbing-repair-signal,crazy,Weekly Surge In Google Trends For Diy Plumbing Repair Signals Consumer Stress Rebound,-0.03,9.44,-9.47,99974.29,False,93
2026-05-24,258,258,consumer-discretionary-google-trends-surge-for-sale-keywords,crazy,Consumer Discretionary Google Trends Surge For Sale Keywords,-0.04,9.44,-9.48,99960.96,False,105
2026-05-24,259,260,weekly-spike-in-earthquake-activity-in-port-regions-signals-,crazy,Weekly Spike In Earthquake Activity In Port Regions Signals Potential Freight Logistics Disruption,-0.04,9.44,-9.49,99955.02,False,79
2026-05-24,260,259,real-estate-sector-weekly-google-trends-home-buying-surge,crazy,Real Estate Sector Weekly Google Trends Home Buying Surge,-0.05,9.44,-9.49,99954.77,False,109
2026-05-24,261,261,weekly-surge-in-google-trends-for-diy-car-maintenance-signal,crazy,Weekly Surge In Google Trends For Diy Car Maintenance Signals Rising Auto Sector Interest,-0.05,9.44,-9.49,99939.58,False,75
2026-05-24,262,262,weekly-surge-in-google-trends-for-tech-stock-selloff-signals,crazy,Weekly Surge In Google Trends For Tech Stock Selloff Signals Rotation To Defensive Sectors,-0.05,9.44,-9.49,99950.21,False,68
2026-05-24,263,263,daily-spike-in-rss-news-counts-around-labor-union-contract-n,crazy,Daily Spike In Rss News Counts Around Labor Union Contract Negotiation Signals Bearish Xlf,-0.06,9.44,-9.5,99939.5,False,97
2026-05-24,264,264,eia-electricity-demand-shock-rebound-spread,crazy,Eia Electricity Demand Shock Rebound Spread,-0.06,9.44,-9.5,99940.31,False,90
2026-05-24,265,265,travel-booking-momentum-divergence,crazy,Travel Booking Momentum Divergence,-0.06,9.44,-9.5,99943.44,False,83
2026-05-24,266,266,utility-power-grid-stress,crazy,Utility Power Grid Stress,-0.06,9.44,-9.5,99938.31,False,109
2026-05-24,267,267,daily-spike-in-google-trends-for-emergency-dental-care-signa,crazy,Daily Spike In Google Trends For Emergency Dental Care Signals Consumer Stress Impacting Health Sector,-0.07,9.44,-9.51,99927.72,False,83
2026-05-24,268,268,electricity-demand-spike-during-extreme-cold-snap-triggers-u,crazy,Electricity Demand Spike During Extreme Cold Snap Triggers Utility Sector Rally,-0.07,9.44,-9.51,99927.69,False,79
2026-05-24,269,269,commodity-shortage-news-volume-burst,crazy,Commodity Shortage News Volume Burst,-0.08,9.44,-9.52,99917.97,False,77
2026-05-24,270,270,daily-jump-in-rss-news-counts-for-labor-union-strikes-in-tra,crazy,Daily Jump In Rss News Counts For Labor Union Strikes In Transportation Sector,-0.08,9.44,-9.52,99920.99,False,76
2026-05-24,271,271,daily-spike-in-google-trends-searches-for-electric-vehicle-b,crazy,Daily Spike In Google Trends Searches For Electric Vehicle Battery Replacement,-0.08,9.44,-9.52,99921.33,False,84
2026-05-24,272,272,healthcare-sector-google-trends-spike-in-flu-symptoms,crazy,Healthcare Sector Google Trends Spike In Flu Symptoms,-0.08,9.44,-9.52,99917.38,False,105
2026-05-24,273,273,weekly-increase-in-usgs-earthquake-activity-within-key-logis,crazy,Weekly Increase In Usgs Earthquake Activity Within Key Logistics Hubs Signals Potential Freight Delays,-0.08,9.44,-9.52,99923.09,False,82
2026-05-24,274,274,weekly-surge-in-google-trends-searches-for-truck-driver-stri,crazy,Weekly Surge In Google Trends Searches For Truck Driver Strike Signals Imminent Logistics Disruption,-0.08,9.44,-9.52,99922.61,False,82
2026-05-24,275,275,bank-stress-index-volatility-fear-crush-reversal,crazy,Bank Stress Index Volatility Fear Crush Reversal,-0.09,9.44,-9.53,99910.26,False,97
2026-05-24,276,276,financial-sector-volatility-crush-trade,crazy,Financial Sector Volatility Crush Trade,-0.09,9.44,-9.53,99910.26,False,92
2026-05-24,277,277,retail-roulette,crazy,Retail Roulette,-0.09,9.44,-9.53,99913.43,False,107
2026-05-24,278,278,daily-spike-in-google-trends-for-emergency-plumber-near-me-s,crazy,Daily Spike In Google Trends For Emergency Plumber Near Me Signals Consumer Stress Lifting Home Repair Demand,-0.1,9.44,-9.54,99903.93,False,74
2026-05-24,279,279,weekly-surge-in-job-postings-for-warehouse-workers-signals-b,crazy,Weekly Surge In Job Postings For Warehouse Workers Signals Bullish Xli,-0.1,9.44,-9.54,99902.06,False,97
2026-05-24,280,282,daily-spike-in-rss-news-counts-mentioning-politician-insider,crazy,Daily Spike In Rss News Counts Mentioning Politician Insider Buying Tech Stock Signals Bullish Xlk,-0.11,9.44,-9.56,99886.48,False,97
2026-05-24,281,280,weekly-google-trends-spike-for-diy-car-repair-signals-bullis,crazy,Weekly Google Trends Spike For Diy Car Repair Signals Bullish Xly,-0.11,9.44,-9.55,99892.81,False,94
2026-05-24,282,281,daily-jump-in-google-trends-searches-for-home-renovation-per,crazy,Daily Jump In Google Trends Searches For Home Renovation Permits,-0.12,9.44,-9.56,99884.41,False,84
2026-05-24,283,283,ev-charger-network-expansion-sentiment-surge,crazy,Ev Charger Network Expansion Sentiment Surge,-0.12,9.44,-9.56,99884.44,False,80
2026-05-24,284,284,weekly-rise-in-rss-count-for-labor-strike-news-signals-indus,crazy,Weekly Rise In Rss Count For Labor Strike News Signals Industrial Sector Risk,-0.12,9.44,-9.56,99878.52,False,79
2026-05-24,285,285,daily-surge-in-rss-news-counts-for-new-labor-union-formation,crazy,Daily Surge In Rss News Counts For New Labor Union Formations Signals Labor Market Pressure On Industrial Sector,-0.13,9.44,-9.57,99874.81,False,79
2026-05-24,286,286,google-trends-surge-in-mortgage-refinance-calculator-signals,crazy,Google Trends Surge In Mortgage Refinance Calculator Signals Rate-sensitive Financial Stress,-0.13,9.44,-9.57,99857.8,False,75
2026-05-24,287,287,oil-price-momentum-reversal-energy-sector-bounce,crazy,Oil Price Momentum Reversal Energy Sector Bounce,-0.13,9.44,-9.57,99867.3,False,94
2026-05-24,288,289,rss-news-volume-spike-on-food-supply-chain-disruptions,crazy,Rss News Volume Spike On Food Supply Chain Disruptions,-0.13,9.44,-9.58,99866.7,False,89
2026-05-24,289,288,port-congestion-squeeze,crazy,Port Congestion Squeeze,-0.14,9.44,-9.58,99861.95,False,109
2026-05-24,290,290,seismic-activity-construction-halt-signal,crazy,Seismic Activity Construction Halt Signal,-0.14,9.44,-9.58,99861.92,False,100
2026-05-24,291,293,shipping-container-squeeze-play,crazy,Shipping Container Squeeze Play,-0.14,9.44,-9.59,99856.88,False,100
2026-05-24,292,291,tremor-tension,crazy,Tremor Tension,-0.14,9.44,-9.58,99864.21,False,107
2026-05-24,293,292,utilities-sector-negative-price-gap-fill,crazy,Utilities Sector Negative Price Gap Fill,-0.14,9.44,-9.58,99857.25,False,105
2026-05-24,294,294,daily-spike-in-google-trends-for-emergency-dental-surgery-si,crazy,Daily Spike In Google Trends For Emergency Dental Surgery Signals Healthcare Consumer Stress,-0.16,9.44,-9.6,99840.86,False,76
2026-05-24,295,295,daily-jump-in-google-trends-searches-for-job-quitting-signal,crazy,Daily Jump In Google Trends Searches For Job Quitting Signals Labor Market Tightness Benefiting Consumer Discretionary,-0.17,9.44,-9.61,99834.55,False,79
2026-05-24,296,296,daily-surge-in-google-trends-for-electric-bike-repair-signal,crazy,Daily Surge In Google Trends For Electric Bike Repair Signals Bullish Consumer Discretionary,-0.17,9.44,-9.61,99828.7,False,78
2026-05-24,297,297,xlu-daily-electricity-demand-surge,crazy,Xlu Daily Electricity Demand Surge,-0.17,9.44,-9.61,99834.76,False,107
2026-05-24,298,298,daily-jump-in-google-trends-searches-for-emergency-dental-ca,crazy,Daily Jump In Google Trends Searches For Emergency Dental Care,-0.18,9.44,-9.62,99822.39,False,84
2026-05-24,299,300,daily-jump-in-google-trends-for-home-appliance-repair-signal,crazy,Daily Jump In Google Trends For Home Appliance Repair Signals Consumer Stress Lifting Consumer Staples,-0.19,9.44,-9.64,99795.5,False,79
2026-05-24,300,299,luxury-discretionary-google-trends-collapse-signal,crazy,Luxury Discretionary Google Trends Collapse Signal,-0.19,9.44,-9.63,99811.09,False,81
2026-05-24,301,301,wage-growth-demand-surge-fast-food-google-trends,crazy,Wage Growth Demand Surge Fast Food Google Trends,-0.2,9.44,-9.64,99799.52,False,93
2026-05-24,302,302,renewable-energy-investment-thesis-rebound-from-policy-senti,crazy,Renewable Energy Investment Thesis Rebound From Policy Sentiment Surge,-0.21,9.44,-9.65,99787.44,False,68
2026-05-24,303,303,weekly-surge-in-google-trends-for-hotel-room-shortage-signal,crazy,Weekly Surge In Google Trends For Hotel Room Shortage Signals Travel Sector Tightness,-0.21,9.44,-9.65,99793.96,False,93
2026-05-24,304,306,daily-spike-in-daily-earthquake-activity-near-major-logistic,crazy,Daily Spike In Daily Earthquake Activity Near Major Logistics Hubs Signals Bearish Xli,-0.22,9.44,-9.67,99775.64,False,97
2026-05-24,305,304,weekly-surge-in-google-trends-searches-for-city-water-outage,crazy,Weekly Surge In Google Trends Searches For City Water Outage Signals Bearish Xlre,-0.22,9.44,-9.66,99773.32,False,97
2026-05-24,306,305,weekly-surge-in-google-trends-searches-for-commuting-strike-,crazy,Weekly Surge In Google Trends Searches For Commuting Strike Signals Bearish Xly,-0.22,9.44,-9.66,99781.23,False,97
2026-05-24,307,307,weekly-google-trends-surge-in-energy-bill-shock-signals-cons,crazy,Weekly Google Trends Surge In Energy Bill Shock Signals Consumer Stress Impacting Utilities,-0.23,9.44,-9.67,99772.53,False,93
2026-05-24,308,308,weekly-google-trends-surge-in-home-energy-bill-shock-signals,crazy,Weekly Google Trends Surge In Home Energy Bill Shock Signals Bullish Utilities,-0.23,9.44,-9.67,99772.53,False,92
2026-05-24,309,310,weekly-rise-in-google-trends-interest-for-food-delivery-dela,crazy,Weekly Rise In Google Trends Interest For Food Delivery Delay Signals Bearish Xlp,-0.25,9.44,-9.7,99745.14,False,97
2026-05-24,310,309,electricity-enlightenment,crazy,Electricity Enlightenment,-0.26,9.44,-9.7,99740.98,False,107
2026-05-24,311,311,daily-jump-in-google-trends-for-emergency-dental-care-signal,crazy,Daily Jump In Google Trends For Emergency Dental Care Signals Consumer Stress Lifting Healthcare Sector Demand,-0.27,9.44,-9.71,99732.03,False,79
2026-05-24,312,312,daily-spike-in-rss-counts-for-cybersecurity-breach-news-trig,crazy,Daily Spike In Rss Counts For Cybersecurity Breach News Triggers Bearish Xlk,-0.27,9.44,-9.71,99734.27,False,97
2026-05-24,313,313,xlb-weekly-rss-news-count-spike-on-commodity-shortage,crazy,Xlb Weekly Rss News Count Spike On Commodity Shortage,-0.28,9.44,-9.72,99722.14,False,107
2026-05-24,314,315,weekly-surge-in-google-trends-for-inflation-hedge-gold-signa,crazy,Weekly Surge In Google Trends For Inflation Hedge Gold Signals Bullish Xlb,-0.29,9.44,-9.74,99696.68,False,94
2026-05-24,315,314,news-sentiment-rotation-fade-trade,crazy,News Sentiment Rotation Fade Trade,-0.3,9.44,-9.74,99702.97,False,100
2026-05-24,316,317,google-trends-surge-in-logistics-job-openings-signals-labor-,crazy,Google Trends Surge In Logistics Job Openings Signals Labor Shortage In Freight,-0.31,9.44,-9.76,99675.81,False,75
2026-05-24,317,316,port-container-volume-surge-signals-import-demand-recovery-a,crazy,Port Container Volume Surge Signals Import Demand Recovery And Consumer Spending Rebound,-0.31,9.44,-9.75,99689.13,False,79
2026-05-24,318,318,industrial-sector-weekly-earthquake-activity-correlation-dip,crazy,Industrial Sector Weekly Earthquake Activity Correlation Dip,-0.32,9.44,-9.76,99678.02,False,105
2026-05-24,319,319,weekly-spike-in-google-trends-for-home-cooling-failure-signa,crazy,Weekly Spike In Google Trends For Home Cooling Failure Signals Bearish Xlu,-0.32,9.44,-9.76,99677.56,False,97
2026-05-24,320,320,attention-sentiment-spike-daily-surge-in-news-rss-counts-men,crazy,Attention Sentiment Spike Daily Surge In News Rss Counts Mentioning Cyberattack Triggers Bullish Xlc,-0.34,9.44,-9.78,99658.65,False,99
2026-05-24,321,323,weekly-spike-in-freight-container-volumes-at-east-coast-port,crazy,Weekly Spike In Freight Container Volumes At East Coast Ports Signals Industrial Sector Strength,-0.34,9.44,-9.79,99655.62,False,80
2026-05-24,322,321,daily-surge-in-google-trends-searches-for-electric-vehicle-c,crazy,Daily Surge In Google Trends Searches For Electric Vehicle Charging Station Outages,-0.35,9.44,-9.79,99651.01,False,84
2026-05-24,323,322,grocery-store-foot-traffic-collapse-signal,crazy,Grocery Store Foot Traffic Collapse Signal,-0.35,9.44,-9.79,99653.74,False,100
2026-05-24,324,324,xle-weekly-drawdown-rebound-signal,crazy,Xle Weekly Drawdown Rebound Signal,-0.36,9.44,-9.8,99644.75,False,107
2026-05-24,325,325,healthcare-cost-shock-google-search-spike,crazy,Healthcare Cost Shock Google Search Spike,-0.37,9.44,-9.81,99617.84,False,100
2026-05-24,326,326,google-gusts,crazy,Google Gusts,-0.4,9.44,-9.84,99597.93,False,107
2026-05-24,327,327,weekly-google-trends-surge-in-fast-food-job-openings-signals,crazy,Weekly Google Trends Surge In Fast Food Job Openings Signals Bullish Consumer Discretionary,-0.4,9.44,-9.84,99597.78,False,92
2026-05-24,328,328,daily-jump-in-google-trends-for-emergency-plumber-near-me-si,crazy,Daily Jump In Google Trends For Emergency Plumber Near Me Signals Consumer Home Repair Stress,-0.41,9.44,-9.85,99592.43,False,75
2026-05-24,329,329,xlc-weekly-google-trends-surge-in-5g-rollout,crazy,Xlc Weekly Google Trends Surge In 5g Rollout,-0.41,9.44,-9.85,99592.39,False,107
2026-05-24,330,330,daily-spike-in-google-trends-for-emergency-plumbing-repair-s,crazy,Daily Spike In Google Trends For Emergency Plumbing Repair Signals Consumer Stress Rebound Benefiting Discretionary Sector,-0.42,9.44,-9.86,99572.85,False,90
2026-05-24,331,331,liquor,crazy,Liquor Store Leading Indicator,-0.42,9.44,-9.86,99580.98,False,111
2026-05-24,332,332,healthcare-cost-google-trends-acceleration-index,crazy,Healthcare Cost Google Trends Acceleration Index,-0.53,9.44,-9.98,99466.5,False,89
2026-05-24,333,333,daily-jump-in-google-trends-for-emergency-hvac-repair-signal,crazy,Daily Jump In Google Trends For Emergency Hvac Repair Signals Consumer Home Repair Stress,-0.56,9.44,-10.0,99442.23,False,76
2026-05-24,334,334,vix-term-structure,crazy,VIX Term Structure,-0.59,9.44,-10.04,99405.3,False,102
2026-05-24,335,335,daily-jump-in-google-trends-searches-for-home-water-heater-r,crazy,Daily Jump In Google Trends Searches For Home Water Heater Repair Signals Consumer Stress Lifting Xly,-0.61,9.44,-10.06,99385.03,False,91
2026-05-24,336,336,weekly-surge-in-google-trends-searches-for-diy-home-repair-s,crazy,Weekly Surge In Google Trends Searches For Diy Home Repair Signals Consumer Stress Lifting Xly,-0.79,9.44,-10.23,99212.48,False,99
2026-05-24,337,337,truck-tonnage,crazy,Truck Tonnage Index,-0.91,9.44,-10.36,99085.61,False,111
2026-05-24,338,338,freight-rail-carloads,crazy,Freight Rail Carloads,-1.05,9.44,-10.49,98948.0,False,111
2026-05-24,339,339,lumber-momentum,crazy,Lumber Momentum,-1.38,9.44,-10.83,98615.49,False,111
2026-05-24,340,340,copper-momentum,crazy,Copper Momentum,-1.8,9.44,-11.24,98202.81,False,111
2026-05-24,341,341,port-container-volume,crazy,Port Container Volume,-2.18,9.44,-11.62,97820.07,False,111
2026-05-24,342,342,vix-fear-rotation,crazy,VIX Fear Rotation,-2.35,9.44,-11.79,97650.78,False,102
2026-05-24,343,343,electricity-consumption,crazy,Electricity Consumption,-4.25,9.44,-13.69,95748.28,False,111
2026-05-24,344,344,baileymol-crazy,crazy,Chaos Rotation Lab,-6.02,9.44,-15.47,93975.35,False,111
2026-05-25,1,1,simple_monthly,normal,Quantified Simple Monthly Rotation,13.09,9.44,3.64,113085.93,True,113
2026-05-25,2,2,faber,normal,Faber Momentum Rotation,8.27,9.44,-1.17,108267.52,False,113
2026-05-25,3,3,baileymol,normal,Algo Baileymol (Chaos Monger),8.16,9.44,-1.28,108161.29,False,113
2026-05-25,4,4,dmsr,normal,Antonacci Dual Momentum Sector Rotation,6.89,9.44,-2.55,106890.21,False,113
2026-05-25,5,5,uber-mobility,crazy,Uber Mobility Index,5.09,9.44,-4.36,105086.47,False,112
2026-05-25,6,6,retail-sales-momentum,crazy,Retail Sales Momentum,5.08,9.44,-4.37,105076.17,False,112
2026-05-25,7,7,job-posting-acceleration,crazy,Job Posting Acceleration,3.43,9.44,-6.01,103428.14,False,112
2026-05-25,8,8,insider-trading-signals,crazy,Insider Trading Signals,0.57,9.44,-8.87,100570.68,False,112
2026-05-25,9,9,biscotti-crazy,crazy,Algo Biscotti (Unconditional Loyalty) (alt),0.34,9.44,-9.1,100340.6,False,112
2026-05-25,10,10,housing-permit-velocity,crazy,Housing Permit Velocity,0.26,9.44,-9.19,100257.19,False,112
2026-05-25,11,11,misery-rotation,crazy,Misery Rotation,0.26,9.44,-9.19,100256.85,False,112
2026-05-25,12,12,mortgage-rate-housing-proxy,crazy,Mortgage Rate Housing Proxy,0.15,9.44,-9.29,100150.44,False,112
2026-05-25,13,16,weekly-google-trends-surge-in-diy-electronics-repair-signals,crazy,Weekly Google Trends Surge In Diy Electronics Repair Signals Tech Consumer Stress Lift,0.08,9.44,-9.37,100076.08,False,94
2026-05-25,14,17,weekly-surge-in-google-trends-searches-for-diy-electronics-r,crazy,Weekly Surge In Google Trends Searches For Diy Electronics Repair Signals Bullish Xlk,0.08,9.44,-9.37,100076.94,False,98
2026-05-25,15,13,daily-jump-in-consumer-stress-google-trends-searches-for-car,crazy,Daily Jump In Consumer Stress Google Trends Searches For Car Repossession Signals Rising Financial Distress,0.07,9.44,-9.37,100070.09,False,83
2026-05-25,16,14,earthquake-aftershock-insurance-claims-spike,crazy,Earthquake Aftershock Insurance Claims Spike,0.07,9.44,-9.37,100070.66,False,90
2026-05-25,17,15,recession-whisper-google-trends-unemployment-search-surge,crazy,Recession Whisper Google Trends Unemployment Search Surge,0.07,9.44,-9.37,100072.76,False,94
2026-05-25,18,18,price-momentum-reversion-in-defensive-sectors-after-tech-cra,crazy,Price Momentum Reversion In Defensive Sectors After Tech Crash,0.06,9.44,-9.38,100061.6,False,91
2026-05-25,19,19,earthquake-aftershock-amplifier,crazy,Earthquake Aftershock Amplifier,0.05,9.44,-9.39,100047.52,False,106
2026-05-25,20,20,google-trends-surge-in-used-car-price-searches,crazy,Google Trends Surge In Used Car Price Searches,0.04,9.44,-9.4,100038.19,False,92
2026-05-25,21,21,semiconductor-moonshot-warning,crazy,Semiconductor Moonshot Warning,0.04,9.44,-9.4,100041.43,False,106
2026-05-25,22,22,usgs-earthquake-activity-spike-near-major-freight-hubs-signa,crazy,Usgs Earthquake Activity Spike Near Major Freight Hubs Signals Temporary Freight Disruption,0.04,9.44,-9.4,100042.42,False,79
2026-05-25,23,23,biscotti,normal,Algo Biscotti (Unconditional Loyalty),0.03,9.44,-9.41,100028.47,False,113
2026-05-25,24,24,healthcare-cost-inflation-google-trends-acceleration,crazy,Healthcare Cost Inflation Google Trends Acceleration,0.03,9.44,-9.41,100030.67,False,82
2026-05-25,25,26,materials-sector-weekly-positive-correlation-breakdown-with-,crazy,Materials Sector Weekly Positive Correlation Breakdown With Xlb,0.03,9.44,-9.42,100025.87,False,106
2026-05-25,26,25,daily-jump-in-google-trends-for-home-building-permit-delay-s,crazy,Daily Jump In Google Trends For Home Building Permit Delay Signals Local Economy Construction Stress Hurting Real Estate Sector,0.02,9.44,-9.42,100024.25,False,80
2026-05-25,27,29,daily-spike-in-usgs-earthquake-activity-near-key-industrial-,crazy,Daily Spike In Usgs Earthquake Activity Near Key Industrial Hubs,0.02,9.44,-9.43,100015.96,False,85
2026-05-25,28,27,staples-sector-drawdown-rapid-recovery,crazy,Staples Sector Drawdown Rapid Recovery,0.02,9.44,-9.42,100024.7,False,106
2026-05-25,29,28,weekly-surge-in-google-trends-for-diy-electronics-repair-sig,crazy,Weekly Surge In Google Trends For Diy Electronics Repair Signals Bullish Xlk,0.02,9.44,-9.42,100022.05,False,92
2026-05-25,30,74,daily-spike-in-rss-news-feed-for-semiconductor-chip-shortage,crazy,Daily Spike In Rss News Feed For Semiconductor Chip Shortage Signals Tech Sector Volatility,0.01,9.44,-9.44,100007.01,False,77
2026-05-25,31,124,healthcare-procedure-google-trends-demand-resurgence,crazy,Healthcare Procedure Google Trends Demand Resurgence,0.01,9.44,-9.44,100005.77,False,81
2026-05-25,32,147,renewable-energy-rss-news-volume-surge,crazy,Renewable Energy Rss News Volume Surge,0.01,9.44,-9.44,100006.29,False,84
2026-05-25,33,30,weekly-google-trends-spike-for-diy-home-renovation-signals-b,crazy,Weekly Google Trends Spike For Diy Home Renovation Signals Bullish Consumer Staples,0.01,9.44,-9.43,100010.87,False,79
2026-05-25,34,31,airline-fuel-cost-volatility-expansion,crazy,Airline Fuel Cost Volatility Expansion,0.0,9.44,-9.44,100000.0,False,82
2026-05-25,35,32,airline-load-factor,crazy,Airline Load Factor Proxy,0.0,9.44,-9.44,100000.0,False,112
2026-05-25,36,33,airport-security-surge,crazy,Airport Security Surge,0.0,9.44,-9.44,100000.0,False,110
2026-05-25,37,34,airport-shopping-spree,crazy,Airport Shopping Spree,0.0,9.44,-9.44,100000.0,False,112
2026-05-25,38,35,appliance-shortage-supply-chain-stress,crazy,Appliance Shortage Supply Chain Stress,0.0,9.44,-9.44,100000.0,False,79
2026-05-25,39,36,bankruptcy-filing-rate,crazy,Bankruptcy Filing Rate,0.0,9.44,-9.44,100000.0,False,112
2026-05-25,40,37,calls311,crazy,311 Call Rotation,0.0,9.44,-9.44,100000.0,False,112
2026-05-25,41,38,cardboard,crazy,Cardboard Box Index,0.0,9.44,-9.44,100000.0,False,112
2026-05-25,42,39,cloud-storage-demand-surge,crazy,Cloud Storage Demand Surge,0.0,9.44,-9.44,100000.0,False,112
2026-05-25,43,40,congress,crazy,Congress Trading Fade,0.0,9.44,-9.44,100000.0,False,112
2026-05-25,44,41,consumer-stress-spike-from-google-trends-on-urgent-appliance,crazy,Consumer Stress Spike From Google Trends On Urgent Appliance Repair Searches,0.0,9.44,-9.44,100000.0,False,78
2026-05-25,45,42,craigslist,crazy,Craigslist Desperation Index,0.0,9.44,-9.44,100000.0,False,112
2026-05-25,46,43,credit-card-delinquency,crazy,Credit Card Delinquency,0.0,9.44,-9.44,100000.0,False,112
2026-05-25,47,44,crypto-capitulation-countdown,crazy,Crypto Capitulation Countdown,0.0,9.44,-9.44,100000.0,False,106
2026-05-25,48,45,crypto-derivative-arbitrage,crazy,Crypto Derivative Arbitrage,0.0,9.44,-9.44,100000.0,False,112
2026-05-25,49,46,daily-jump-in-google-trends-for-bank-account-overdraft-fees,crazy,Daily Jump In Google Trends For Bank Account Overdraft Fees,0.0,9.44,-9.44,100000.0,False,75
2026-05-25,50,47,daily-jump-in-google-trends-for-emergency-dental-surgery-sig,crazy,Daily Jump In Google Trends For Emergency Dental Surgery Signals Healthcare Consumer Stress,0.0,9.44,-9.44,100000.0,False,69
2026-05-25,51,48,daily-jump-in-google-trends-for-emergency-plumber-signals-ri,crazy,Daily Jump In Google Trends For Emergency Plumber Signals Rising Local Economy Stress Benefiting Staples,0.0,9.44,-9.44,100000.24,False,82
2026-05-25,52,49,daily-jump-in-google-trends-for-emergency-roadside-assistanc,crazy,Daily Jump In Google Trends For Emergency Roadside Assistance Signals Consumer Stress Impacting Discretionary Sector,0.0,9.44,-9.44,100000.0,False,81
2026-05-25,53,50,daily-jump-in-google-trends-for-food-delivery-delay-complain,crazy,Daily Jump In Google Trends For Food Delivery Delay Complaints Signals Bearish Consumer Staples,0.0,9.44,-9.44,100000.0,False,79
2026-05-25,54,51,daily-jump-in-google-trends-for-home-internet-outage-signals,crazy,Daily Jump In Google Trends For Home Internet Outage Signals Consumer Discretionary Tech Stress,0.0,9.44,-9.44,100000.0,False,77
2026-05-25,55,52,daily-jump-in-google-trends-for-solar-panel-repair-searches-,crazy,Daily Jump In Google Trends For Solar Panel Repair Searches Signals Green Energy Sector Rebound,0.0,9.44,-9.44,100000.0,False,90
2026-05-25,56,53,daily-jump-in-google-trends-for-warehouse-worker-strike-sign,crazy,Daily Jump In Google Trends For Warehouse Worker Strike Signals Labor Stress In Logistics,0.0,9.44,-9.44,100000.0,False,75
2026-05-25,57,54,daily-jump-in-google-trends-searches-for-electric-vehicle-ba,crazy,Daily Jump In Google Trends Searches For Electric Vehicle Battery Failure Signals Consumer Tech Stress,0.0,9.44,-9.44,100000.0,False,83
2026-05-25,58,55,daily-jump-in-openchargemap-ev-charger-counts-expansion-rate,crazy,Daily Jump In Openchargemap Ev Charger Counts Expansion Rate Signals Bullish Consumer Discretionary,0.0,9.44,-9.44,100000.0,False,79
2026-05-25,59,56,daily-jump-in-openchargemap-ev-charger-counts-in-key-states-,crazy,Daily Jump In Openchargemap Ev Charger Counts In Key States Signals Tech Sector Acceleration,0.0,9.44,-9.44,100000.0,False,81
2026-05-25,60,57,daily-jump-in-rss-news-counts-mentioning-labor-strike-signal,crazy,Daily Jump In Rss News Counts Mentioning Labor Strike Signals Imminent Industrial Disruption,0.0,9.44,-9.44,100000.0,False,83
2026-05-25,61,58,daily-jump-in-weather-series-temperature-volatility-signals-,crazy,Daily Jump In Weather Series Temperature Volatility Signals Utility Demand Surges,0.0,9.44,-9.44,100000.0,False,67
2026-05-25,62,59,daily-spike-in-ev-charger-installations-signals-bullish-xlc,crazy,Daily Spike In Ev Charger Installations Signals Bullish Xlc,0.0,9.44,-9.44,100000.0,False,95
2026-05-25,63,60,daily-spike-in-freight-logistics-rss-news-volume-mentioning-,crazy,Daily Spike In Freight Logistics Rss News Volume Mentioning Port Labor Strike Triggers Bearish Xli,0.0,9.44,-9.44,100000.0,False,98
2026-05-25,64,61,daily-spike-in-google-trends-for-emergency-roadside-assistan,crazy,Daily Spike In Google Trends For Emergency Roadside Assistance Searches Signals Consumer Stress,0.0,9.44,-9.44,100000.0,False,78
2026-05-25,65,62,daily-spike-in-google-trends-for-emergency-vehicle-battery-r,crazy,Daily Spike In Google Trends For Emergency Vehicle Battery Replacement Searches Signals Auto Stress,0.0,9.44,-9.44,100000.0,False,78
2026-05-25,66,63,daily-spike-in-google-trends-for-emergency-vehicle-repair-si,crazy,Daily Spike In Google Trends For Emergency Vehicle Repair Signals Consumer Stress Lifting Industrial Sector,0.0,9.44,-9.44,100000.0,False,91
2026-05-25,67,64,daily-spike-in-google-trends-for-flu-symptom-searches-boosti,crazy,Daily Spike In Google Trends For Flu Symptom Searches Boosting Healthcare Services Demand,0.0,9.44,-9.44,100000.0,False,78
2026-05-25,68,65,daily-spike-in-google-trends-for-heating-oil-delivery-delay-,crazy,Daily Spike In Google Trends For Heating Oil Delivery Delay Signals Energy Sector Pressure,0.0,9.44,-9.44,100000.0,False,77
2026-05-25,69,66,daily-spike-in-google-trends-for-urgent-dental-surgery-signa,crazy,Daily Spike In Google Trends For Urgent Dental Surgery Signals Healthcare Demand Surge,0.0,9.44,-9.44,100000.0,False,76
2026-05-25,70,67,daily-spike-in-google-trends-searches-for-airline-flight-del,crazy,Daily Spike In Google Trends Searches For Airline Flight Delay Compensation,0.0,9.44,-9.44,100000.0,False,85
2026-05-25,71,68,daily-spike-in-google-trends-searches-for-emergency-car-batt,crazy,Daily Spike In Google Trends Searches For Emergency Car Battery Replacement Signals Consumer Stress Impacting Discretionary,0.0,9.44,-9.44,100000.0,False,90
2026-05-25,72,69,daily-spike-in-google-trends-searches-for-emergency-plumber-,crazy,Daily Spike In Google Trends Searches For Emergency Plumber Signals Consumer Home Repair Stress,0.0,9.44,-9.44,100000.0,False,83
2026-05-25,73,70,daily-spike-in-google-trends-searches-for-home-heating-syste,crazy,Daily Spike In Google Trends Searches For Home Heating System Failure Signals Winter Utility Stress,0.0,9.44,-9.44,100000.0,False,83
2026-05-25,74,71,daily-spike-in-rss-counts-for-corporate-layoff-announcements,crazy,Daily Spike In Rss Counts For Corporate Layoff Announcements Signals Consumer Discretionary Headwind,0.0,9.44,-9.44,100000.0,False,67
2026-05-25,75,72,daily-spike-in-rss-counts-for-new-labor-union-formations-sig,crazy,Daily Spike In Rss Counts For New Labor Union Formations Signals Labor Market Shift,0.0,9.44,-9.44,100000.0,False,67
2026-05-25,76,73,daily-spike-in-rss-news-count-for-semiconductor-equipment-or,crazy,Daily Spike In Rss News Count For Semiconductor Equipment Orders Signals Chip Sector Rebound,0.0,9.44,-9.44,100000.0,False,69
2026-05-25,77,75,daily-stock-price-volatility-spike-in-xlu-relative-to-spy,crazy,Daily Stock Price Volatility Spike In Xlu Relative To Spy,0.0,9.44,-9.44,100000.0,False,75
2026-05-25,78,76,daily-surge-in-google-trends-for-car-rental-price-spike-trig,crazy,Daily Surge In Google Trends For Car Rental Price Spike Triggers Travel Mobility Sector Pullback,0.0,9.44,-9.44,100000.0,False,80
2026-05-25,79,77,daily-surge-in-google-trends-for-electric-vehicle-charging-s,crazy,Daily Surge In Google Trends For Electric Vehicle Charging Station Outage Signals Green Tech Stress,0.0,9.44,-9.44,100000.0,False,75
2026-05-25,80,78,daily-surge-in-google-trends-for-emergency-food-delivery-sig,crazy,Daily Surge In Google Trends For Emergency Food Delivery Signals Consumer Stress Lifting Staples Demand,0.0,9.44,-9.44,100000.0,False,75
2026-05-25,81,79,daily-surge-in-google-trends-for-emergency-hvac-repair-signa,crazy,Daily Surge In Google Trends For Emergency Hvac Repair Signals Consumer Stress Boosting Home Improvement,0.0,9.44,-9.44,100000.0,False,70
2026-05-25,82,80,daily-surge-in-google-trends-for-home-heating-oil-shortage-s,crazy,Daily Surge In Google Trends For Home Heating Oil Shortage Signals Energy Sector Stress,0.0,9.44,-9.44,100000.0,False,68
2026-05-25,83,81,daily-surge-in-google-trends-for-home-office-setup-signals-b,crazy,Daily Surge In Google Trends For Home Office Setup Signals Bullish Technology Sector,0.0,9.44,-9.44,100000.0,False,79
2026-05-25,84,82,daily-surge-in-google-trends-for-urgent-dental-care-searches,crazy,Daily Surge In Google Trends For Urgent Dental Care Searches Lifting Healthcare Sector,0.0,9.44,-9.44,100000.0,False,78
2026-05-25,85,83,daily-surge-in-google-trends-searches-for-home-heating-syste,crazy,Daily Surge In Google Trends Searches For Home Heating System Failure Signals Consumer Stress Impacting Utilities,0.0,9.44,-9.44,100000.0,False,91
2026-05-25,86,84,daily-surge-in-open-charge-map-ev-charger-new-install-counts,crazy,Daily Surge In Open Charge Map Ev Charger New Install Counts Signals Auto Tech Growth,0.0,9.44,-9.44,100000.0,False,70
2026-05-25,87,85,daily-surge-in-rss-news-counts-for-corporate-bond-downgrade-,crazy,Daily Surge In Rss News Counts For Corporate Bond Downgrade Signals Credit Stress Rotation,0.0,9.44,-9.44,100000.0,False,75
2026-05-25,88,86,daily-surge-in-rss-news-counts-on-corporate-dividend-increas,crazy,Daily Surge In Rss News Counts On Corporate Dividend Increases Signals Financial Sector Strength,0.0,9.44,-9.44,100000.0,False,69
2026-05-25,89,87,earthquake-activity-surge-in-oil-producing-regions-signals-s,crazy,Earthquake Activity Surge In Oil-producing Regions Signals Supply Disruption Risk Premium,0.0,9.44,-9.44,100000.0,False,76
2026-05-25,90,88,earthquake-energy-demand,crazy,Earthquake Energy Demand Indicator,0.0,9.44,-9.44,100000.0,False,112
2026-05-25,91,89,electric-vehicle-charge-station-density,crazy,Electric Vehicle Charge Station Density,0.0,9.44,-9.44,100000.0,False,112
2026-05-25,92,90,electricity-demand-spike-weather-anomaly,crazy,Electricity Demand Spike Weather Anomaly,0.0,9.44,-9.44,100000.0,False,92
2026-05-25,93,91,energy-sector-sudden-weekly-volatility-spike,crazy,Energy Sector Sudden Weekly Volatility Spike,0.0,9.44,-9.44,100000.0,False,103
2026-05-25,94,92,energy-sector-weekly-drawdown-exhaustion,crazy,Energy Sector Weekly Drawdown Exhaustion,0.0,9.44,-9.44,100000.0,False,106
2026-05-25,95,93,ev-charger-buildout-acceleration-play,crazy,Ev Charger Buildout Acceleration Play,0.0,9.44,-9.44,100000.0,False,78
2026-05-25,96,94,ev-charger-density-saturation-play,crazy,Ev Charger Density Saturation Play,0.0,9.44,-9.44,100000.0,False,101
2026-05-25,97,95,ev-charger-deployment-sprint-acceleration,crazy,Ev Charger Deployment Sprint Acceleration,0.0,9.44,-9.44,100000.0,False,84
2026-05-25,98,96,ev-charger-expansion-frenzy,crazy,Ev Charger Expansion Frenzy,0.0,9.44,-9.44,100000.0,False,92
2026-05-25,99,97,ev-charger-expansion-momentum-surge,crazy,Ev Charger Expansion Momentum Surge,0.0,9.44,-9.44,100000.0,False,85
2026-05-25,100,98,ev-charger-expansion-velocity-boom,crazy,Ev Charger Expansion Velocity Boom,0.0,9.44,-9.44,100000.0,False,82
2026-05-25,101,99,ev-charger-installation-acceleration-play,crazy,Ev Charger Installation Acceleration Play,0.0,9.44,-9.44,100000.0,False,93
2026-05-25,102,100,ev-charger-installation-boom-acceleration-signal,crazy,Ev Charger Installation Boom Acceleration Signal,0.0,9.44,-9.44,100000.0,False,68
2026-05-25,103,101,ev-charger-network-contraction-signals-electric-vehicle-adop,crazy,Ev Charger Network Contraction Signals Electric Vehicle Adoption Slowdown,0.0,9.44,-9.44,100000.0,False,80
2026-05-25,104,102,ev-charger-network-density-jump,crazy,Ev Charger Network Density Jump,0.0,9.44,-9.44,100000.0,False,79
2026-05-25,105,103,ev-charger-network-density-surge-bullish-signal,crazy,Ev Charger Network Density Surge Bullish Signal,0.0,9.44,-9.44,100000.0,False,95
2026-05-25,106,104,ev-charger-network-expansion-acceleration,crazy,Ev Charger Network Expansion Acceleration,0.0,9.44,-9.44,100000.0,False,90
2026-05-25,107,105,ev-charger-network-expansion-sprint-demand-surge,crazy,Ev Charger Network Expansion Sprint Demand Surge,0.0,9.44,-9.44,100000.0,False,98
2026-05-25,108,106,ev-charger-network-expansion-velocity-surge,crazy,Ev Charger Network Expansion Velocity Surge,0.0,9.44,-9.44,100000.0,False,91
2026-05-25,109,107,ev-charger-rollout-acceleration-green-energy-sector-tailwind,crazy,Ev Charger Rollout Acceleration Green Energy Sector Tailwind,0.0,9.44,-9.44,100000.0,False,70
2026-05-25,110,108,ev-charging-boom,crazy,Ev Charging Boom,0.0,9.44,-9.44,100000.0,False,110
2026-05-25,111,109,ev-charging-network-saturation-surge,crazy,Ev Charging Network Saturation Surge,0.0,9.44,-9.44,100000.0,False,67
2026-05-25,112,110,ev-charging-station-stampede,crazy,Ev Charging Station Stampede,0.0,9.44,-9.44,100000.0,False,106
2026-05-25,113,111,ev-euphoria,crazy,Ev Euphoria,0.0,9.44,-9.44,100000.0,False,108
2026-05-25,114,112,financial-sector-momentum-divergence-with-spy,crazy,Financial Sector Momentum Divergence With Spy,0.0,9.44,-9.44,100000.0,False,106
2026-05-25,115,113,fintech-disruption-wave,crazy,Fintech Disruption Wave,0.0,9.44,-9.44,100000.0,False,110
2026-05-25,116,114,freight-rail-congestion-rss-volume-explosion,crazy,Freight Rail Congestion Rss Volume Explosion,0.0,9.44,-9.44,100000.0,False,82
2026-05-25,117,115,glassdoor,crazy,Glassdoor Misery Gradient,0.0,9.44,-9.44,100000.0,False,112
2026-05-25,118,116,global-tech-earnings-momentum,crazy,Global Tech Earnings Momentum,0.0,9.44,-9.44,100000.0,False,110
2026-05-25,119,117,gold-volatility-vol-of-vol-spike,crazy,Gold Volatility Vol-of-vol Spike,0.0,9.44,-9.44,100000.0,False,93
2026-05-25,120,118,google-trends-spike-in-bankruptcy-filing-and-debt-consolidat,crazy,Google Trends Spike In Bankruptcy Filing And Debt Consolidation Signals Consumer Default Risk Surge,0.0,9.44,-9.44,100000.0,False,80
2026-05-25,121,119,google-trends-surge-in-bankruptcy-search-intent,crazy,Google Trends Surge In Bankruptcy Search Intent,0.0,9.44,-9.44,100000.0,False,70
2026-05-25,122,120,google-trends-surge-in-flight-delay-complaints,crazy,Google Trends Surge In Flight Delay Complaints,0.0,9.44,-9.44,100000.0,False,91
2026-05-25,123,121,health-insurance-deductible-shock-searches,crazy,Health Insurance Deductible Shock Searches,0.0,9.44,-9.44,100000.0,False,84
2026-05-25,124,122,healthcare-cost-shock-google-trends-spike,crazy,Healthcare Cost Shock Google Trends Spike,0.0,9.44,-9.44,100000.0,False,92
2026-05-25,125,123,healthcare-cost-urgency-spike,crazy,Healthcare Cost Urgency Spike,0.0,9.44,-9.44,100000.0,False,67
2026-05-25,126,125,healthcare-utilization-surge-from-seasonal-illness-wave,crazy,Healthcare Utilization Surge From Seasonal Illness Wave,0.0,9.44,-9.44,100000.0,False,68
2026-05-25,127,126,high-yield-spread-regime,crazy,High Yield Spread Regime,0.0,9.44,-9.44,100000.0,False,112
2026-05-25,128,127,linkedin,crazy,LinkedIn Layoff Propagation,0.0,9.44,-9.44,100000.0,False,112
2026-05-25,129,128,lumber-futures-rollercoaster,crazy,Lumber Futures Rollercoaster,0.0,9.44,-9.44,100000.0,False,106
2026-05-25,130,129,materials-sector-weekly-volatility-contraction-breakout,crazy,Materials Sector Weekly Volatility Contraction Breakout,0.0,9.44,-9.44,100000.0,False,103
2026-05-25,131,130,mortgage-refinance-wave-google-trends-surge,crazy,Mortgage Refinance Wave Google Trends Surge,0.0,9.44,-9.44,100000.0,False,93
2026-05-25,132,131,natural-gas-demand-spike-from-unseasonable-cold-snap-detecti,crazy,Natural Gas Demand Spike From Unseasonable Cold Snap Detection,0.0,9.44,-9.44,100000.0,False,76
2026-05-25,133,132,online-ad-impression-volatility,crazy,Online Ad Impression Volatility Trader,0.0,9.44,-9.44,100000.0,False,112
2026-05-25,134,133,patent-filing-velocity,crazy,Patent Filing Velocity,0.0,9.44,-9.44,100000.0,False,103
2026-05-25,135,134,pet-emergency-vet-visit-spike,crazy,Pet Emergency Vet Visit Spike,0.0,9.44,-9.44,100000.0,False,79
2026-05-25,136,135,pet-food-supply-chain,crazy,Pet Food Supply Chain Disruption,0.0,9.44,-9.44,100000.0,False,112
2026-05-25,137,136,real-time-retail-traffic-collapse,crazy,Real-time Retail Traffic Collapse,0.0,9.44,-9.44,100000.0,False,67
2026-05-25,138,137,reddit-emoji-sentiment-spike,crazy,Reddit Emoji Sentiment Spike,0.0,9.44,-9.44,100000.0,False,112
2026-05-25,139,138,reddit-gaming-thread-spike,crazy,Reddit Gaming Thread Spike,0.0,9.44,-9.44,100000.0,False,112
2026-05-25,140,139,reddit-mentions-volatility-spike,crazy,Reddit Mentions Volatility Spike,0.0,9.44,-9.44,100000.0,False,112
2026-05-25,141,140,reddit-sentiment-spike-trend,crazy,Reddit Sentiment Spike Trend,0.0,9.44,-9.44,100000.0,False,112
2026-05-25,142,141,reddit-sentiment-spike,crazy,Reddit Sentiment Spike,0.0,9.44,-9.44,100000.0,False,112
2026-05-25,143,142,reddit-sentiment-volatility-spike,crazy,Reddit Sentiment Volatility Spike,0.0,9.44,-9.44,100000.0,False,112
2026-05-25,144,143,reddit-subreddit-mention-spike,crazy,Reddit Subreddit Mention Spike,0.0,9.44,-9.44,100000.0,False,112
2026-05-25,145,144,reddit-subreddit-sentiment-spike,crazy,Reddit Subreddit Sentiment Spike,0.0,9.44,-9.44,100000.0,False,112
2026-05-25,146,145,reddit-subreddit-surge-momentum,crazy,Reddit Subreddit Surge Momentum,0.0,9.44,-9.44,100000.0,False,112
2026-05-25,147,146,reddit-volatility-spike,crazy,Reddit Volatility Spike,0.0,9.44,-9.44,100000.0,False,112
2026-05-25,148,148,rental-car-shortage-volatility-spike,crazy,Rental Car Shortage Volatility Spike,0.0,9.44,-9.44,100000.0,False,101
2026-05-25,149,149,residential-real-estate-search-momentum-rotation,crazy,Residential Real Estate Search Momentum Rotation,0.0,9.44,-9.44,100000.0,False,85
2026-05-25,150,150,retail-rush-ahead-of-holidays,crazy,Retail Rush Ahead Of Holidays,0.0,9.44,-9.44,100000.0,False,110
2026-05-25,151,247,rss-count-surge-for-supply-chain-bottleneck-news,crazy,Rss Count Surge For Supply Chain Bottleneck News,-0.0,9.44,-9.45,99996.57,False,70
2026-05-25,152,151,rss-roar,crazy,Rss Roar,0.0,9.44,-9.44,100000.0,False,108
2026-05-25,153,152,small-business-formation,crazy,Small Business Formation,0.0,9.44,-9.44,100000.0,False,112
2026-05-25,154,153,social-media-sentiment-spike,crazy,Social Media Sentiment Spike,0.0,9.44,-9.44,100000.0,False,112
2026-05-25,155,154,solar-storm-scorcher,crazy,Solar Storm Scorcher,0.0,9.44,-9.44,100000.0,False,106
2026-05-25,156,155,superbowl-futures-trade,crazy,Superbowl Futures Trade,0.0,9.44,-9.44,100000.0,False,112
2026-05-25,157,156,technology-sector-daily-ev-charger-count-surge,crazy,Technology Sector Daily Ev Charger Count Surge,0.0,9.44,-9.44,100000.0,False,106
2026-05-25,158,157,temperature-shock-energy-demand-flip,crazy,Temperature Shock Energy Demand Flip,0.0,9.44,-9.44,100000.0,False,101
2026-05-25,159,158,travel-mobility-rebound-post-weather-system,crazy,Travel Mobility Rebound Post Weather System,0.0,9.44,-9.44,100000.0,False,68
2026-05-25,160,159,truck-driver-wage-search-surge,crazy,Truck Driver Wage Search Surge,0.0,9.44,-9.44,100000.0,False,78
2026-05-25,161,160,tsa,crazy,TSA Body Count,0.0,9.44,-9.44,100000.0,False,112
2026-05-25,162,161,twitter-sentiment-spike,crazy,Twitter Sentiment Spike,0.0,9.44,-9.44,100000.0,False,112
2026-05-25,163,162,utilities-sector-weekly-temperature-drop-signal,crazy,Utilities Sector Weekly Temperature Drop Signal,0.0,9.44,-9.44,100000.0,False,110
2026-05-25,164,163,utilities-volatility-spike-long-hedge-trade,crazy,Utilities Volatility Spike Long Hedge Trade,0.0,9.44,-9.44,100000.0,False,68
2026-05-25,165,164,utility-demand-spike-from-weather-extremes,crazy,Utility Demand Spike From Weather Extremes,0.0,9.44,-9.44,100001.85,False,67
2026-05-25,166,165,utility-sector-rate-hike-anxiety-from-weather-driven-demand-,crazy,Utility Sector Rate Hike Anxiety From Weather-driven Demand Spike,0.0,9.44,-9.44,100000.0,False,69
2026-05-25,167,166,utility-volatility-compression-reversion-bounce,crazy,Utility Volatility Compression Reversion Bounce,0.0,9.44,-9.44,100000.0,False,83
2026-05-25,168,167,vix-to-realized-volatility-contraction-signals-mean-reversio,crazy,Vix-to-realized Volatility Contraction Signals Mean Reversion Opportunity In Large Caps,0.0,9.44,-9.44,100000.0,False,76
2026-05-25,169,168,volatility-spike-follow-through,crazy,Volatility Spike Follow-Through,0.0,9.44,-9.44,100000.0,False,112
2026-05-25,170,169,weather-disruption-ripple-effects,crazy,Weather Disruption Ripple Effects,0.0,9.44,-9.44,100000.0,False,110
2026-05-25,171,170,weather-volatility-spike,crazy,Weather Volatility Spike,0.0,9.44,-9.44,100000.0,False,112
2026-05-25,172,171,weather-windfall,crazy,Weather Windfall,0.0,9.44,-9.44,100000.0,False,108
2026-05-25,173,172,weekly-ev-charger-expansion-in-underserved-regions,crazy,Weekly Ev Charger Expansion In Underserved Regions,0.0,9.44,-9.44,100000.0,False,75
2026-05-25,174,173,weekly-ev-charger-network-density-jump-in-rural-counties,crazy,Weekly Ev Charger Network Density Jump In Rural Counties,0.0,9.44,-9.44,100000.0,False,76
2026-05-25,175,174,weekly-google-trends-spike-for-diy-electronics-repair-signal,crazy,Weekly Google Trends Spike For Diy Electronics Repair Signals Bullish Tech Sector,0.0,9.44,-9.44,100000.0,False,90
2026-05-25,176,175,weekly-google-trends-spike-for-small-business-loan-default-s,crazy,Weekly Google Trends Spike For Small Business Loan Default Searches,0.0,9.44,-9.44,100000.0,False,85
2026-05-25,177,176,weekly-google-trends-spike-for-urgent-job-resignation-search,crazy,Weekly Google Trends Spike For Urgent Job Resignation Searches Signals Labor Market Stress,0.0,9.44,-9.44,100000.0,False,70
2026-05-25,178,177,weekly-google-trends-spike-in-business-travel-rebound-signal,crazy,Weekly Google Trends Spike In Business Travel Rebound Signals Bullish Industrial Sector,0.0,9.44,-9.44,100000.0,False,79
2026-05-25,179,178,weekly-google-trends-spike-in-searches-for-home-solar-panel-,crazy,Weekly Google Trends Spike In Searches For Home Solar Panel Repair Signals Green Energy Sector Repair Demand,0.0,9.44,-9.44,100000.0,False,70
2026-05-25,180,179,weekly-google-trends-surge-for-diy-roof-repair-searches-sign,crazy,Weekly Google Trends Surge For Diy Roof Repair Searches Signals Consumer Stress Impacting Xli,0.0,9.44,-9.44,100000.0,False,90
2026-05-25,181,180,weekly-google-trends-surge-for-home-pest-control-searches-si,crazy,Weekly Google Trends Surge For Home Pest Control Searches Signals Consumer Stress Boosting Staples,0.0,9.44,-9.44,100000.0,False,90
2026-05-25,182,181,weekly-google-trends-surge-for-small-business-loan-applicati,crazy,Weekly Google Trends Surge For Small Business Loan Application Signals Financial Sector Activity Boost,0.0,9.44,-9.44,100000.0,False,81
2026-05-25,183,182,weekly-google-trends-surge-for-truck-tire-replacement-search,crazy,Weekly Google Trends Surge For Truck Tire Replacement Searches Signals Industrial Sector Repair Cycle,0.0,9.44,-9.44,100000.0,False,81
2026-05-25,184,183,weekly-google-trends-surge-for-used-truck-purchase-searches-,crazy,Weekly Google Trends Surge For Used Truck Purchase Searches Signals Bullish Freight Logistics,0.0,9.44,-9.44,100000.0,False,90
2026-05-25,185,184,weekly-google-trends-surge-for-warehouse-automation-interest,crazy,Weekly Google Trends Surge For Warehouse Automation Interest Signals Industrial Tech Demand,0.0,9.44,-9.44,100000.0,False,70
2026-05-25,186,185,weekly-google-trends-surge-in-home-heating-oil-shortage-sign,crazy,Weekly Google Trends Surge In Home Heating Oil Shortage Signals Winter Utility Stress Favoring Utilities Sector,0.0,9.44,-9.44,100000.0,False,80
2026-05-25,187,186,weekly-google-trends-surge-in-job-training-programs-signals-,crazy,Weekly Google Trends Surge In Job Training Programs Signals Bullish Industrial Sector,0.0,9.44,-9.44,100000.0,False,79
2026-05-25,188,187,weekly-google-trends-surge-in-pest-control-searches,crazy,Weekly Google Trends Surge In Pest Control Searches,0.0,9.44,-9.44,100000.0,False,75
2026-05-25,189,188,weekly-google-trends-surge-in-searches-for-diesel-fuel-price,crazy,Weekly Google Trends Surge In Searches For Diesel Fuel Price Increase,0.0,9.44,-9.44,100000.0,False,85
2026-05-25,190,189,weekly-google-trends-surge-in-searches-for-home-solar-instal,crazy,Weekly Google Trends Surge In Searches For Home Solar Installation Financing Signals Xle Bullish,0.0,9.44,-9.44,100000.0,False,90
2026-05-25,191,190,weekly-google-trends-surge-in-searches-for-truck-driver-shor,crazy,Weekly Google Trends Surge In Searches For Truck Driver Shortage,0.0,9.44,-9.44,100000.0,False,85
2026-05-25,192,191,weekly-increase-in-google-trends-for-commercial-drone-repair,crazy,Weekly Increase In Google Trends For Commercial Drone Repair Signals Tech Sector Maintenance Demand,0.0,9.44,-9.44,100000.0,False,77
2026-05-25,193,192,weekly-increase-in-google-trends-for-home-solar-panel-instal,crazy,Weekly Increase In Google Trends For Home Solar Panel Installation Delay Signals Bearish Utilities Sector,0.0,9.44,-9.44,100000.0,False,79
2026-05-25,194,193,weekly-increase-in-google-trends-for-industrial-machinery-br,crazy,Weekly Increase In Google Trends For Industrial Machinery Breakdown Signals Rising Repair Demand,0.0,9.44,-9.44,100000.0,False,76
2026-05-25,195,194,weekly-increase-in-google-trends-searches-for-bulk-shipping-,crazy,Weekly Increase In Google Trends Searches For Bulk Shipping Delay Signals Bearish Xlb,0.0,9.44,-9.44,100000.0,False,98
2026-05-25,196,195,weekly-increase-in-google-trends-searches-for-small-business,crazy,Weekly Increase In Google Trends Searches For Small Business Loan Default Signals Rising Credit Stress,0.0,9.44,-9.44,100000.0,False,83
2026-05-25,197,196,weekly-increase-in-open-charge-map-ev-charger-installations-,crazy,Weekly Increase In Open Charge Map Ev Charger Installations Signals Green Tech Growth,0.0,9.44,-9.44,100000.0,False,67
2026-05-25,198,197,weekly-jump-in-google-trends-for-home-heating-oil-shortage-s,crazy,Weekly Jump In Google Trends For Home Heating Oil Shortage Signals Winter Energy Stress,0.0,9.44,-9.44,100000.0,False,82
2026-05-25,199,198,weekly-jump-in-google-trends-for-home-moving-truck-rental-de,crazy,Weekly Jump In Google Trends For Home Moving Truck Rental Demand Signals Housing Market Activity,0.0,9.44,-9.44,100000.0,False,75
2026-05-25,200,199,weekly-jump-in-google-trends-for-job-quitting-searches-signa,crazy,Weekly Jump In Google Trends For Job Quitting Searches Signals Labor Market Tightness Benefiting Financial Sector,0.0,9.44,-9.44,100000.0,False,81
2026-05-25,201,200,weekly-jump-in-google-trends-for-small-business-layoffs-sign,crazy,Weekly Jump In Google Trends For Small Business Layoffs Signals Consumer Discretionary Downturn,0.0,9.44,-9.44,100000.0,False,79
2026-05-25,202,201,weekly-jump-in-google-trends-for-truck-driver-shortage-signa,crazy,Weekly Jump In Google Trends For Truck Driver Shortage Signals Labor Stress In Transportation,0.0,9.44,-9.44,100000.0,False,75
2026-05-25,203,202,weekly-jump-in-google-trends-for-warehouse-automation-jobs-s,crazy,Weekly Jump In Google Trends For Warehouse Automation Jobs Signals Labor Substitution Pressure,0.0,9.44,-9.44,100000.0,False,75
2026-05-25,204,203,weekly-jump-in-google-trends-for-warehouse-labor-shortage-si,crazy,Weekly Jump In Google Trends For Warehouse Labor Shortage Signals Supply Chain Labor Stress And Industrial Sector Risk,0.0,9.44,-9.44,100000.0,False,80
2026-05-25,205,204,weekly-jump-in-google-trends-home-pest-control-emergency-sea,crazy,Weekly Jump In Google Trends Home Pest Control Emergency Searches Signals Consumer Stress And Discretionary Rebound,0.0,9.44,-9.44,100000.0,False,81
2026-05-25,206,205,weekly-jump-in-google-trends-searches-for-airport-security-d,crazy,Weekly Jump In Google Trends Searches For Airport Security Delay Signals Travel Mobility Disruptions,0.0,9.44,-9.44,100000.0,False,83
2026-05-25,207,206,weekly-rise-in-google-trends-for-commercial-truck-tire-blowo,crazy,Weekly Rise In Google Trends For Commercial Truck Tire Blowout Signals Freight Sector Caution,0.0,9.44,-9.44,100000.0,False,77
2026-05-25,208,207,weekly-rise-in-google-trends-for-freight-train-delays-signal,crazy,Weekly Rise In Google Trends For Freight Train Delays Signals Logistics Bottlenecks,0.0,9.44,-9.44,100000.0,False,75
2026-05-25,209,208,weekly-rise-in-google-trends-for-solar-panel-installation-de,crazy,Weekly Rise In Google Trends For Solar Panel Installation Delay Signals Supply Chain Issues In Green Energy,0.0,9.44,-9.44,100000.0,False,75
2026-05-25,210,209,weekly-rise-in-google-trends-for-warehouse-automation-intere,crazy,Weekly Rise In Google Trends For Warehouse Automation Interest Signals Industrial Demand,0.0,9.44,-9.44,100000.0,False,78
2026-05-25,211,210,weekly-rise-in-google-trends-for-warehouse-lighting-failure-,crazy,Weekly Rise In Google Trends For Warehouse Lighting Failure Signals Industrial Maintenance Cycle,0.0,9.44,-9.44,100000.0,False,77
2026-05-25,212,211,weekly-rise-in-google-trends-searches-for-gas-price-protest-,crazy,Weekly Rise In Google Trends Searches For Gas Price Protest Signals Bearish Xle,0.0,9.44,-9.44,100000.0,False,98
2026-05-25,213,212,weekly-rise-in-usgs-earthquake-activity-near-major-ports-sig,crazy,Weekly Rise In Usgs Earthquake Activity Near Major Ports Signals Potential Freight Disruptions,0.0,9.44,-9.44,100000.0,False,75
2026-05-25,214,213,weekly-rss-count-spike-on-warehouse-worker-injury-reports,crazy,Weekly Rss Count Spike On Warehouse Worker Injury Reports,0.0,9.44,-9.44,100000.0,False,75
2026-05-25,215,214,weekly-spike-in-food-bank-demand-google-trends-signals-consu,crazy,Weekly Spike In Food Bank Demand Google Trends Signals Consumer Staples Demand Surge,0.0,9.44,-9.44,100000.0,False,76
2026-05-25,216,215,weekly-spike-in-google-trends-for-fuel-shortage-predicts-ene,crazy,Weekly Spike In Google Trends For Fuel Shortage Predicts Energy Sector Volatility,0.0,9.44,-9.44,100000.0,False,80
2026-05-25,217,216,weekly-spike-in-google-trends-for-railway-crossing-malfuncti,crazy,Weekly Spike In Google Trends For Railway Crossing Malfunction Signals Freight Sector Risk,0.0,9.44,-9.44,100000.0,False,77
2026-05-25,218,217,weekly-spike-in-google-trends-searches-for-warehouse-automat,crazy,Weekly Spike In Google Trends Searches For Warehouse Automation Failure Signals Bearish Xli,0.0,9.44,-9.44,100000.29,False,98
2026-05-25,219,218,weekly-surge-in-google-trends-diy-home-roofing-repair-search,crazy,Weekly Surge In Google Trends Diy Home Roofing Repair Searches Signals Industrial Sector Demand Spike,0.0,9.44,-9.44,100000.0,False,81
2026-05-25,220,219,weekly-surge-in-google-trends-for-car-rental-pickup-delays-s,crazy,Weekly Surge In Google Trends For Car Rental Pickup Delays Signals Travel Disruption,0.0,9.44,-9.44,100000.0,False,70
2026-05-25,221,220,weekly-surge-in-google-trends-for-delayed-package-delivery-s,crazy,Weekly Surge In Google Trends For Delayed Package Delivery Signals Consumer Discretionary Shipping Pressure,0.0,9.44,-9.44,100000.0,False,77
2026-05-25,222,221,weekly-surge-in-google-trends-for-diy-roof-repair-signals-co,crazy,Weekly Surge In Google Trends For Diy Roof Repair Signals Consumer Stress Lifting Industrial Sector,0.0,9.44,-9.44,100000.0,False,84
2026-05-25,223,222,weekly-surge-in-google-trends-for-diy-solar-panel-repair-sig,crazy,Weekly Surge In Google Trends For Diy Solar Panel Repair Signals Green Energy Sector Rebound,0.0,9.44,-9.44,100000.0,False,91
2026-05-25,224,223,weekly-surge-in-google-trends-for-electric-scooter-theft-sig,crazy,Weekly Surge In Google Trends For Electric Scooter Theft Signals Consumer Discretionary Stress,0.0,9.44,-9.44,100000.0,False,77
2026-05-25,225,224,weekly-surge-in-google-trends-for-emergency-plumbing-repair-,crazy,Weekly Surge In Google Trends For Emergency Plumbing Repair Signals Consumer Stress Lifting Discretionary Sector,0.0,9.44,-9.44,100000.0,False,84
2026-05-25,226,225,weekly-surge-in-google-trends-for-freight-congestion-complai,crazy,Weekly Surge In Google Trends For Freight Congestion Complaints Correlating With Industrial Sector Risk,0.0,9.44,-9.44,100000.0,False,78
2026-05-25,227,226,weekly-surge-in-google-trends-for-freight-elevator-repair-si,crazy,Weekly Surge In Google Trends For Freight Elevator Repair Signals Industrial Sector Demand,0.0,9.44,-9.44,100000.0,False,77
2026-05-25,228,227,weekly-surge-in-google-trends-for-home-heating-oil-shortage-,crazy,Weekly Surge In Google Trends For Home Heating Oil Shortage Signals Bullish Xle,0.0,9.44,-9.44,100000.0,False,92
2026-05-25,229,228,weekly-surge-in-google-trends-for-job-interview-preparation-,crazy,Weekly Surge In Google Trends For Job Interview Preparation Searches,0.0,9.44,-9.44,100000.0,False,85
2026-05-25,230,229,weekly-surge-in-google-trends-for-last-minute-flight-deals-s,crazy,Weekly Surge In Google Trends For Last Minute Flight Deals Signals Travel Demand Rebound,0.0,9.44,-9.44,100000.0,False,75
2026-05-25,231,230,weekly-surge-in-google-trends-for-sudden-appliance-breakdown,crazy,Weekly Surge In Google Trends For Sudden Appliance Breakdowns Signals Discretionary Sector Rebound,0.0,9.44,-9.44,100000.0,False,81
2026-05-25,232,231,weekly-surge-in-google-trends-for-supply-chain-delay-searche,crazy,Weekly Surge In Google Trends For Supply Chain Delay Searches Signals Industrial Sector Risk,0.0,9.44,-9.44,100000.0,False,67
2026-05-25,233,232,weekly-surge-in-google-trends-for-used-car-price-searches-si,crazy,Weekly Surge In Google Trends For Used Car Price Searches Signaling Consumer Cost Pressure,0.0,9.44,-9.44,100000.0,False,78
2026-05-25,234,233,weekly-surge-in-google-trends-for-warehouse-automation-jobs-,crazy,Weekly Surge In Google Trends For Warehouse Automation Jobs Signals Industrial Tech Adoption,0.0,9.44,-9.44,100000.0,False,69
2026-05-25,235,234,weekly-surge-in-google-trends-for-warehouse-automation-signa,crazy,Weekly Surge In Google Trends For Warehouse Automation Signals Industrial Sector Demand,0.0,9.44,-9.44,100000.0,False,79
2026-05-25,236,235,weekly-surge-in-google-trends-searches-for-diy-bicycle-repai,crazy,Weekly Surge In Google Trends Searches For Diy Bicycle Repair,0.0,9.44,-9.44,100000.0,False,85
2026-05-25,237,236,weekly-surge-in-google-trends-searches-for-freight-container,crazy,Weekly Surge In Google Trends Searches For Freight Container Backlog Signals Industrial Sector Pressure,0.0,9.44,-9.44,100000.0,False,80
2026-05-25,238,237,weekly-surge-in-google-trends-searches-for-home-improvement-,crazy,Weekly Surge In Google Trends Searches For Home Improvement Loan Signals Consumer Stress Lifting Xly,0.0,9.44,-9.44,100000.0,False,98
2026-05-25,239,238,weekly-surge-in-google-trends-searches-for-warehouse-worker-,crazy,Weekly Surge In Google Trends Searches For Warehouse Worker Shortage Signals Labor Tightness,0.0,9.44,-9.44,100000.0,False,83
2026-05-25,240,239,weekly-surge-in-openchargemap-ev-charger-installations-signa,crazy,Weekly Surge In Openchargemap Ev Charger Installations Signals Bullish Xlc,0.0,9.44,-9.44,100000.0,False,100
2026-05-25,241,240,work-from-home-frenzy,crazy,Work From Home Frenzy,0.0,9.44,-9.44,100000.0,False,110
2026-05-25,242,241,xlb-daily-volatility-contraction-breakout,crazy,Xlb Daily Volatility Contraction Breakout,0.0,9.44,-9.44,100000.0,False,108
2026-05-25,243,242,xlu-weekly-cold-snap-weather-correlation,crazy,Xlu Weekly Cold Snap Weather Correlation,0.0,9.44,-9.44,100000.0,False,108
2026-05-25,244,243,xlv-google-trends-flu-search-spike,crazy,Xlv Google Trends Flu Search Spike,0.0,9.44,-9.44,100000.0,False,108
2026-05-25,245,244,yelp-closure-velocity,crazy,Yelp Closure Velocity,0.0,9.44,-9.44,100000.0,False,103
2026-05-25,246,245,yield-curve-regime,crazy,Yield Curve Regime,0.0,9.44,-9.44,100000.0,False,112
2026-05-25,247,246,daily-jump-in-google-trends-for-food-poisoning-outbreak-boos,crazy,Daily Jump In Google Trends For Food Poisoning Outbreak Boosts Healthcare Sector Demand,-0.01,9.44,-9.45,99989.37,False,77
2026-05-25,248,254,rss-news-volume-spike-on-corporate-bond-downgrades-signals-c,crazy,Rss News Volume Spike On Corporate Bond Downgrades Signals Credit Stress Rotation,-0.01,9.44,-9.46,99986.6,False,76
2026-05-25,249,248,weekly-google-trends-surge-for-truck-driver-shortage-signals,crazy,Weekly Google Trends Surge For Truck Driver Shortage Signals Freight Logistics Risk And Industrial Cost Pressure,-0.01,9.44,-9.45,99993.13,False,80
2026-05-25,250,249,weekly-rise-in-google-trends-searches-for-emergency-hvac-rep,crazy,Weekly Rise In Google Trends Searches For Emergency Hvac Repair,-0.01,9.44,-9.45,99990.05,False,85
2026-05-25,251,261,weekly-surge-in-google-trends-for-last-minute-vacation-booki,crazy,Weekly Surge In Google Trends For Last Minute Vacation Bookings Signals Travel Demand Spike,-0.01,9.44,-9.46,99975.65,False,67
2026-05-25,252,250,consumer-sentiment,crazy,Consumer Sentiment,-0.02,9.44,-9.46,99980.1,False,112
2026-05-25,253,251,electricity-demand-collapse-during-mild-weather,crazy,Electricity Demand Collapse During Mild Weather,-0.02,9.44,-9.46,99979.82,False,79
2026-05-25,254,252,google-trends-surge-in-luxury-good-searches,crazy,Google Trends Surge In Luxury Good Searches,-0.02,9.44,-9.46,99979.84,False,90
2026-05-25,255,253,natural-gas-futures-volatility-pump-rotation,crazy,Natural Gas Futures Volatility Pump Rotation,-0.02,9.44,-9.46,99979.83,False,83
2026-05-25,256,264,regional-earthquake-cluster-insurance-demand-spike,crazy,Regional Earthquake Cluster Insurance Demand Spike,-0.02,9.44,-9.47,99975.83,False,83
2026-05-25,257,255,temperature-extremes-power-demand-spike-utility-boost,crazy,Temperature Extremes Power Demand Spike Utility Boost,-0.02,9.44,-9.46,99979.82,False,98
2026-05-25,258,256,weather-extreme-disruption-energy-demand-spike,crazy,Weather Extreme Disruption Energy Demand Spike,-0.02,9.44,-9.46,99979.82,False,78
2026-05-25,259,257,weather-extremes-utility-demand-spike,crazy,Weather Extremes Utility Demand Spike,-0.02,9.44,-9.46,99979.82,False,82
2026-05-25,260,258,weekly-google-trends-spike-in-searches-for-food-supply-chain,crazy,Weekly Google Trends Spike In Searches For Food Supply Chain Disruptions,-0.02,9.44,-9.46,99979.83,False,85
2026-05-25,261,259,weekly-google-trends-surge-in-home-appliance-repair-searches,crazy,Weekly Google Trends Surge In Home Appliance Repair Searches Signals Bullish Consumer Discretionary,-0.02,9.44,-9.46,99982.54,False,93
2026-05-25,262,260,weekly-jump-in-rss-news-counts-for-coal-shortage-signals-inp,crazy,Weekly Jump In Rss News Counts For Coal Shortage Signals Input Cost Pressure In Materials,-0.02,9.44,-9.46,99983.85,False,75
2026-05-25,263,262,daily-spike-in-google-trends-for-home-air-purifier-repair-si,crazy,Daily Spike In Google Trends For Home Air Purifier Repair Signals Consumer Stress Rebound In Discretionary Sector,-0.03,9.44,-9.47,99971.86,False,91
2026-05-25,264,263,daily-spike-in-rss-news-counts-on-corporate-dividend-cuts,crazy,Daily Spike In Rss News Counts On Corporate Dividend Cuts,-0.03,9.44,-9.47,99968.4,False,75
2026-05-25,265,265,weekly-spike-in-google-trends-for-electric-vehicle-battery-r,crazy,Weekly Spike In Google Trends For Electric Vehicle Battery Replacement Signals Consumer Stress Lifting Industrial Sector,-0.03,9.44,-9.47,99969.08,False,84
2026-05-25,266,266,weekly-surge-in-google-trends-for-diy-plumbing-repair-signal,crazy,Weekly Surge In Google Trends For Diy Plumbing Repair Signals Consumer Stress Rebound,-0.03,9.44,-9.47,99974.29,False,94
2026-05-25,267,267,consumer-discretionary-google-trends-surge-for-sale-keywords,crazy,Consumer Discretionary Google Trends Surge For Sale Keywords,-0.04,9.44,-9.48,99960.96,False,106
2026-05-25,268,269,weekly-spike-in-earthquake-activity-in-port-regions-signals-,crazy,Weekly Spike In Earthquake Activity In Port Regions Signals Potential Freight Logistics Disruption,-0.04,9.44,-9.49,99955.02,False,80
2026-05-25,269,268,real-estate-sector-weekly-google-trends-home-buying-surge,crazy,Real Estate Sector Weekly Google Trends Home Buying Surge,-0.05,9.44,-9.49,99954.77,False,110
2026-05-25,270,270,weekly-surge-in-google-trends-for-diy-car-maintenance-signal,crazy,Weekly Surge In Google Trends For Diy Car Maintenance Signals Rising Auto Sector Interest,-0.05,9.44,-9.49,99939.58,False,76
2026-05-25,271,271,weekly-surge-in-google-trends-for-tech-stock-selloff-signals,crazy,Weekly Surge In Google Trends For Tech Stock Selloff Signals Rotation To Defensive Sectors,-0.05,9.44,-9.49,99950.21,False,69
2026-05-25,272,272,daily-spike-in-rss-news-counts-around-labor-union-contract-n,crazy,Daily Spike In Rss News Counts Around Labor Union Contract Negotiation Signals Bearish Xlf,-0.06,9.44,-9.5,99939.5,False,98
2026-05-25,273,273,earthquake-aftershock-capital-flight,crazy,Earthquake Aftershock Capital Flight,-0.06,9.44,-9.5,99937.78,False,67
2026-05-25,274,274,eia-electricity-demand-shock-rebound-spread,crazy,Eia Electricity Demand Shock Rebound Spread,-0.06,9.44,-9.5,99940.31,False,91
2026-05-25,275,275,travel-booking-momentum-divergence,crazy,Travel Booking Momentum Divergence,-0.06,9.44,-9.5,99943.44,False,84
2026-05-25,276,276,utility-power-grid-stress,crazy,Utility Power Grid Stress,-0.06,9.44,-9.5,99938.31,False,110
2026-05-25,277,277,daily-spike-in-google-trends-for-emergency-dental-care-signa,crazy,Daily Spike In Google Trends For Emergency Dental Care Signals Consumer Stress Impacting Health Sector,-0.07,9.44,-9.51,99927.72,False,84
2026-05-25,278,278,daily-spike-in-google-trends-for-gas-station-cash-only-searc,crazy,Daily Spike In Google Trends For Gas Station Cash Only Searches Indicates Consumer Payment Stress,-0.07,9.44,-9.51,99929.36,False,67
2026-05-25,279,279,electricity-demand-spike-during-extreme-cold-snap-triggers-u,crazy,Electricity Demand Spike During Extreme Cold Snap Triggers Utility Sector Rally,-0.07,9.44,-9.51,99927.69,False,80
2026-05-25,280,280,weekly-rise-in-google-trends-for-unemployment-benefits-searc,crazy,Weekly Rise In Google Trends For Unemployment Benefits Searches Signals Labor Market Stress,-0.07,9.44,-9.51,99932.89,False,67
2026-05-25,281,281,daily-spike-in-google-trends-searches-for-electric-vehicle-b,crazy,Daily Spike In Google Trends Searches For Electric Vehicle Battery Replacement,-0.08,9.44,-9.52,99921.33,False,85
2026-05-25,282,282,healthcare-sector-google-trends-spike-in-flu-symptoms,crazy,Healthcare Sector Google Trends Spike In Flu Symptoms,-0.08,9.44,-9.52,99917.38,False,106
2026-05-25,283,283,weekly-increase-in-usgs-earthquake-activity-within-key-logis,crazy,Weekly Increase In Usgs Earthquake Activity Within Key Logistics Hubs Signals Potential Freight Delays,-0.08,9.44,-9.52,99923.09,False,83
2026-05-25,284,284,weekly-surge-in-google-trends-searches-for-truck-driver-stri,crazy,Weekly Surge In Google Trends Searches For Truck Driver Strike Signals Imminent Logistics Disruption,-0.08,9.44,-9.52,99922.61,False,83
2026-05-25,285,285,bank-stress-index-volatility-fear-crush-reversal,crazy,Bank Stress Index Volatility Fear Crush Reversal,-0.09,9.44,-9.53,99910.26,False,98
2026-05-25,286,286,commodity-shortage-news-volume-burst,crazy,Commodity Shortage News Volume Burst,-0.09,9.44,-9.53,99908.02,False,78
2026-05-25,287,287,daily-jump-in-rss-news-counts-for-labor-union-strikes-in-tra,crazy,Daily Jump In Rss News Counts For Labor Union Strikes In Transportation Sector,-0.09,9.44,-9.53,99911.04,False,77
2026-05-25,288,290,daily-spike-in-google-trends-for-diy-home-security-installat,crazy,Daily Spike In Google Trends For Diy Home Security Installation Signals Consumer Tech Caution,-0.09,9.44,-9.54,99906.95,False,67
2026-05-25,289,288,financial-sector-volatility-crush-trade,crazy,Financial Sector Volatility Crush Trade,-0.09,9.44,-9.53,99910.26,False,93
2026-05-25,290,289,retail-roulette,crazy,Retail Roulette,-0.09,9.44,-9.53,99913.43,False,108
2026-05-25,291,291,daily-spike-in-google-trends-for-emergency-childcare-searche,crazy,Daily Spike In Google Trends For Emergency Childcare Searches Signals Working Parent Stress,-0.1,9.44,-9.54,99893.36,False,67
2026-05-25,292,292,daily-spike-in-google-trends-for-emergency-plumber-near-me-s,crazy,Daily Spike In Google Trends For Emergency Plumber Near Me Signals Consumer Stress Lifting Home Repair Demand,-0.1,9.44,-9.54,99903.93,False,75
2026-05-25,293,295,daily-spike-in-rss-news-counts-mentioning-politician-insider,crazy,Daily Spike In Rss News Counts Mentioning Politician Insider Buying Tech Stock Signals Bullish Xlk,-0.11,9.44,-9.56,99886.48,False,98
2026-05-25,294,293,weekly-google-trends-spike-for-diy-car-repair-signals-bullis,crazy,Weekly Google Trends Spike For Diy Car Repair Signals Bullish Xly,-0.11,9.44,-9.55,99892.81,False,95
2026-05-25,295,294,weekly-surge-in-job-postings-for-warehouse-workers-signals-b,crazy,Weekly Surge In Job Postings For Warehouse Workers Signals Bullish Xli,-0.11,9.44,-9.55,99891.85,False,98
2026-05-25,296,296,ev-charger-network-expansion-sentiment-surge,crazy,Ev Charger Network Expansion Sentiment Surge,-0.12,9.44,-9.56,99884.44,False,81
2026-05-25,297,297,daily-jump-in-google-trends-searches-for-home-renovation-per,crazy,Daily Jump In Google Trends Searches For Home Renovation Permits,-0.13,9.44,-9.57,99874.46,False,85
2026-05-25,298,298,daily-surge-in-rss-news-counts-for-new-labor-union-formation,crazy,Daily Surge In Rss News Counts For New Labor Union Formations Signals Labor Market Pressure On Industrial Sector,-0.13,9.44,-9.57,99874.81,False,80
2026-05-25,299,299,google-trends-surge-in-mortgage-refinance-calculator-signals,crazy,Google Trends Surge In Mortgage Refinance Calculator Signals Rate-sensitive Financial Stress,-0.13,9.44,-9.57,99857.8,False,76
2026-05-25,300,300,oil-price-momentum-reversal-energy-sector-bounce,crazy,Oil Price Momentum Reversal Energy Sector Bounce,-0.13,9.44,-9.57,99867.3,False,95
2026-05-25,301,301,weekly-rise-in-rss-count-for-labor-strike-news-signals-indus,crazy,Weekly Rise In Rss Count For Labor Strike News Signals Industrial Sector Risk,-0.13,9.44,-9.57,99868.57,False,80
2026-05-25,302,305,rss-news-volume-spike-on-food-supply-chain-disruptions,crazy,Rss News Volume Spike On Food Supply Chain Disruptions,-0.14,9.44,-9.59,99856.75,False,90
2026-05-25,303,302,seismic-activity-construction-halt-signal,crazy,Seismic Activity Construction Halt Signal,-0.14,9.44,-9.58,99861.92,False,101
2026-05-25,304,303,tremor-tension,crazy,Tremor Tension,-0.14,9.44,-9.58,99864.21,False,108
2026-05-25,305,304,port-congestion-squeeze,crazy,Port Congestion Squeeze,-0.15,9.44,-9.59,99852.0,False,110
2026-05-25,306,308,shipping-container-squeeze-play,crazy,Shipping Container Squeeze Play,-0.15,9.44,-9.6,99846.93,False,101
2026-05-25,307,306,utilities-sector-negative-price-gap-fill,crazy,Utilities Sector Negative Price Gap Fill,-0.15,9.44,-9.59,99847.3,False,106
2026-05-25,308,307,daily-spike-in-google-trends-for-emergency-dental-surgery-si,crazy,Daily Spike In Google Trends For Emergency Dental Surgery Signals Healthcare Consumer Stress,-0.16,9.44,-9.6,99840.86,False,77
2026-05-25,309,309,daily-jump-in-google-trends-searches-for-job-quitting-signal,crazy,Daily Jump In Google Trends Searches For Job Quitting Signals Labor Market Tightness Benefiting Consumer Discretionary,-0.17,9.44,-9.61,99834.55,False,80
2026-05-25,310,310,daily-surge-in-google-trends-for-electric-bike-repair-signal,crazy,Daily Surge In Google Trends For Electric Bike Repair Signals Bullish Consumer Discretionary,-0.17,9.44,-9.61,99828.7,False,79
2026-05-25,311,311,xlu-daily-electricity-demand-surge,crazy,Xlu Daily Electricity Demand Surge,-0.17,9.44,-9.61,99834.76,False,108
2026-05-25,312,315,daily-jump-in-google-trends-for-home-appliance-repair-signal,crazy,Daily Jump In Google Trends For Home Appliance Repair Signals Consumer Stress Lifting Consumer Staples,-0.19,9.44,-9.64,99795.5,False,80
2026-05-25,313,312,daily-jump-in-google-trends-searches-for-emergency-dental-ca,crazy,Daily Jump In Google Trends Searches For Emergency Dental Care,-0.19,9.44,-9.63,99812.18,False,85
2026-05-25,314,313,finra-dark-pool-signal,crazy,FINRA Dark Pool Signal,-0.19,9.44,-9.63,99811.5,False,103
2026-05-25,315,314,luxury-discretionary-google-trends-collapse-signal,crazy,Luxury Discretionary Google Trends Collapse Signal,-0.19,9.44,-9.63,99811.09,False,82
2026-05-25,316,316,wage-growth-demand-surge-fast-food-google-trends,crazy,Wage Growth Demand Surge Fast Food Google Trends,-0.2,9.44,-9.64,99799.52,False,94
2026-05-25,317,317,renewable-energy-investment-thesis-rebound-from-policy-senti,crazy,Renewable Energy Investment Thesis Rebound From Policy Sentiment Surge,-0.21,9.44,-9.65,99787.44,False,69
2026-05-25,318,318,weekly-surge-in-google-trends-for-hotel-room-shortage-signal,crazy,Weekly Surge In Google Trends For Hotel Room Shortage Signals Travel Sector Tightness,-0.21,9.44,-9.65,99793.96,False,94
2026-05-25,319,321,daily-spike-in-daily-earthquake-activity-near-major-logistic,crazy,Daily Spike In Daily Earthquake Activity Near Major Logistics Hubs Signals Bearish Xli,-0.22,9.44,-9.67,99775.64,False,98
2026-05-25,320,319,weekly-surge-in-google-trends-searches-for-city-water-outage,crazy,Weekly Surge In Google Trends Searches For City Water Outage Signals Bearish Xlre,-0.22,9.44,-9.66,99773.32,False,98
2026-05-25,321,320,weekly-surge-in-google-trends-searches-for-commuting-strike-,crazy,Weekly Surge In Google Trends Searches For Commuting Strike Signals Bearish Xly,-0.22,9.44,-9.66,99781.23,False,98
2026-05-25,322,322,weekly-google-trends-surge-in-energy-bill-shock-signals-cons,crazy,Weekly Google Trends Surge In Energy Bill Shock Signals Consumer Stress Impacting Utilities,-0.23,9.44,-9.67,99772.53,False,94
2026-05-25,323,323,weekly-google-trends-surge-in-home-energy-bill-shock-signals,crazy,Weekly Google Trends Surge In Home Energy Bill Shock Signals Bullish Utilities,-0.23,9.44,-9.67,99772.53,False,93
2026-05-25,324,324,electricity-enlightenment,crazy,Electricity Enlightenment,-0.26,9.44,-9.7,99740.98,False,108
2026-05-25,325,326,weekly-rise-in-google-trends-interest-for-food-delivery-dela,crazy,Weekly Rise In Google Trends Interest For Food Delivery Delay Signals Bearish Xlp,-0.26,9.44,-9.71,99735.19,False,98
2026-05-25,326,325,daily-jump-in-google-trends-for-emergency-dental-care-signal,crazy,Daily Jump In Google Trends For Emergency Dental Care Signals Consumer Stress Lifting Healthcare Sector Demand,-0.27,9.44,-9.71,99732.03,False,80
2026-05-25,327,327,daily-spike-in-rss-counts-for-cybersecurity-breach-news-trig,crazy,Daily Spike In Rss Counts For Cybersecurity Breach News Triggers Bearish Xlk,-0.28,9.44,-9.72,99724.32,False,98
2026-05-25,328,330,weekly-surge-in-google-trends-for-inflation-hedge-gold-signa,crazy,Weekly Surge In Google Trends For Inflation Hedge Gold Signals Bullish Xlb,-0.29,9.44,-9.74,99696.68,False,95
2026-05-25,329,328,xlb-weekly-rss-news-count-spike-on-commodity-shortage,crazy,Xlb Weekly Rss News Count Spike On Commodity Shortage,-0.29,9.44,-9.73,99711.91,False,108
2026-05-25,330,329,news-sentiment-rotation-fade-trade,crazy,News Sentiment Rotation Fade Trade,-0.3,9.44,-9.74,99702.97,False,101
2026-05-25,331,331,google-trends-surge-in-logistics-job-openings-signals-labor-,crazy,Google Trends Surge In Logistics Job Openings Signals Labor Shortage In Freight,-0.31,9.44,-9.76,99675.81,False,76
2026-05-25,332,332,port-container-volume-surge-signals-import-demand-recovery-a,crazy,Port Container Volume Surge Signals Import Demand Recovery And Consumer Spending Rebound,-0.32,9.44,-9.76,99679.18,False,80
2026-05-25,333,333,weekly-spike-in-google-trends-for-home-cooling-failure-signa,crazy,Weekly Spike In Google Trends For Home Cooling Failure Signals Bearish Xlu,-0.32,9.44,-9.76,99677.56,False,98
2026-05-25,334,334,industrial-sector-weekly-earthquake-activity-correlation-dip,crazy,Industrial Sector Weekly Earthquake Activity Correlation Dip,-0.33,9.44,-9.77,99668.07,False,106
2026-05-25,335,335,attention-sentiment-spike-daily-surge-in-news-rss-counts-men,crazy,Attention Sentiment Spike Daily Surge In News Rss Counts Mentioning Cyberattack Triggers Bullish Xlc,-0.35,9.44,-9.79,99648.7,False,100
2026-05-25,336,336,daily-surge-in-google-trends-searches-for-electric-vehicle-c,crazy,Daily Surge In Google Trends Searches For Electric Vehicle Charging Station Outages,-0.35,9.44,-9.79,99651.01,False,85
2026-05-25,337,337,grocery-store-foot-traffic-collapse-signal,crazy,Grocery Store Foot Traffic Collapse Signal,-0.35,9.44,-9.79,99653.74,False,101
2026-05-25,338,338,weekly-spike-in-freight-container-volumes-at-east-coast-port,crazy,Weekly Spike In Freight Container Volumes At East Coast Ports Signals Industrial Sector Strength,-0.35,9.44,-9.8,99645.67,False,81
2026-05-25,339,339,xle-weekly-drawdown-rebound-signal,crazy,Xle Weekly Drawdown Rebound Signal,-0.36,9.44,-9.8,99644.75,False,108
2026-05-25,340,340,healthcare-cost-shock-google-search-spike,crazy,Healthcare Cost Shock Google Search Spike,-0.37,9.44,-9.81,99617.84,False,101
2026-05-25,341,341,daily-jump-in-google-trends-for-emergency-plumber-near-me-si,crazy,Daily Jump In Google Trends For Emergency Plumber Near Me Signals Consumer Home Repair Stress,-0.41,9.44,-9.85,99592.43,False,76
2026-05-25,342,342,google-gusts,crazy,Google Gusts,-0.41,9.44,-9.85,99587.98,False,108
2026-05-25,343,343,weekly-google-trends-surge-in-fast-food-job-openings-signals,crazy,Weekly Google Trends Surge In Fast Food Job Openings Signals Bullish Consumer Discretionary,-0.41,9.44,-9.85,99587.83,False,93
2026-05-25,344,344,xlc-weekly-google-trends-surge-in-5g-rollout,crazy,Xlc Weekly Google Trends Surge In 5g Rollout,-0.41,9.44,-9.85,99592.39,False,108
2026-05-25,345,345,daily-spike-in-google-trends-for-emergency-plumbing-repair-s,crazy,Daily Spike In Google Trends For Emergency Plumbing Repair Signals Consumer Stress Rebound Benefiting Discretionary Sector,-0.42,9.44,-9.86,99572.85,False,91
2026-05-25,346,346,liquor,crazy,Liquor Store Leading Indicator,-0.42,9.44,-9.86,99580.98,False,112
2026-05-25,347,347,healthcare-cost-google-trends-acceleration-index,crazy,Healthcare Cost Google Trends Acceleration Index,-0.53,9.44,-9.98,99466.5,False,90
2026-05-25,348,348,daily-jump-in-google-trends-for-emergency-hvac-repair-signal,crazy,Daily Jump In Google Trends For Emergency Hvac Repair Signals Consumer Home Repair Stress,-0.56,9.44,-10.0,99442.23,False,77
2026-05-25,349,349,vix-term-structure,crazy,VIX Term Structure,-0.59,9.44,-10.04,99405.3,False,103
2026-05-25,350,350,daily-jump-in-google-trends-searches-for-home-water-heater-r,crazy,Daily Jump In Google Trends Searches For Home Water Heater Repair Signals Consumer Stress Lifting Xly,-0.61,9.44,-10.06,99385.03,False,92
2026-05-25,351,351,weekly-surge-in-google-trends-searches-for-diy-home-repair-s,crazy,Weekly Surge In Google Trends Searches For Diy Home Repair Signals Consumer Stress Lifting Xly,-0.79,9.44,-10.23,99212.48,False,100
2026-05-25,352,352,truck-tonnage,crazy,Truck Tonnage Index,-0.91,9.44,-10.36,99085.61,False,112
2026-05-25,353,353,freight-rail-carloads,crazy,Freight Rail Carloads,-1.05,9.44,-10.49,98948.0,False,112
2026-05-25,354,354,lumber-momentum,crazy,Lumber Momentum,-1.38,9.44,-10.83,98615.49,False,112
2026-05-25,355,355,copper-momentum,crazy,Copper Momentum,-1.8,9.44,-11.24,98202.81,False,112
2026-05-25,356,356,port-container-volume,crazy,Port Container Volume,-2.18,9.44,-11.62,97820.07,False,112
2026-05-25,357,357,vix-fear-rotation,crazy,VIX Fear Rotation,-2.35,9.44,-11.79,97650.78,False,103
2026-05-25,358,358,electricity-consumption,crazy,Electricity Consumption,-4.3,9.44,-13.74,95704.4,False,112
2026-05-25,359,359,baileymol-crazy,crazy,Chaos Rotation Lab,-6.04,9.44,-15.49,93955.45,False,112
2026-05-26,1,1,simple_monthly,normal,Quantified Simple Monthly Rotation,16.06,10.17,5.89,116063.69,True,114
2026-05-26,2,2,faber,normal,Faber Momentum Rotation,8.35,10.17,-1.82,108346.68,False,114
2026-05-26,3,3,baileymol,normal,Algo Baileymol (Chaos Monger),8.16,10.17,-2.01,108161.29,False,114
2026-05-26,4,4,dmsr,normal,Antonacci Dual Momentum Sector Rotation,7.33,10.17,-2.84,107326.47,False,114
2026-05-26,5,5,uber-mobility,crazy,Uber Mobility Index,6.21,10.17,-3.95,106214.41,False,113
2026-05-26,6,6,retail-sales-momentum,crazy,Retail Sales Momentum,6.2,10.17,-3.96,106204.0,False,113
2026-05-26,7,7,job-posting-acceleration,crazy,Job Posting Acceleration,4.51,10.17,-5.66,104511.92,False,113
2026-05-26,8,8,housing-permit-velocity,crazy,Housing Permit Velocity,1.33,10.17,-8.83,101334.16,False,113
2026-05-26,9,9,vix-term-structure,crazy,VIX Term Structure,0.6,10.17,-9.57,100597.89,False,104
2026-05-26,10,10,freight-rail-carloads,crazy,Freight Rail Carloads,0.08,10.17,-10.09,100083.36,False,113
2026-05-26,11,11,truck-tonnage,crazy,Truck Tonnage Index,0.08,10.17,-10.09,100079.68,False,113
2026-05-26,12,12,daily-jump-in-consumer-stress-google-trends-searches-for-car,crazy,Daily Jump In Consumer Stress Google Trends Searches For Car Repossession Signals Rising Financial Distress,0.07,10.17,-10.1,100070.09,False,84
2026-05-26,13,13,earthquake-aftershock-insurance-claims-spike,crazy,Earthquake Aftershock Insurance Claims Spike,0.07,10.17,-10.1,100070.66,False,91
2026-05-26,14,14,recession-whisper-google-trends-unemployment-search-surge,crazy,Recession Whisper Google Trends Unemployment Search Surge,0.07,10.17,-10.1,100072.76,False,95
2026-05-26,15,15,weekly-google-trends-surge-in-diy-electronics-repair-signals,crazy,Weekly Google Trends Surge In Diy Electronics Repair Signals Tech Consumer Stress Lift,0.07,10.17,-10.1,100066.13,False,95
2026-05-26,16,16,weekly-surge-in-google-trends-searches-for-diy-electronics-r,crazy,Weekly Surge In Google Trends Searches For Diy Electronics Repair Signals Bullish Xlk,0.07,10.17,-10.1,100066.99,False,99
2026-05-26,17,17,earthquake-aftershock-amplifier,crazy,Earthquake Aftershock Amplifier,0.05,10.17,-10.12,100047.52,False,107
2026-05-26,18,18,price-momentum-reversion-in-defensive-sectors-after-tech-cra,crazy,Price Momentum Reversion In Defensive Sectors After Tech Crash,0.05,10.17,-10.12,100051.65,False,92
2026-05-26,19,19,google-trends-surge-in-used-car-price-searches,crazy,Google Trends Surge In Used Car Price Searches,0.04,10.17,-10.13,100038.19,False,93
2026-05-26,20,20,rss-count-surge-for-supply-chain-bottleneck-news,crazy,Rss Count Surge For Supply Chain Bottleneck News,0.04,10.17,-10.13,100036.54,False,71
2026-05-26,21,21,usgs-earthquake-activity-spike-near-major-freight-hubs-signa,crazy,Usgs Earthquake Activity Spike Near Major Freight Hubs Signals Temporary Freight Disruption,0.04,10.17,-10.13,100042.42,False,80
2026-05-26,22,23,healthcare-cost-inflation-google-trends-acceleration,crazy,Healthcare Cost Inflation Google Trends Acceleration,0.03,10.17,-10.14,100030.67,False,83
2026-05-26,23,24,materials-sector-weekly-positive-correlation-breakdown-with-,crazy,Materials Sector Weekly Positive Correlation Breakdown With Xlb,0.03,10.17,-10.14,100025.87,False,107
2026-05-26,24,25,semiconductor-moonshot-warning,crazy,Semiconductor Moonshot Warning,0.03,10.17,-10.14,100031.48,False,107
2026-05-26,25,27,weekly-rise-in-google-trends-searches-for-emergency-hvac-rep,crazy,Weekly Rise In Google Trends Searches For Emergency Hvac Repair,0.03,10.17,-10.14,100030.01,False,86
2026-05-26,26,22,daily-jump-in-google-trends-for-home-building-permit-delay-s,crazy,Daily Jump In Google Trends For Home Building Permit Delay Signals Local Economy Construction Stress Hurting Real Estate Sector,0.02,10.17,-10.14,100024.25,False,81
2026-05-26,27,28,daily-spike-in-usgs-earthquake-activity-near-key-industrial-,crazy,Daily Spike In Usgs Earthquake Activity Near Key Industrial Hubs,0.02,10.17,-10.15,100015.96,False,86
2026-05-26,28,26,staples-sector-drawdown-rapid-recovery,crazy,Staples Sector Drawdown Rapid Recovery,0.02,10.17,-10.14,100024.7,False,107
2026-05-26,29,29,daily-spike-in-rss-news-feed-for-semiconductor-chip-shortage,crazy,Daily Spike In Rss News Feed For Semiconductor Chip Shortage Signals Tech Sector Volatility,0.01,10.17,-10.16,100007.01,False,78
2026-05-26,30,30,healthcare-procedure-google-trends-demand-resurgence,crazy,Healthcare Procedure Google Trends Demand Resurgence,0.01,10.17,-10.16,100005.77,False,82
2026-05-26,31,31,renewable-energy-rss-news-volume-surge,crazy,Renewable Energy Rss News Volume Surge,0.01,10.17,-10.16,100006.29,False,85
2026-05-26,32,32,weekly-google-trends-spike-for-diy-home-renovation-signals-b,crazy,Weekly Google Trends Spike For Diy Home Renovation Signals Bullish Consumer Staples,0.01,10.17,-10.16,100010.87,False,80
2026-05-26,33,33,weekly-surge-in-google-trends-for-diy-electronics-repair-sig,crazy,Weekly Surge In Google Trends For Diy Electronics Repair Signals Bullish Xlk,0.01,10.17,-10.16,100012.1,False,93
2026-05-26,34,34,airline-fuel-cost-volatility-expansion,crazy,Airline Fuel Cost Volatility Expansion,0.0,10.17,-10.17,100000.0,False,83
2026-05-26,35,35,airline-load-factor,crazy,Airline Load Factor Proxy,0.0,10.17,-10.17,100000.0,False,113
2026-05-26,36,36,airport-security-surge,crazy,Airport Security Surge,0.0,10.17,-10.17,100000.0,False,111
2026-05-26,37,37,airport-shopping-spree,crazy,Airport Shopping Spree,0.0,10.17,-10.17,100000.0,False,113
2026-05-26,38,38,appliance-shortage-supply-chain-stress,crazy,Appliance Shortage Supply Chain Stress,0.0,10.17,-10.17,100000.0,False,80
2026-05-26,39,39,bankruptcy-filing-rate,crazy,Bankruptcy Filing Rate,0.0,10.17,-10.17,100000.0,False,113
2026-05-26,40,40,calls311,crazy,311 Call Rotation,0.0,10.17,-10.17,100000.0,False,113
2026-05-26,41,41,cardboard,crazy,Cardboard Box Index,0.0,10.17,-10.17,100000.0,False,113
2026-05-26,42,42,cloud-storage-demand-surge,crazy,Cloud Storage Demand Surge,0.0,10.17,-10.17,100000.0,False,113
2026-05-26,43,43,congress,crazy,Congress Trading Fade,0.0,10.17,-10.17,100000.0,False,113
2026-05-26,44,44,consumer-stress-spike-from-google-trends-on-urgent-appliance,crazy,Consumer Stress Spike From Google Trends On Urgent Appliance Repair Searches,0.0,10.17,-10.17,100000.0,False,79
2026-05-26,45,45,craigslist,crazy,Craigslist Desperation Index,0.0,10.17,-10.17,100000.0,False,113
2026-05-26,46,46,credit-card-delinquency,crazy,Credit Card Delinquency,0.0,10.17,-10.17,100000.0,False,113
2026-05-26,47,47,crypto-capitulation-countdown,crazy,Crypto Capitulation Countdown,0.0,10.17,-10.17,100000.0,False,107
2026-05-26,48,48,crypto-derivative-arbitrage,crazy,Crypto Derivative Arbitrage,0.0,10.17,-10.17,100000.0,False,113
2026-05-26,49,49,daily-jump-in-google-trends-for-bank-account-overdraft-fees,crazy,Daily Jump In Google Trends For Bank Account Overdraft Fees,0.0,10.17,-10.17,100000.0,False,76
2026-05-26,50,50,daily-jump-in-google-trends-for-emergency-dental-surgery-sig,crazy,Daily Jump In Google Trends For Emergency Dental Surgery Signals Healthcare Consumer Stress,0.0,10.17,-10.17,100000.0,False,70
2026-05-26,51,51,daily-jump-in-google-trends-for-emergency-plumber-signals-ri,crazy,Daily Jump In Google Trends For Emergency Plumber Signals Rising Local Economy Stress Benefiting Staples,0.0,10.17,-10.17,100000.24,False,83
2026-05-26,52,52,daily-jump-in-google-trends-for-emergency-roadside-assistanc,crazy,Daily Jump In Google Trends For Emergency Roadside Assistance Signals Consumer Stress Impacting Discretionary Sector,0.0,10.17,-10.17,100000.0,False,82
2026-05-26,53,53,daily-jump-in-google-trends-for-food-delivery-delay-complain,crazy,Daily Jump In Google Trends For Food Delivery Delay Complaints Signals Bearish Consumer Staples,0.0,10.17,-10.17,100000.0,False,80
2026-05-26,54,54,daily-jump-in-google-trends-for-home-internet-outage-signals,crazy,Daily Jump In Google Trends For Home Internet Outage Signals Consumer Discretionary Tech Stress,0.0,10.17,-10.17,100000.0,False,78
2026-05-26,55,55,daily-jump-in-google-trends-for-solar-panel-repair-searches-,crazy,Daily Jump In Google Trends For Solar Panel Repair Searches Signals Green Energy Sector Rebound,0.0,10.17,-10.17,100000.0,False,91
2026-05-26,56,56,daily-jump-in-google-trends-for-warehouse-worker-strike-sign,crazy,Daily Jump In Google Trends For Warehouse Worker Strike Signals Labor Stress In Logistics,0.0,10.17,-10.17,100000.0,False,76
2026-05-26,57,57,daily-jump-in-google-trends-searches-for-electric-vehicle-ba,crazy,Daily Jump In Google Trends Searches For Electric Vehicle Battery Failure Signals Consumer Tech Stress,0.0,10.17,-10.17,100000.0,False,84
2026-05-26,58,58,daily-jump-in-openchargemap-ev-charger-counts-expansion-rate,crazy,Daily Jump In Openchargemap Ev Charger Counts Expansion Rate Signals Bullish Consumer Discretionary,0.0,10.17,-10.17,100000.0,False,80
2026-05-26,59,59,daily-jump-in-openchargemap-ev-charger-counts-in-key-states-,crazy,Daily Jump In Openchargemap Ev Charger Counts In Key States Signals Tech Sector Acceleration,0.0,10.17,-10.17,100000.0,False,82
2026-05-26,60,60,daily-jump-in-rss-news-counts-mentioning-labor-strike-signal,crazy,Daily Jump In Rss News Counts Mentioning Labor Strike Signals Imminent Industrial Disruption,0.0,10.17,-10.17,100000.0,False,84
2026-05-26,61,61,daily-jump-in-weather-series-temperature-volatility-signals-,crazy,Daily Jump In Weather Series Temperature Volatility Signals Utility Demand Surges,0.0,10.17,-10.17,100000.0,False,68
2026-05-26,62,62,daily-spike-in-consumerstress-google-trends-for-unemployment,crazy,Daily Spike In Consumerstress Google Trends For Unemployment Benefits Application Signals Rising Labor Market Weakness,0.0,10.17,-10.17,100000.0,False,67
2026-05-26,63,63,daily-spike-in-ev-charger-installations-signals-bullish-xlc,crazy,Daily Spike In Ev Charger Installations Signals Bullish Xlc,0.0,10.17,-10.17,100000.0,False,96
2026-05-26,64,64,daily-spike-in-freight-logistics-rss-news-volume-mentioning-,crazy,Daily Spike In Freight Logistics Rss News Volume Mentioning Port Labor Strike Triggers Bearish Xli,0.0,10.17,-10.17,100000.0,False,99
2026-05-26,65,65,daily-spike-in-google-trends-for-emergency-roadside-assistan,crazy,Daily Spike In Google Trends For Emergency Roadside Assistance Searches Signals Consumer Stress,0.0,10.17,-10.17,100000.0,False,79
2026-05-26,66,66,daily-spike-in-google-trends-for-emergency-vehicle-battery-r,crazy,Daily Spike In Google Trends For Emergency Vehicle Battery Replacement Searches Signals Auto Stress,0.0,10.17,-10.17,100000.0,False,79
2026-05-26,67,67,daily-spike-in-google-trends-for-emergency-vehicle-repair-si,crazy,Daily Spike In Google Trends For Emergency Vehicle Repair Signals Consumer Stress Lifting Industrial Sector,0.0,10.17,-10.17,100000.0,False,92
2026-05-26,68,68,daily-spike-in-google-trends-for-flu-symptom-searches-boosti,crazy,Daily Spike In Google Trends For Flu Symptom Searches Boosting Healthcare Services Demand,0.0,10.17,-10.17,100000.0,False,79
2026-05-26,69,69,daily-spike-in-google-trends-for-heating-oil-delivery-delay-,crazy,Daily Spike In Google Trends For Heating Oil Delivery Delay Signals Energy Sector Pressure,0.0,10.17,-10.17,100000.0,False,78
2026-05-26,70,70,daily-spike-in-google-trends-for-urgent-dental-surgery-signa,crazy,Daily Spike In Google Trends For Urgent Dental Surgery Signals Healthcare Demand Surge,0.0,10.17,-10.17,100000.0,False,77
2026-05-26,71,71,daily-spike-in-google-trends-searches-for-airline-flight-del,crazy,Daily Spike In Google Trends Searches For Airline Flight Delay Compensation,0.0,10.17,-10.17,100000.0,False,86
2026-05-26,72,72,daily-spike-in-google-trends-searches-for-emergency-car-batt,crazy,Daily Spike In Google Trends Searches For Emergency Car Battery Replacement Signals Consumer Stress Impacting Discretionary,0.0,10.17,-10.17,100000.0,False,91
2026-05-26,73,73,daily-spike-in-google-trends-searches-for-emergency-plumber-,crazy,Daily Spike In Google Trends Searches For Emergency Plumber Signals Consumer Home Repair Stress,0.0,10.17,-10.17,100000.0,False,84
2026-05-26,74,74,daily-spike-in-google-trends-searches-for-home-heating-syste,crazy,Daily Spike In Google Trends Searches For Home Heating System Failure Signals Winter Utility Stress,0.0,10.17,-10.17,100000.0,False,84
2026-05-26,75,75,daily-spike-in-rss-counts-for-corporate-layoff-announcements,crazy,Daily Spike In Rss Counts For Corporate Layoff Announcements Signals Consumer Discretionary Headwind,0.0,10.17,-10.17,100000.0,False,68
2026-05-26,76,76,daily-spike-in-rss-counts-for-new-labor-union-formations-sig,crazy,Daily Spike In Rss Counts For New Labor Union Formations Signals Labor Market Shift,0.0,10.17,-10.17,100000.0,False,68
2026-05-26,77,77,daily-spike-in-rss-news-count-for-semiconductor-equipment-or,crazy,Daily Spike In Rss News Count For Semiconductor Equipment Orders Signals Chip Sector Rebound,0.0,10.17,-10.17,100000.0,False,70
2026-05-26,78,78,daily-stock-price-volatility-spike-in-xlu-relative-to-spy,crazy,Daily Stock Price Volatility Spike In Xlu Relative To Spy,0.0,10.17,-10.17,100000.0,False,76
2026-05-26,79,79,daily-surge-in-google-trends-for-car-rental-price-spike-trig,crazy,Daily Surge In Google Trends For Car Rental Price Spike Triggers Travel Mobility Sector Pullback,0.0,10.17,-10.17,100000.0,False,81
2026-05-26,80,80,daily-surge-in-google-trends-for-electric-vehicle-charging-s,crazy,Daily Surge In Google Trends For Electric Vehicle Charging Station Outage Signals Green Tech Stress,0.0,10.17,-10.17,100000.0,False,76
2026-05-26,81,81,daily-surge-in-google-trends-for-emergency-food-delivery-sig,crazy,Daily Surge In Google Trends For Emergency Food Delivery Signals Consumer Stress Lifting Staples Demand,0.0,10.17,-10.17,100000.0,False,76
2026-05-26,82,82,daily-surge-in-google-trends-for-emergency-hvac-repair-signa,crazy,Daily Surge In Google Trends For Emergency Hvac Repair Signals Consumer Stress Boosting Home Improvement,0.0,10.17,-10.17,100000.0,False,71
2026-05-26,83,83,daily-surge-in-google-trends-for-home-heating-oil-shortage-s,crazy,Daily Surge In Google Trends For Home Heating Oil Shortage Signals Energy Sector Stress,0.0,10.17,-10.17,100000.0,False,69
2026-05-26,84,84,daily-surge-in-google-trends-for-home-office-setup-signals-b,crazy,Daily Surge In Google Trends For Home Office Setup Signals Bullish Technology Sector,0.0,10.17,-10.17,100000.0,False,80
2026-05-26,85,85,daily-surge-in-google-trends-for-urgent-dental-care-searches,crazy,Daily Surge In Google Trends For Urgent Dental Care Searches Lifting Healthcare Sector,0.0,10.17,-10.17,100000.0,False,79
2026-05-26,86,86,daily-surge-in-google-trends-searches-for-home-heating-syste,crazy,Daily Surge In Google Trends Searches For Home Heating System Failure Signals Consumer Stress Impacting Utilities,0.0,10.17,-10.17,100000.0,False,92
2026-05-26,87,87,daily-surge-in-open-charge-map-ev-charger-new-install-counts,crazy,Daily Surge In Open Charge Map Ev Charger New Install Counts Signals Auto Tech Growth,0.0,10.17,-10.17,100000.0,False,71
2026-05-26,88,88,daily-surge-in-rss-news-counts-for-corporate-bond-downgrade-,crazy,Daily Surge In Rss News Counts For Corporate Bond Downgrade Signals Credit Stress Rotation,0.0,10.17,-10.17,100000.0,False,76
2026-05-26,89,89,daily-surge-in-rss-news-counts-on-corporate-dividend-increas,crazy,Daily Surge In Rss News Counts On Corporate Dividend Increases Signals Financial Sector Strength,0.0,10.17,-10.17,100000.0,False,70
2026-05-26,90,90,earthquake-activity-surge-in-oil-producing-regions-signals-s,crazy,Earthquake Activity Surge In Oil-producing Regions Signals Supply Disruption Risk Premium,0.0,10.17,-10.17,100000.0,False,77
2026-05-26,91,91,earthquake-energy-demand,crazy,Earthquake Energy Demand Indicator,0.0,10.17,-10.17,100000.0,False,113
2026-05-26,92,92,electric-vehicle-charge-station-density,crazy,Electric Vehicle Charge Station Density,0.0,10.17,-10.17,100000.0,False,113
2026-05-26,93,93,electricity-demand-spike-weather-anomaly,crazy,Electricity Demand Spike Weather Anomaly,0.0,10.17,-10.17,100000.0,False,93
2026-05-26,94,94,energy-sector-sudden-weekly-volatility-spike,crazy,Energy Sector Sudden Weekly Volatility Spike,0.0,10.17,-10.17,100000.0,False,104
2026-05-26,95,95,energy-sector-weekly-drawdown-exhaustion,crazy,Energy Sector Weekly Drawdown Exhaustion,0.0,10.17,-10.17,100000.0,False,107
2026-05-26,96,96,ev-charger-buildout-acceleration-play,crazy,Ev Charger Buildout Acceleration Play,0.0,10.17,-10.17,100000.0,False,79
2026-05-26,97,97,ev-charger-density-saturation-play,crazy,Ev Charger Density Saturation Play,0.0,10.17,-10.17,100000.0,False,102
2026-05-26,98,98,ev-charger-deployment-sprint-acceleration,crazy,Ev Charger Deployment Sprint Acceleration,0.0,10.17,-10.17,100000.0,False,85
2026-05-26,99,99,ev-charger-expansion-frenzy,crazy,Ev Charger Expansion Frenzy,0.0,10.17,-10.17,100000.0,False,93
2026-05-26,100,100,ev-charger-expansion-momentum-surge,crazy,Ev Charger Expansion Momentum Surge,0.0,10.17,-10.17,100000.0,False,86
2026-05-26,101,101,ev-charger-expansion-velocity-boom,crazy,Ev Charger Expansion Velocity Boom,0.0,10.17,-10.17,100000.0,False,83
2026-05-26,102,102,ev-charger-installation-acceleration-play,crazy,Ev Charger Installation Acceleration Play,0.0,10.17,-10.17,100000.0,False,94
2026-05-26,103,103,ev-charger-installation-boom-acceleration-signal,crazy,Ev Charger Installation Boom Acceleration Signal,0.0,10.17,-10.17,100000.0,False,69
2026-05-26,104,104,ev-charger-network-contraction-signals-electric-vehicle-adop,crazy,Ev Charger Network Contraction Signals Electric Vehicle Adoption Slowdown,0.0,10.17,-10.17,100000.0,False,81
2026-05-26,105,105,ev-charger-network-density-jump,crazy,Ev Charger Network Density Jump,0.0,10.17,-10.17,100000.0,False,80
2026-05-26,106,106,ev-charger-network-density-surge-bullish-signal,crazy,Ev Charger Network Density Surge Bullish Signal,0.0,10.17,-10.17,100000.0,False,96
2026-05-26,107,107,ev-charger-network-expansion-acceleration,crazy,Ev Charger Network Expansion Acceleration,0.0,10.17,-10.17,100000.0,False,91
2026-05-26,108,108,ev-charger-network-expansion-sprint-demand-surge,crazy,Ev Charger Network Expansion Sprint Demand Surge,0.0,10.17,-10.17,100000.0,False,99
2026-05-26,109,109,ev-charger-network-expansion-velocity-surge,crazy,Ev Charger Network Expansion Velocity Surge,0.0,10.17,-10.17,100000.0,False,92
2026-05-26,110,110,ev-charger-network-growth-slowdown-signals-green-energy-weak,crazy,Ev Charger Network Growth Slowdown Signals Green Energy Weakness,0.0,10.17,-10.17,100000.0,False,67
2026-05-26,111,111,ev-charger-rollout-acceleration-green-energy-sector-tailwind,crazy,Ev Charger Rollout Acceleration Green Energy Sector Tailwind,0.0,10.17,-10.17,100000.0,False,71
2026-05-26,112,112,ev-charging-boom,crazy,Ev Charging Boom,0.0,10.17,-10.17,100000.0,False,111
2026-05-26,113,113,ev-charging-network-saturation-surge,crazy,Ev Charging Network Saturation Surge,0.0,10.17,-10.17,100000.0,False,68
2026-05-26,114,114,ev-charging-station-stampede,crazy,Ev Charging Station Stampede,0.0,10.17,-10.17,100000.0,False,107
2026-05-26,115,115,ev-euphoria,crazy,Ev Euphoria,0.0,10.17,-10.17,100000.0,False,109
2026-05-26,116,116,financial-sector-momentum-divergence-with-spy,crazy,Financial Sector Momentum Divergence With Spy,0.0,10.17,-10.17,100000.0,False,107
2026-05-26,117,117,fintech-disruption-wave,crazy,Fintech Disruption Wave,0.0,10.17,-10.17,100000.0,False,111
2026-05-26,118,118,freight-rail-congestion-rss-volume-explosion,crazy,Freight Rail Congestion Rss Volume Explosion,0.0,10.17,-10.17,100000.0,False,83
2026-05-26,119,119,glassdoor,crazy,Glassdoor Misery Gradient,0.0,10.17,-10.17,100000.0,False,113
2026-05-26,120,120,global-tech-earnings-momentum,crazy,Global Tech Earnings Momentum,0.0,10.17,-10.17,100000.0,False,111
2026-05-26,121,121,gold-volatility-vol-of-vol-spike,crazy,Gold Volatility Vol-of-vol Spike,0.0,10.17,-10.17,100000.0,False,94
2026-05-26,122,122,google-trends-spike-in-bankruptcy-filing-and-debt-consolidat,crazy,Google Trends Spike In Bankruptcy Filing And Debt Consolidation Signals Consumer Default Risk Surge,0.0,10.17,-10.17,100000.0,False,81
2026-05-26,123,123,google-trends-surge-in-bankruptcy-search-intent,crazy,Google Trends Surge In Bankruptcy Search Intent,0.0,10.17,-10.17,100000.0,False,71
2026-05-26,124,124,google-trends-surge-in-bankruptcy-search-terms-signals-consu,crazy,Google Trends Surge In Bankruptcy Search Terms Signals Consumer Debt Stress,0.0,10.17,-10.17,100000.0,False,67
2026-05-26,125,125,google-trends-surge-in-flight-delay-complaints,crazy,Google Trends Surge In Flight Delay Complaints,0.0,10.17,-10.17,100000.0,False,92
2026-05-26,126,126,google-trends-surge-in-pest-control-searches-signals-consume,crazy,Google Trends Surge In Pest Control Searches Signals Consumer Home Stress,0.0,10.17,-10.17,100000.0,False,67
2026-05-26,127,127,health-insurance-deductible-shock-searches,crazy,Health Insurance Deductible Shock Searches,0.0,10.17,-10.17,100000.0,False,85
2026-05-26,128,128,healthcare-cost-shock-google-trends-spike,crazy,Healthcare Cost Shock Google Trends Spike,0.0,10.17,-10.17,100000.0,False,93
2026-05-26,129,129,healthcare-cost-urgency-spike,crazy,Healthcare Cost Urgency Spike,0.0,10.17,-10.17,100000.0,False,68
2026-05-26,130,130,healthcare-utilization-surge-from-seasonal-illness-wave,crazy,Healthcare Utilization Surge From Seasonal Illness Wave,0.0,10.17,-10.17,100000.0,False,69
2026-05-26,131,131,high-yield-spread-regime,crazy,High Yield Spread Regime,0.0,10.17,-10.17,100000.0,False,113
2026-05-26,132,132,linkedin,crazy,LinkedIn Layoff Propagation,0.0,10.17,-10.17,100000.0,False,113
2026-05-26,133,133,lumber-futures-rollercoaster,crazy,Lumber Futures Rollercoaster,0.0,10.17,-10.17,100000.0,False,107
2026-05-26,134,134,materials-sector-weekly-volatility-contraction-breakout,crazy,Materials Sector Weekly Volatility Contraction Breakout,0.0,10.17,-10.17,100000.0,False,104
2026-05-26,135,135,mortgage-refinance-wave-google-trends-surge,crazy,Mortgage Refinance Wave Google Trends Surge,0.0,10.17,-10.17,100000.0,False,94
2026-05-26,136,136,natural-gas-demand-spike-from-unseasonable-cold-snap-detecti,crazy,Natural Gas Demand Spike From Unseasonable Cold Snap Detection,0.0,10.17,-10.17,100000.0,False,77
2026-05-26,137,137,natural-gas-heating-demand-spike-via-weather-extremes,crazy,Natural Gas Heating Demand Spike Via Weather Extremes,0.0,10.17,-10.17,100000.0,False,67
2026-05-26,138,138,online-ad-impression-volatility,crazy,Online Ad Impression Volatility Trader,0.0,10.17,-10.17,100000.0,False,113
2026-05-26,139,139,patent-filing-velocity,crazy,Patent Filing Velocity,0.0,10.17,-10.17,100000.0,False,104
2026-05-26,140,140,pet-emergency-vet-visit-spike,crazy,Pet Emergency Vet Visit Spike,0.0,10.17,-10.17,100000.0,False,80
2026-05-26,141,141,pet-food-supply-chain,crazy,Pet Food Supply Chain Disruption,0.0,10.17,-10.17,100000.0,False,113
2026-05-26,142,142,real-time-retail-traffic-collapse,crazy,Real-time Retail Traffic Collapse,0.0,10.17,-10.17,100000.0,False,68
2026-05-26,143,143,reddit-emoji-sentiment-spike,crazy,Reddit Emoji Sentiment Spike,0.0,10.17,-10.17,100000.0,False,113
2026-05-26,144,144,reddit-gaming-thread-spike,crazy,Reddit Gaming Thread Spike,0.0,10.17,-10.17,100000.0,False,113
2026-05-26,145,145,reddit-mentions-volatility-spike,crazy,Reddit Mentions Volatility Spike,0.0,10.17,-10.17,100000.0,False,113
2026-05-26,146,146,reddit-sentiment-spike-trend,crazy,Reddit Sentiment Spike Trend,0.0,10.17,-10.17,100000.0,False,113
2026-05-26,147,147,reddit-sentiment-spike,crazy,Reddit Sentiment Spike,0.0,10.17,-10.17,100000.0,False,113
2026-05-26,148,148,reddit-sentiment-volatility-spike,crazy,Reddit Sentiment Volatility Spike,0.0,10.17,-10.17,100000.0,False,113
2026-05-26,149,149,reddit-subreddit-mention-spike,crazy,Reddit Subreddit Mention Spike,0.0,10.17,-10.17,100000.0,False,113
2026-05-26,150,150,reddit-subreddit-sentiment-spike,crazy,Reddit Subreddit Sentiment Spike,0.0,10.17,-10.17,100000.0,False,113
2026-05-26,151,151,reddit-subreddit-surge-momentum,crazy,Reddit Subreddit Surge Momentum,0.0,10.17,-10.17,100000.0,False,113
2026-05-26,152,152,reddit-volatility-spike,crazy,Reddit Volatility Spike,0.0,10.17,-10.17,100000.0,False,113
2026-05-26,153,153,rental-car-shortage-volatility-spike,crazy,Rental Car Shortage Volatility Spike,0.0,10.17,-10.17,100000.0,False,102
2026-05-26,154,154,residential-real-estate-search-momentum-rotation,crazy,Residential Real Estate Search Momentum Rotation,0.0,10.17,-10.17,100000.0,False,86
2026-05-26,155,155,retail-rush-ahead-of-holidays,crazy,Retail Rush Ahead Of Holidays,0.0,10.17,-10.17,100000.0,False,111
2026-05-26,156,156,rss-roar,crazy,Rss Roar,0.0,10.17,-10.17,100000.0,False,109
2026-05-26,157,157,small-business-formation,crazy,Small Business Formation,0.0,10.17,-10.17,100000.0,False,113
2026-05-26,158,158,social-media-sentiment-spike,crazy,Social Media Sentiment Spike,0.0,10.17,-10.17,100000.0,False,113
2026-05-26,159,159,solar-storm-scorcher,crazy,Solar Storm Scorcher,0.0,10.17,-10.17,100000.0,False,107
2026-05-26,160,160,superbowl-futures-trade,crazy,Superbowl Futures Trade,0.0,10.17,-10.17,100000.0,False,113
2026-05-26,161,161,technology-sector-daily-ev-charger-count-surge,crazy,Technology Sector Daily Ev Charger Count Surge,0.0,10.17,-10.17,100000.0,False,107
2026-05-26,162,162,temperature-shock-energy-demand-flip,crazy,Temperature Shock Energy Demand Flip,0.0,10.17,-10.17,100000.0,False,102
2026-05-26,163,163,travel-mobility-rebound-post-weather-system,crazy,Travel Mobility Rebound Post Weather System,0.0,10.17,-10.17,100000.0,False,69
2026-05-26,164,164,truck-driver-wage-search-surge,crazy,Truck Driver Wage Search Surge,0.0,10.17,-10.17,100000.0,False,79
2026-05-26,165,165,tsa,crazy,TSA Body Count,0.0,10.17,-10.17,100000.0,False,113
2026-05-26,166,166,twitter-sentiment-spike,crazy,Twitter Sentiment Spike,0.0,10.17,-10.17,100000.0,False,113
2026-05-26,167,167,utilities-sector-weekly-temperature-drop-signal,crazy,Utilities Sector Weekly Temperature Drop Signal,0.0,10.17,-10.17,100000.0,False,111
2026-05-26,168,168,utilities-volatility-spike-long-hedge-trade,crazy,Utilities Volatility Spike Long Hedge Trade,0.0,10.17,-10.17,100000.0,False,69
2026-05-26,169,169,utility-demand-spike-from-weather-extremes,crazy,Utility Demand Spike From Weather Extremes,0.0,10.17,-10.17,100001.85,False,68
2026-05-26,170,170,utility-sector-rate-hike-anxiety-from-weather-driven-demand-,crazy,Utility Sector Rate Hike Anxiety From Weather-driven Demand Spike,0.0,10.17,-10.17,100000.0,False,70
2026-05-26,171,171,utility-volatility-compression-reversion-bounce,crazy,Utility Volatility Compression Reversion Bounce,0.0,10.17,-10.17,100000.0,False,84
2026-05-26,172,172,vix-to-realized-volatility-contraction-signals-mean-reversio,crazy,Vix-to-realized Volatility Contraction Signals Mean Reversion Opportunity In Large Caps,0.0,10.17,-10.17,100000.0,False,77
2026-05-26,173,173,volatility-spike-follow-through,crazy,Volatility Spike Follow-Through,0.0,10.17,-10.17,100000.0,False,113
2026-05-26,174,174,weather-disruption-ripple-effects,crazy,Weather Disruption Ripple Effects,0.0,10.17,-10.17,100000.0,False,111
2026-05-26,175,175,weather-volatility-spike,crazy,Weather Volatility Spike,0.0,10.17,-10.17,100000.0,False,113
2026-05-26,176,176,weather-windfall,crazy,Weather Windfall,0.0,10.17,-10.17,100000.0,False,109
2026-05-26,177,177,weekly-ev-charger-expansion-in-underserved-regions,crazy,Weekly Ev Charger Expansion In Underserved Regions,0.0,10.17,-10.17,100000.0,False,76
2026-05-26,178,178,weekly-ev-charger-network-density-jump-in-rural-counties,crazy,Weekly Ev Charger Network Density Jump In Rural Counties,0.0,10.17,-10.17,100000.0,False,77
2026-05-26,179,179,weekly-google-trends-spike-for-diy-electronics-repair-signal,crazy,Weekly Google Trends Spike For Diy Electronics Repair Signals Bullish Tech Sector,0.0,10.17,-10.17,100000.0,False,91
2026-05-26,180,180,weekly-google-trends-spike-for-small-business-loan-default-s,crazy,Weekly Google Trends Spike For Small Business Loan Default Searches,0.0,10.17,-10.17,100000.0,False,86
2026-05-26,181,181,weekly-google-trends-spike-for-urgent-job-resignation-search,crazy,Weekly Google Trends Spike For Urgent Job Resignation Searches Signals Labor Market Stress,0.0,10.17,-10.17,100000.0,False,71
2026-05-26,182,182,weekly-google-trends-spike-in-business-travel-rebound-signal,crazy,Weekly Google Trends Spike In Business Travel Rebound Signals Bullish Industrial Sector,0.0,10.17,-10.17,100000.0,False,80
2026-05-26,183,183,weekly-google-trends-spike-in-searches-for-home-solar-panel-,crazy,Weekly Google Trends Spike In Searches For Home Solar Panel Repair Signals Green Energy Sector Repair Demand,0.0,10.17,-10.17,100000.0,False,71
2026-05-26,184,184,weekly-google-trends-surge-for-diy-roof-repair-searches-sign,crazy,Weekly Google Trends Surge For Diy Roof Repair Searches Signals Consumer Stress Impacting Xli,0.0,10.17,-10.17,100000.0,False,91
2026-05-26,185,185,weekly-google-trends-surge-for-home-pest-control-searches-si,crazy,Weekly Google Trends Surge For Home Pest Control Searches Signals Consumer Stress Boosting Staples,0.0,10.17,-10.17,100000.0,False,91
2026-05-26,186,186,weekly-google-trends-surge-for-small-business-loan-applicati,crazy,Weekly Google Trends Surge For Small Business Loan Application Signals Financial Sector Activity Boost,0.0,10.17,-10.17,100000.0,False,82
2026-05-26,187,187,weekly-google-trends-surge-for-truck-tire-replacement-search,crazy,Weekly Google Trends Surge For Truck Tire Replacement Searches Signals Industrial Sector Repair Cycle,0.0,10.17,-10.17,100000.0,False,82
2026-05-26,188,188,weekly-google-trends-surge-for-used-truck-purchase-searches-,crazy,Weekly Google Trends Surge For Used Truck Purchase Searches Signals Bullish Freight Logistics,0.0,10.17,-10.17,100000.0,False,91
2026-05-26,189,189,weekly-google-trends-surge-for-warehouse-automation-interest,crazy,Weekly Google Trends Surge For Warehouse Automation Interest Signals Industrial Tech Demand,0.0,10.17,-10.17,100000.0,False,71
2026-05-26,190,190,weekly-google-trends-surge-in-home-heating-oil-shortage-sign,crazy,Weekly Google Trends Surge In Home Heating Oil Shortage Signals Winter Utility Stress Favoring Utilities Sector,0.0,10.17,-10.17,100000.0,False,81
2026-05-26,191,191,weekly-google-trends-surge-in-job-training-programs-signals-,crazy,Weekly Google Trends Surge In Job Training Programs Signals Bullish Industrial Sector,0.0,10.17,-10.17,100000.0,False,80
2026-05-26,192,192,weekly-google-trends-surge-in-pest-control-searches,crazy,Weekly Google Trends Surge In Pest Control Searches,0.0,10.17,-10.17,100000.0,False,76
2026-05-26,193,193,weekly-google-trends-surge-in-searches-for-diesel-fuel-price,crazy,Weekly Google Trends Surge In Searches For Diesel Fuel Price Increase,0.0,10.17,-10.17,100000.0,False,86
2026-05-26,194,194,weekly-google-trends-surge-in-searches-for-home-solar-instal,crazy,Weekly Google Trends Surge In Searches For Home Solar Installation Financing Signals Xle Bullish,0.0,10.17,-10.17,100000.0,False,91
2026-05-26,195,195,weekly-google-trends-surge-in-searches-for-truck-driver-shor,crazy,Weekly Google Trends Surge In Searches For Truck Driver Shortage,0.0,10.17,-10.17,100000.0,False,86
2026-05-26,196,196,weekly-increase-in-google-trends-for-commercial-drone-repair,crazy,Weekly Increase In Google Trends For Commercial Drone Repair Signals Tech Sector Maintenance Demand,0.0,10.17,-10.17,100000.0,False,78
2026-05-26,197,197,weekly-increase-in-google-trends-for-home-solar-panel-instal,crazy,Weekly Increase In Google Trends For Home Solar Panel Installation Delay Signals Bearish Utilities Sector,0.0,10.17,-10.17,100000.0,False,80
2026-05-26,198,198,weekly-increase-in-google-trends-for-industrial-machinery-br,crazy,Weekly Increase In Google Trends For Industrial Machinery Breakdown Signals Rising Repair Demand,0.0,10.17,-10.17,100000.0,False,77
2026-05-26,199,199,weekly-increase-in-google-trends-searches-for-bulk-shipping-,crazy,Weekly Increase In Google Trends Searches For Bulk Shipping Delay Signals Bearish Xlb,0.0,10.17,-10.17,100000.0,False,99
2026-05-26,200,200,weekly-increase-in-google-trends-searches-for-small-business,crazy,Weekly Increase In Google Trends Searches For Small Business Loan Default Signals Rising Credit Stress,0.0,10.17,-10.17,100000.0,False,84
2026-05-26,201,201,weekly-increase-in-open-charge-map-ev-charger-installations-,crazy,Weekly Increase In Open Charge Map Ev Charger Installations Signals Green Tech Growth,0.0,10.17,-10.17,100000.0,False,68
2026-05-26,202,202,weekly-jump-in-google-trends-for-home-heating-oil-shortage-s,crazy,Weekly Jump In Google Trends For Home Heating Oil Shortage Signals Winter Energy Stress,0.0,10.17,-10.17,100000.0,False,83
2026-05-26,203,203,weekly-jump-in-google-trends-for-home-moving-truck-rental-de,crazy,Weekly Jump In Google Trends For Home Moving Truck Rental Demand Signals Housing Market Activity,0.0,10.17,-10.17,100000.0,False,76
2026-05-26,204,204,weekly-jump-in-google-trends-for-job-quitting-searches-signa,crazy,Weekly Jump In Google Trends For Job Quitting Searches Signals Labor Market Tightness Benefiting Financial Sector,0.0,10.17,-10.17,100000.0,False,82
2026-05-26,205,205,weekly-jump-in-google-trends-for-small-business-layoffs-sign,crazy,Weekly Jump In Google Trends For Small Business Layoffs Signals Consumer Discretionary Downturn,0.0,10.17,-10.17,100000.0,False,80
2026-05-26,206,206,weekly-jump-in-google-trends-for-truck-driver-shortage-signa,crazy,Weekly Jump In Google Trends For Truck Driver Shortage Signals Labor Stress In Transportation,0.0,10.17,-10.17,100000.0,False,76
2026-05-26,207,207,weekly-jump-in-google-trends-for-warehouse-automation-jobs-s,crazy,Weekly Jump In Google Trends For Warehouse Automation Jobs Signals Labor Substitution Pressure,0.0,10.17,-10.17,100000.0,False,76
2026-05-26,208,208,weekly-jump-in-google-trends-for-warehouse-labor-shortage-si,crazy,Weekly Jump In Google Trends For Warehouse Labor Shortage Signals Supply Chain Labor Stress And Industrial Sector Risk,0.0,10.17,-10.17,100000.0,False,81
2026-05-26,209,209,weekly-jump-in-google-trends-home-pest-control-emergency-sea,crazy,Weekly Jump In Google Trends Home Pest Control Emergency Searches Signals Consumer Stress And Discretionary Rebound,0.0,10.17,-10.17,100000.0,False,82
2026-05-26,210,210,weekly-jump-in-google-trends-searches-for-airport-security-d,crazy,Weekly Jump In Google Trends Searches For Airport Security Delay Signals Travel Mobility Disruptions,0.0,10.17,-10.17,100000.0,False,84
2026-05-26,211,211,weekly-rise-in-google-trends-for-commercial-truck-tire-blowo,crazy,Weekly Rise In Google Trends For Commercial Truck Tire Blowout Signals Freight Sector Caution,0.0,10.17,-10.17,100000.0,False,78
2026-05-26,212,212,weekly-rise-in-google-trends-for-freight-train-delays-signal,crazy,Weekly Rise In Google Trends For Freight Train Delays Signals Logistics Bottlenecks,0.0,10.17,-10.17,100000.0,False,76
2026-05-26,213,213,weekly-rise-in-google-trends-for-solar-panel-installation-de,crazy,Weekly Rise In Google Trends For Solar Panel Installation Delay Signals Supply Chain Issues In Green Energy,0.0,10.17,-10.17,100000.0,False,76
2026-05-26,214,214,weekly-rise-in-google-trends-for-warehouse-automation-intere,crazy,Weekly Rise In Google Trends For Warehouse Automation Interest Signals Industrial Demand,0.0,10.17,-10.17,100000.0,False,79
2026-05-26,215,215,weekly-rise-in-google-trends-for-warehouse-lighting-failure-,crazy,Weekly Rise In Google Trends For Warehouse Lighting Failure Signals Industrial Maintenance Cycle,0.0,10.17,-10.17,100000.0,False,78
2026-05-26,216,216,weekly-rise-in-google-trends-searches-for-gas-price-protest-,crazy,Weekly Rise In Google Trends Searches For Gas Price Protest Signals Bearish Xle,0.0,10.17,-10.17,100000.0,False,99
2026-05-26,217,217,weekly-rise-in-localeconomyweirdness-rss-counts-mentioning-f,crazy,Weekly Rise In Localeconomyweirdness Rss Counts Mentioning Food Bank Demand Surge Signals Consumer Hardship Pressure On Staples,0.0,10.17,-10.17,100000.0,False,67
2026-05-26,218,218,weekly-rise-in-usgs-earthquake-activity-near-major-ports-sig,crazy,Weekly Rise In Usgs Earthquake Activity Near Major Ports Signals Potential Freight Disruptions,0.0,10.17,-10.17,100000.0,False,76
2026-05-26,219,219,weekly-rss-count-spike-on-warehouse-worker-injury-reports,crazy,Weekly Rss Count Spike On Warehouse Worker Injury Reports,0.0,10.17,-10.17,100000.0,False,76
2026-05-26,220,220,weekly-spike-in-food-bank-demand-google-trends-signals-consu,crazy,Weekly Spike In Food Bank Demand Google Trends Signals Consumer Staples Demand Surge,0.0,10.17,-10.17,100000.0,False,77
2026-05-26,221,221,weekly-spike-in-google-trends-for-fuel-shortage-predicts-ene,crazy,Weekly Spike In Google Trends For Fuel Shortage Predicts Energy Sector Volatility,0.0,10.17,-10.17,100000.0,False,81
2026-05-26,222,222,weekly-spike-in-google-trends-for-railway-crossing-malfuncti,crazy,Weekly Spike In Google Trends For Railway Crossing Malfunction Signals Freight Sector Risk,0.0,10.17,-10.17,100000.0,False,78
2026-05-26,223,223,weekly-spike-in-google-trends-searches-for-warehouse-automat,crazy,Weekly Spike In Google Trends Searches For Warehouse Automation Failure Signals Bearish Xli,0.0,10.17,-10.17,100000.29,False,99
2026-05-26,224,224,weekly-spike-in-localeconomyweirdness-rss-news-counts-mentio,crazy,Weekly Spike In Localeconomyweirdness Rss News Counts Mentioning Small Town Retail Closures Signals Consumer Discretionary Softness,0.0,10.17,-10.17,100000.0,False,67
2026-05-26,225,225,weekly-surge-in-attentionsentiment-rss-count-for-shipping-co,crazy,Weekly Surge In Attentionsentiment Rss Count For Shipping Container Backlog Signals Industrial Sector Headwind,0.0,10.17,-10.17,100000.0,False,67
2026-05-26,226,226,weekly-surge-in-attentionsentiment-rss-counts-for-cyber-atta,crazy,Weekly Surge In Attentionsentiment Rss Counts For Cyber Attack On Utilities Signals Energy Sector Risk,0.0,10.17,-10.17,100000.0,False,67
2026-05-26,227,227,weekly-surge-in-freightlogistics-google-trends-for-warehouse,crazy,Weekly Surge In Freightlogistics Google Trends For Warehouse Labor Shortage Signals Industrial Sector Pressure,0.0,10.17,-10.17,100000.0,False,67
2026-05-26,228,228,weekly-surge-in-google-trends-diy-home-roofing-repair-search,crazy,Weekly Surge In Google Trends Diy Home Roofing Repair Searches Signals Industrial Sector Demand Spike,0.0,10.17,-10.17,100000.0,False,82
2026-05-26,229,229,weekly-surge-in-google-trends-for-car-rental-pickup-delays-s,crazy,Weekly Surge In Google Trends For Car Rental Pickup Delays Signals Travel Disruption,0.0,10.17,-10.17,100000.0,False,71
2026-05-26,230,230,weekly-surge-in-google-trends-for-delayed-package-delivery-s,crazy,Weekly Surge In Google Trends For Delayed Package Delivery Signals Consumer Discretionary Shipping Pressure,0.0,10.17,-10.17,100000.0,False,78
2026-05-26,231,231,weekly-surge-in-google-trends-for-diy-solar-panel-repair-sig,crazy,Weekly Surge In Google Trends For Diy Solar Panel Repair Signals Green Energy Sector Rebound,0.0,10.17,-10.17,100000.0,False,92
2026-05-26,232,232,weekly-surge-in-google-trends-for-electric-scooter-theft-sig,crazy,Weekly Surge In Google Trends For Electric Scooter Theft Signals Consumer Discretionary Stress,0.0,10.17,-10.17,100000.0,False,78
2026-05-26,233,233,weekly-surge-in-google-trends-for-emergency-plumbing-repair-,crazy,Weekly Surge In Google Trends For Emergency Plumbing Repair Signals Consumer Stress Lifting Discretionary Sector,0.0,10.17,-10.17,100000.0,False,85
2026-05-26,234,234,weekly-surge-in-google-trends-for-freight-congestion-complai,crazy,Weekly Surge In Google Trends For Freight Congestion Complaints Correlating With Industrial Sector Risk,0.0,10.17,-10.17,100000.0,False,79
2026-05-26,235,235,weekly-surge-in-google-trends-for-freight-elevator-repair-si,crazy,Weekly Surge In Google Trends For Freight Elevator Repair Signals Industrial Sector Demand,0.0,10.17,-10.17,100000.0,False,78
2026-05-26,236,236,weekly-surge-in-google-trends-for-home-heating-oil-shortage-,crazy,Weekly Surge In Google Trends For Home Heating Oil Shortage Signals Bullish Xle,0.0,10.17,-10.17,100000.0,False,93
2026-05-26,237,237,weekly-surge-in-google-trends-for-job-interview-preparation-,crazy,Weekly Surge In Google Trends For Job Interview Preparation Searches,0.0,10.17,-10.17,100000.0,False,86
2026-05-26,238,238,weekly-surge-in-google-trends-for-last-minute-flight-deals-s,crazy,Weekly Surge In Google Trends For Last Minute Flight Deals Signals Travel Demand Rebound,0.0,10.17,-10.17,100000.0,False,76
2026-05-26,239,239,weekly-surge-in-google-trends-for-sudden-appliance-breakdown,crazy,Weekly Surge In Google Trends For Sudden Appliance Breakdowns Signals Discretionary Sector Rebound,0.0,10.17,-10.17,100000.0,False,82
2026-05-26,240,240,weekly-surge-in-google-trends-for-supply-chain-delay-searche,crazy,Weekly Surge In Google Trends For Supply Chain Delay Searches Signals Industrial Sector Risk,0.0,10.17,-10.17,100000.0,False,68
2026-05-26,241,241,weekly-surge-in-google-trends-for-used-car-price-searches-si,crazy,Weekly Surge In Google Trends For Used Car Price Searches Signaling Consumer Cost Pressure,0.0,10.17,-10.17,100000.0,False,79
2026-05-26,242,242,weekly-surge-in-google-trends-for-warehouse-automation-jobs-,crazy,Weekly Surge In Google Trends For Warehouse Automation Jobs Signals Industrial Tech Adoption,0.0,10.17,-10.17,100000.0,False,70
2026-05-26,243,243,weekly-surge-in-google-trends-for-warehouse-automation-signa,crazy,Weekly Surge In Google Trends For Warehouse Automation Signals Industrial Sector Demand,0.0,10.17,-10.17,100000.0,False,80
2026-05-26,244,244,weekly-surge-in-google-trends-searches-for-diy-bicycle-repai,crazy,Weekly Surge In Google Trends Searches For Diy Bicycle Repair,0.0,10.17,-10.17,100000.0,False,86
2026-05-26,245,245,weekly-surge-in-google-trends-searches-for-freight-container,crazy,Weekly Surge In Google Trends Searches For Freight Container Backlog Signals Industrial Sector Pressure,0.0,10.17,-10.17,100000.0,False,81
2026-05-26,246,246,weekly-surge-in-google-trends-searches-for-home-improvement-,crazy,Weekly Surge In Google Trends Searches For Home Improvement Loan Signals Consumer Stress Lifting Xly,0.0,10.17,-10.17,100000.0,False,99
2026-05-26,247,247,weekly-surge-in-google-trends-searches-for-warehouse-worker-,crazy,Weekly Surge In Google Trends Searches For Warehouse Worker Shortage Signals Labor Tightness,0.0,10.17,-10.17,100000.0,False,84
2026-05-26,248,248,weekly-surge-in-openchargemap-ev-charger-installations-signa,crazy,Weekly Surge In Openchargemap Ev Charger Installations Signals Bullish Xlc,0.0,10.17,-10.17,100000.0,False,101
2026-05-26,249,249,work-from-home-frenzy,crazy,Work From Home Frenzy,0.0,10.17,-10.17,100000.0,False,111
2026-05-26,250,250,xlb-daily-volatility-contraction-breakout,crazy,Xlb Daily Volatility Contraction Breakout,0.0,10.17,-10.17,100000.0,False,109
2026-05-26,251,251,xlu-weekly-cold-snap-weather-correlation,crazy,Xlu Weekly Cold Snap Weather Correlation,0.0,10.17,-10.17,100000.0,False,109
2026-05-26,252,252,xlv-google-trends-flu-search-spike,crazy,Xlv Google Trends Flu Search Spike,0.0,10.17,-10.17,100000.0,False,109
2026-05-26,253,253,yelp-closure-velocity,crazy,Yelp Closure Velocity,0.0,10.17,-10.17,100000.0,False,104
2026-05-26,254,254,yield-curve-regime,crazy,Yield Curve Regime,0.0,10.17,-10.17,100000.0,False,113
2026-05-26,255,255,daily-jump-in-google-trends-for-food-poisoning-outbreak-boos,crazy,Daily Jump In Google Trends For Food Poisoning Outbreak Boosts Healthcare Sector Demand,-0.01,10.17,-10.18,99989.37,False,78
2026-05-26,256,256,rss-news-volume-spike-on-corporate-bond-downgrades-signals-c,crazy,Rss News Volume Spike On Corporate Bond Downgrades Signals Credit Stress Rotation,-0.01,10.17,-10.18,99986.6,False,77
2026-05-26,257,257,weekly-google-trends-surge-for-truck-driver-shortage-signals,crazy,Weekly Google Trends Surge For Truck Driver Shortage Signals Freight Logistics Risk And Industrial Cost Pressure,-0.01,10.17,-10.18,99993.13,False,81
2026-05-26,258,258,weekly-surge-in-google-trends-for-diy-roof-repair-signals-co,crazy,Weekly Surge In Google Trends For Diy Roof Repair Signals Consumer Stress Lifting Industrial Sector,-0.01,10.17,-10.18,99990.05,False,85
2026-05-26,259,259,weekly-surge-in-google-trends-for-last-minute-vacation-booki,crazy,Weekly Surge In Google Trends For Last Minute Vacation Bookings Signals Travel Demand Spike,-0.01,10.17,-10.18,99975.65,False,68
2026-05-26,260,260,electricity-demand-collapse-during-mild-weather,crazy,Electricity Demand Collapse During Mild Weather,-0.02,10.17,-10.19,99979.82,False,80
2026-05-26,261,261,google-trends-surge-in-luxury-good-searches,crazy,Google Trends Surge In Luxury Good Searches,-0.02,10.17,-10.19,99979.84,False,91
2026-05-26,262,262,natural-gas-futures-volatility-pump-rotation,crazy,Natural Gas Futures Volatility Pump Rotation,-0.02,10.17,-10.19,99979.83,False,84
2026-05-26,263,263,regional-earthquake-cluster-insurance-demand-spike,crazy,Regional Earthquake Cluster Insurance Demand Spike,-0.02,10.17,-10.19,99975.83,False,84
2026-05-26,264,264,temperature-extremes-power-demand-spike-utility-boost,crazy,Temperature Extremes Power Demand Spike Utility Boost,-0.02,10.17,-10.19,99979.82,False,99
2026-05-26,265,265,weather-extreme-disruption-energy-demand-spike,crazy,Weather Extreme Disruption Energy Demand Spike,-0.02,10.17,-10.19,99979.82,False,79
2026-05-26,266,266,weather-extremes-utility-demand-spike,crazy,Weather Extremes Utility Demand Spike,-0.02,10.17,-10.19,99979.82,False,83
2026-05-26,267,267,weekly-google-trends-spike-in-searches-for-food-supply-chain,crazy,Weekly Google Trends Spike In Searches For Food Supply Chain Disruptions,-0.02,10.17,-10.19,99979.83,False,86
2026-05-26,268,268,weekly-google-trends-surge-in-home-appliance-repair-searches,crazy,Weekly Google Trends Surge In Home Appliance Repair Searches Signals Bullish Consumer Discretionary,-0.02,10.17,-10.19,99982.54,False,94
2026-05-26,269,270,weekly-rise-in-travelmobility-google-trends-for-last-minute-,crazy,Weekly Rise In Travelmobility Google Trends For Last Minute Flight Booking Signals Near-term Travel Demand Rebound,-0.02,10.17,-10.19,99979.84,False,67
2026-05-26,270,272,daily-spike-in-google-trends-for-home-air-purifier-repair-si,crazy,Daily Spike In Google Trends For Home Air Purifier Repair Signals Consumer Stress Rebound In Discretionary Sector,-0.03,10.17,-10.2,99971.86,False,92
2026-05-26,271,269,weekly-jump-in-rss-news-counts-for-coal-shortage-signals-inp,crazy,Weekly Jump In Rss News Counts For Coal Shortage Signals Input Cost Pressure In Materials,-0.03,10.17,-10.19,99973.9,False,76
2026-05-26,272,273,weekly-spike-in-google-trends-for-electric-vehicle-battery-r,crazy,Weekly Spike In Google Trends For Electric Vehicle Battery Replacement Signals Consumer Stress Lifting Industrial Sector,-0.03,10.17,-10.2,99969.08,False,85
2026-05-26,273,271,weekly-surge-in-google-trends-for-diy-plumbing-repair-signal,crazy,Weekly Surge In Google Trends For Diy Plumbing Repair Signals Consumer Stress Rebound,-0.03,10.17,-10.19,99974.29,False,95
2026-05-26,274,274,consumer-discretionary-google-trends-surge-for-sale-keywords,crazy,Consumer Discretionary Google Trends Surge For Sale Keywords,-0.04,10.17,-10.21,99960.96,False,107
2026-05-26,275,276,weekly-spike-in-earthquake-activity-in-port-regions-signals-,crazy,Weekly Spike In Earthquake Activity In Port Regions Signals Potential Freight Logistics Disruption,-0.04,10.17,-10.21,99955.02,False,81
2026-05-26,276,277,commodity-shortage-news-volume-burst,crazy,Commodity Shortage News Volume Burst,-0.05,10.17,-10.22,99945.38,False,79
2026-05-26,277,278,daily-jump-in-rss-news-counts-for-labor-union-strikes-in-tra,crazy,Daily Jump In Rss News Counts For Labor Union Strikes In Transportation Sector,-0.05,10.17,-10.22,99950.96,False,78
2026-05-26,278,279,daily-spike-in-rss-news-counts-on-corporate-dividend-cuts,crazy,Daily Spike In Rss News Counts On Corporate Dividend Cuts,-0.05,10.17,-10.22,99949.51,False,76
2026-05-26,279,275,real-estate-sector-weekly-google-trends-home-buying-surge,crazy,Real Estate Sector Weekly Google Trends Home Buying Surge,-0.05,10.17,-10.21,99954.77,False,111
2026-05-26,280,280,weekly-surge-in-google-trends-for-diy-car-maintenance-signal,crazy,Weekly Surge In Google Trends For Diy Car Maintenance Signals Rising Auto Sector Interest,-0.05,10.17,-10.22,99939.58,False,77
2026-05-26,281,281,weekly-surge-in-google-trends-for-tech-stock-selloff-signals,crazy,Weekly Surge In Google Trends For Tech Stock Selloff Signals Rotation To Defensive Sectors,-0.05,10.17,-10.22,99950.21,False,70
2026-05-26,282,282,earthquake-aftershock-capital-flight,crazy,Earthquake Aftershock Capital Flight,-0.06,10.17,-10.23,99937.78,False,68
2026-05-26,283,283,eia-electricity-demand-shock-rebound-spread,crazy,Eia Electricity Demand Shock Rebound Spread,-0.06,10.17,-10.23,99940.31,False,92
2026-05-26,284,284,travel-booking-momentum-divergence,crazy,Travel Booking Momentum Divergence,-0.06,10.17,-10.23,99943.44,False,85
2026-05-26,285,285,utility-power-grid-stress,crazy,Utility Power Grid Stress,-0.06,10.17,-10.23,99938.31,False,111
2026-05-26,286,286,daily-spike-in-google-trends-for-emergency-dental-care-signa,crazy,Daily Spike In Google Trends For Emergency Dental Care Signals Consumer Stress Impacting Health Sector,-0.07,10.17,-10.24,99927.72,False,85
2026-05-26,287,287,daily-spike-in-google-trends-for-gas-station-cash-only-searc,crazy,Daily Spike In Google Trends For Gas Station Cash Only Searches Indicates Consumer Payment Stress,-0.07,10.17,-10.24,99929.36,False,68
2026-05-26,288,288,daily-spike-in-rss-news-counts-around-labor-union-contract-n,crazy,Daily Spike In Rss News Counts Around Labor Union Contract Negotiation Signals Bearish Xlf,-0.07,10.17,-10.24,99929.55,False,99
2026-05-26,289,289,electricity-demand-spike-during-extreme-cold-snap-triggers-u,crazy,Electricity Demand Spike During Extreme Cold Snap Triggers Utility Sector Rally,-0.07,10.17,-10.24,99927.69,False,81
2026-05-26,290,290,weekly-rise-in-google-trends-for-unemployment-benefits-searc,crazy,Weekly Rise In Google Trends For Unemployment Benefits Searches Signals Labor Market Stress,-0.07,10.17,-10.24,99932.89,False,68
2026-05-26,291,291,daily-spike-in-google-trends-searches-for-electric-vehicle-b,crazy,Daily Spike In Google Trends Searches For Electric Vehicle Battery Replacement,-0.08,10.17,-10.25,99921.33,False,86
2026-05-26,292,292,healthcare-sector-google-trends-spike-in-flu-symptoms,crazy,Healthcare Sector Google Trends Spike In Flu Symptoms,-0.08,10.17,-10.25,99917.38,False,107
2026-05-26,293,293,weekly-increase-in-usgs-earthquake-activity-within-key-logis,crazy,Weekly Increase In Usgs Earthquake Activity Within Key Logistics Hubs Signals Potential Freight Delays,-0.08,10.17,-10.25,99923.09,False,84
2026-05-26,294,294,weekly-surge-in-google-trends-searches-for-truck-driver-stri,crazy,Weekly Surge In Google Trends Searches For Truck Driver Strike Signals Imminent Logistics Disruption,-0.08,10.17,-10.25,99922.61,False,84
2026-05-26,295,295,bank-stress-index-volatility-fear-crush-reversal,crazy,Bank Stress Index Volatility Fear Crush Reversal,-0.09,10.17,-10.26,99910.26,False,99
2026-05-26,296,296,daily-jump-in-google-trends-searches-for-home-renovation-per,crazy,Daily Jump In Google Trends Searches For Home Renovation Permits,-0.09,10.17,-10.26,99911.81,False,86
2026-05-26,297,297,daily-spike-in-google-trends-for-diy-home-security-installat,crazy,Daily Spike In Google Trends For Diy Home Security Installation Signals Consumer Tech Caution,-0.09,10.17,-10.26,99906.95,False,68
2026-05-26,298,299,financial-sector-volatility-crush-trade,crazy,Financial Sector Volatility Crush Trade,-0.09,10.17,-10.26,99910.26,False,94
2026-05-26,299,300,retail-roulette,crazy,Retail Roulette,-0.09,10.17,-10.26,99913.43,False,109
2026-05-26,300,301,weekly-rise-in-rss-count-for-labor-strike-news-signals-indus,crazy,Weekly Rise In Rss Count For Labor Strike News Signals Industrial Sector Risk,-0.09,10.17,-10.26,99908.47,False,81
2026-05-26,301,302,daily-spike-in-google-trends-for-emergency-childcare-searche,crazy,Daily Spike In Google Trends For Emergency Childcare Searches Signals Working Parent Stress,-0.1,10.17,-10.27,99893.36,False,68
2026-05-26,302,298,daily-spike-in-google-trends-for-emergency-plumber-near-me-s,crazy,Daily Spike In Google Trends For Emergency Plumber Near Me Signals Consumer Stress Lifting Home Repair Demand,-0.1,10.17,-10.26,99903.93,False,76
2026-05-26,303,303,daily-spike-in-rss-news-counts-mentioning-politician-insider,crazy,Daily Spike In Rss News Counts Mentioning Politician Insider Buying Tech Stock Signals Bullish Xlk,-0.11,10.17,-10.28,99886.48,False,99
2026-05-26,304,304,earthquake-activity-surge-triggers-defensive-rotation,crazy,Earthquake Activity Surge Triggers Defensive Rotation,-0.11,10.17,-10.28,99890.67,False,67
2026-05-26,305,306,port-congestion-squeeze,crazy,Port Congestion Squeeze,-0.11,10.17,-10.28,99891.9,False,111
2026-05-26,306,307,shipping-container-squeeze-play,crazy,Shipping Container Squeeze Play,-0.11,10.17,-10.28,99886.83,False,102
2026-05-26,307,308,weekly-google-trends-spike-for-diy-car-repair-signals-bullis,crazy,Weekly Google Trends Spike For Diy Car Repair Signals Bullish Xly,-0.11,10.17,-10.28,99892.81,False,96
2026-05-26,308,305,ev-charger-network-expansion-sentiment-surge,crazy,Ev Charger Network Expansion Sentiment Surge,-0.12,10.17,-10.28,99884.44,False,82
2026-05-26,309,310,insider-trading-signals,crazy,Insider Trading Signals,-0.12,10.17,-10.29,99876.81,False,113
2026-05-26,310,311,weekly-surge-in-job-postings-for-warehouse-workers-signals-b,crazy,Weekly Surge In Job Postings For Warehouse Workers Signals Bullish Xli,-0.12,10.17,-10.29,99881.9,False,99
2026-05-26,311,309,daily-surge-in-rss-news-counts-for-new-labor-union-formation,crazy,Daily Surge In Rss News Counts For New Labor Union Formations Signals Labor Market Pressure On Industrial Sector,-0.13,10.17,-10.29,99874.81,False,81
2026-05-26,312,312,google-trends-surge-in-mortgage-refinance-calculator-signals,crazy,Google Trends Surge In Mortgage Refinance Calculator Signals Rate-sensitive Financial Stress,-0.13,10.17,-10.3,99857.8,False,77
2026-05-26,313,313,oil-price-momentum-reversal-energy-sector-bounce,crazy,Oil Price Momentum Reversal Energy Sector Bounce,-0.13,10.17,-10.3,99867.3,False,96
2026-05-26,314,315,seismic-activity-construction-halt-signal,crazy,Seismic Activity Construction Halt Signal,-0.14,10.17,-10.31,99861.92,False,102
2026-05-26,315,314,tremor-tension,crazy,Tremor Tension,-0.14,10.17,-10.3,99864.21,False,109
2026-05-26,316,317,daily-spike-in-google-trends-for-emergency-dental-surgery-si,crazy,Daily Spike In Google Trends For Emergency Dental Surgery Signals Healthcare Consumer Stress,-0.16,10.17,-10.33,99840.86,False,78
2026-05-26,317,316,daily-jump-in-google-trends-searches-for-job-quitting-signal,crazy,Daily Jump In Google Trends Searches For Job Quitting Signals Labor Market Tightness Benefiting Consumer Discretionary,-0.17,10.17,-10.33,99834.55,False,81
2026-05-26,318,320,daily-surge-in-google-trends-for-electric-bike-repair-signal,crazy,Daily Surge In Google Trends For Electric Bike Repair Signals Bullish Consumer Discretionary,-0.17,10.17,-10.34,99828.7,False,80
2026-05-26,319,318,utilities-sector-negative-price-gap-fill,crazy,Utilities Sector Negative Price Gap Fill,-0.17,10.17,-10.33,99834.86,False,107
2026-05-26,320,319,xlu-daily-electricity-demand-surge,crazy,Xlu Daily Electricity Demand Surge,-0.17,10.17,-10.33,99834.76,False,109
2026-05-26,321,321,daily-jump-in-google-trends-for-home-appliance-repair-signal,crazy,Daily Jump In Google Trends For Home Appliance Repair Signals Consumer Stress Lifting Consumer Staples,-0.19,10.17,-10.36,99795.5,False,81
2026-05-26,322,322,daily-jump-in-google-trends-searches-for-emergency-dental-ca,crazy,Daily Jump In Google Trends Searches For Emergency Dental Care,-0.19,10.17,-10.36,99812.18,False,86
2026-05-26,323,323,luxury-discretionary-google-trends-collapse-signal,crazy,Luxury Discretionary Google Trends Collapse Signal,-0.19,10.17,-10.36,99811.09,False,83
2026-05-26,324,324,daily-spike-in-laborjobs-google-trends-for-temporary-job-ope,crazy,Daily Spike In Laborjobs Google Trends For Temporary Job Openings Signals Labor Market Tightening And Industrial Strength,-0.2,10.17,-10.37,99798.88,False,67
2026-05-26,325,325,daily-spike-in-rss-counts-for-cybersecurity-breach-news-trig,crazy,Daily Spike In Rss Counts For Cybersecurity Breach News Triggers Bearish Xlk,-0.2,10.17,-10.37,99800.61,False,99
2026-05-26,326,326,wage-growth-demand-surge-fast-food-google-trends,crazy,Wage Growth Demand Surge Fast Food Google Trends,-0.2,10.17,-10.37,99799.52,False,95
2026-05-26,327,327,renewable-energy-investment-thesis-rebound-from-policy-senti,crazy,Renewable Energy Investment Thesis Rebound From Policy Sentiment Surge,-0.21,10.17,-10.38,99787.44,False,70
2026-05-26,328,329,daily-spike-in-daily-earthquake-activity-near-major-logistic,crazy,Daily Spike In Daily Earthquake Activity Near Major Logistics Hubs Signals Bearish Xli,-0.22,10.17,-10.39,99775.64,False,99
2026-05-26,329,330,rss-news-volume-spike-on-food-supply-chain-disruptions,crazy,Rss News Volume Spike On Food Supply Chain Disruptions,-0.22,10.17,-10.39,99777.64,False,91
2026-05-26,330,328,weekly-surge-in-google-trends-for-hotel-room-shortage-signal,crazy,Weekly Surge In Google Trends For Hotel Room Shortage Signals Travel Sector Tightness,-0.22,10.17,-10.38,99784.01,False,95
2026-05-26,331,331,weekly-surge-in-google-trends-searches-for-city-water-outage,crazy,Weekly Surge In Google Trends Searches For City Water Outage Signals Bearish Xlre,-0.22,10.17,-10.39,99773.32,False,99
2026-05-26,332,332,weekly-google-trends-surge-in-energy-bill-shock-signals-cons,crazy,Weekly Google Trends Surge In Energy Bill Shock Signals Consumer Stress Impacting Utilities,-0.23,10.17,-10.4,99772.53,False,95
2026-05-26,333,333,weekly-google-trends-surge-in-home-energy-bill-shock-signals,crazy,Weekly Google Trends Surge In Home Energy Bill Shock Signals Bullish Utilities,-0.23,10.17,-10.4,99772.53,False,94
2026-05-26,334,334,weekly-surge-in-google-trends-searches-for-commuting-strike-,crazy,Weekly Surge In Google Trends Searches For Commuting Strike Signals Bearish Xly,-0.23,10.17,-10.4,99771.28,False,99
2026-05-26,335,335,electricity-enlightenment,crazy,Electricity Enlightenment,-0.26,10.17,-10.43,99740.98,False,109
2026-05-26,336,336,daily-jump-in-google-trends-for-emergency-dental-care-signal,crazy,Daily Jump In Google Trends For Emergency Dental Care Signals Consumer Stress Lifting Healthcare Sector Demand,-0.27,10.17,-10.44,99732.03,False,81
2026-05-26,337,337,industrial-sector-weekly-earthquake-activity-correlation-dip,crazy,Industrial Sector Weekly Earthquake Activity Correlation Dip,-0.29,10.17,-10.46,99707.89,False,107
2026-05-26,338,338,weekly-surge-in-google-trends-for-inflation-hedge-gold-signa,crazy,Weekly Surge In Google Trends For Inflation Hedge Gold Signals Bullish Xlb,-0.29,10.17,-10.46,99696.68,False,96
2026-05-26,339,339,xlb-weekly-rss-news-count-spike-on-commodity-shortage,crazy,Xlb Weekly Rss News Count Spike On Commodity Shortage,-0.3,10.17,-10.47,99701.96,False,109
2026-05-26,340,340,google-trends-surge-in-logistics-job-openings-signals-labor-,crazy,Google Trends Surge In Logistics Job Openings Signals Labor Shortage In Freight,-0.31,10.17,-10.48,99675.81,False,77
2026-05-26,341,341,misery-rotation,crazy,Misery Rotation,-0.31,10.17,-10.48,99689.34,False,113
2026-05-26,342,342,news-sentiment-rotation-fade-trade,crazy,News Sentiment Rotation Fade Trade,-0.31,10.17,-10.48,99693.02,False,102
2026-05-26,343,343,weekly-spike-in-freight-container-volumes-at-east-coast-port,crazy,Weekly Spike In Freight Container Volumes At East Coast Ports Signals Industrial Sector Strength,-0.31,10.17,-10.48,99685.48,False,82
2026-05-26,344,344,port-container-volume-surge-signals-import-demand-recovery-a,crazy,Port Container Volume Surge Signals Import Demand Recovery And Consumer Spending Rebound,-0.32,10.17,-10.49,99679.86,False,81
2026-05-26,345,345,weekly-spike-in-google-trends-for-home-cooling-failure-signa,crazy,Weekly Spike In Google Trends For Home Cooling Failure Signals Bearish Xlu,-0.32,10.17,-10.49,99677.56,False,99
2026-05-26,346,346,daily-spike-in-consumerstress-google-trends-for-rent-late-pa,crazy,Daily Spike In Consumerstress Google Trends For Rent Late Payment Signals Financial Strain Impacting Discretionary Sector,-0.33,10.17,-10.5,99666.92,False,67
2026-05-26,347,347,weekly-rise-in-google-trends-interest-for-food-delivery-dela,crazy,Weekly Rise In Google Trends Interest For Food Delivery Delay Signals Bearish Xlp,-0.34,10.17,-10.51,99656.17,False,99
2026-05-26,348,348,daily-surge-in-google-trends-searches-for-electric-vehicle-c,crazy,Daily Surge In Google Trends Searches For Electric Vehicle Charging Station Outages,-0.35,10.17,-10.52,99651.01,False,86
2026-05-26,349,349,grocery-store-foot-traffic-collapse-signal,crazy,Grocery Store Foot Traffic Collapse Signal,-0.35,10.17,-10.52,99653.74,False,102
2026-05-26,350,351,attention-sentiment-spike-daily-surge-in-news-rss-counts-men,crazy,Attention Sentiment Spike Daily Surge In News Rss Counts Mentioning Cyberattack Triggers Bullish Xlc,-0.36,10.17,-10.53,99642.38,False,101
2026-05-26,351,350,xle-weekly-drawdown-rebound-signal,crazy,Xle Weekly Drawdown Rebound Signal,-0.36,10.17,-10.52,99644.75,False,109
2026-05-26,352,352,healthcare-cost-shock-google-search-spike,crazy,Healthcare Cost Shock Google Search Spike,-0.37,10.17,-10.54,99617.84,False,102
2026-05-26,353,353,daily-jump-in-google-trends-for-emergency-plumber-near-me-si,crazy,Daily Jump In Google Trends For Emergency Plumber Near Me Signals Consumer Home Repair Stress,-0.41,10.17,-10.58,99592.43,False,77
2026-05-26,354,354,weekly-google-trends-surge-in-fast-food-job-openings-signals,crazy,Weekly Google Trends Surge In Fast Food Job Openings Signals Bullish Consumer Discretionary,-0.41,10.17,-10.58,99588.51,False,94
2026-05-26,355,355,xlc-weekly-google-trends-surge-in-5g-rollout,crazy,Xlc Weekly Google Trends Surge In 5g Rollout,-0.41,10.17,-10.58,99592.39,False,109
2026-05-26,356,356,daily-spike-in-google-trends-for-emergency-plumbing-repair-s,crazy,Daily Spike In Google Trends For Emergency Plumbing Repair Signals Consumer Stress Rebound Benefiting Discretionary Sector,-0.42,10.17,-10.59,99572.85,False,92
2026-05-26,357,357,google-gusts,crazy,Google Gusts,-0.42,10.17,-10.59,99581.65,False,109
2026-05-26,358,358,mortgage-rate-housing-proxy,crazy,Mortgage Rate Housing Proxy,-0.42,10.17,-10.59,99577.85,False,113
2026-05-26,359,359,daily-rise-in-freightlogistics-google-trends-for-truck-drive,crazy,Daily Rise In Freightlogistics Google Trends For Truck Driver Shortage Signals Industrial Sector Labor Supply Constraint,-0.52,10.17,-10.69,99479.87,False,67
2026-05-26,360,360,healthcare-cost-google-trends-acceleration-index,crazy,Healthcare Cost Google Trends Acceleration Index,-0.53,10.17,-10.7,99466.5,False,91
2026-05-26,361,361,daily-jump-in-google-trends-for-emergency-hvac-repair-signal,crazy,Daily Jump In Google Trends For Emergency Hvac Repair Signals Consumer Home Repair Stress,-0.56,10.17,-10.73,99442.23,False,78
2026-05-26,362,362,biscotti-crazy,crazy,Algo Biscotti (Unconditional Loyalty) (alt),-0.58,10.17,-10.75,99416.79,False,113
2026-05-26,363,363,consumer-sentiment,crazy,Consumer Sentiment,-0.59,10.17,-10.75,99414.98,False,113
2026-05-26,364,364,daily-jump-in-google-trends-searches-for-home-water-heater-r,crazy,Daily Jump In Google Trends Searches For Home Water Heater Repair Signals Consumer Stress Lifting Xly,-0.61,10.17,-10.78,99385.03,False,93
2026-05-26,365,365,lumber-momentum,crazy,Lumber Momentum,-0.66,10.17,-10.83,99342.77,False,113
2026-05-26,366,366,copper-momentum,crazy,Copper Momentum,-0.68,10.17,-10.85,99321.3,False,113
2026-05-26,367,367,finra-dark-pool-signal,crazy,FINRA Dark Pool Signal,-0.75,10.17,-10.92,99245.14,False,104
2026-05-26,368,368,weekly-surge-in-google-trends-searches-for-diy-home-repair-s,crazy,Weekly Surge In Google Trends Searches For Diy Home Repair Signals Consumer Stress Lifting Xly,-0.79,10.17,-10.96,99212.48,False,101
2026-05-26,369,369,biscotti,normal,Algo Biscotti (Unconditional Loyalty),-0.89,10.17,-11.06,99107.53,False,114
2026-05-26,370,370,port-container-volume,crazy,Port Container Volume,-1.06,10.17,-11.23,98939.31,False,113
2026-05-26,371,371,liquor,crazy,Liquor Store Leading Indicator,-1.13,10.17,-11.3,98873.07,False,113
2026-05-26,372,372,vix-fear-rotation,crazy,VIX Fear Rotation,-1.17,10.17,-11.34,98825.05,False,104
2026-05-26,373,373,electricity-consumption,crazy,Electricity Consumption,-4.84,10.17,-15.01,95161.33,False,113
2026-05-26,374,374,baileymol-crazy,crazy,Chaos Rotation Lab,-6.08,10.17,-16.25,93916.73,False,113
